CustomerID;Name;Gender;Age;City;Signup_Date;Last_purchase_date; purchase_amount ;feedback_score;email;Phone_number;Phone_numbre_10_digits;Country
;Ankit;Female;36;Mumbai;31/12/2024;13/8/2025;;2;;;;Canada
C2;Ravi;Female;;Kolkata;;;;1;user1mail.com;;;Canada
C3;Ravi;Female;66;Ahmedabad;;20/6/2023;;10;user2@mail.com;;;India
C4;Ankit;Male;44;Kolkata;;13/9/2025;;;;9316267914;9316267914;USA
C5;Rahul;Male;;Ahmedabad;9/7/2025;;;;user4mail.com;923463292;0923463292;USA
C6;Amit;;64;Mumbai;;;;5;;;;UK
C7;Kiran;;;Pune;;;;;user6mail.com;;;Australia
C8;Rahul;;;Delhi;;15/11/2021;;10;user7@mail.com;;;Canada
C9;Simran;Female;;Pune;;;;1;;;;India
C10;Simran;;;Pune;18/12/2023;;887.49;10;user9mail.com;;;Canada
;Ankit;;24;Chennai;;;;1;user10mail.com;;;
C12;Ravi;Male;;Hyderabad;29/5/2025;20/3/2021;2712.5;3;;;;UK
C13;Rahul;Male;;Bangalore;;;2822;1;user12@mail.com;;;Australia
C14;Ravi;;;Mumbai;15/12/2024;26/3/2022;;1;;;;USA
C15;Kiran;;62;;16/10/2022;4/12/2025;;5;;9614759;0009614759;USA
;;Female;30;Pune;;;;;user15mail.com;;;Canada
C17;Pooja;Male;;Pune;18/12/2021;11/11/2022;509.03;5;;;;India
C18;Priya;Female;;Ahmedabad;;10/10/2021;1582.43;;user17mail.com;;;UK
C19;Sneha;;38;Pune;7/1/2023;;;1;user18mail.com;;;
C20;Simran;Male;;Pune;21/7/2021;6/7/2024;938.55;1;;9533545457;9533545457;Canada
C21;;Female;26;Mumbai;28/6/2021;;;2;;972985722;0972985722;USA
C22;Ravi;Male;;Kolkata;;;;;user21@mail.com;9164267579;9164267579;
C23;Rahul;Male;;Bangalore;28/5/2022;;;;;;;Australia
C24;Kiran;Male;;Chennai;;;;10;user23mail.com;;;
;Ankit;Female;;Hyderabad;;;;4;;;;Australia
C26;Simran;Female;;Kolkata;17/7/2025;5/9/2020;1250.98;;;;;UK
;Kiran;;;Kolkata;28/5/2024;14/11/2020;4772.57;4;user26mail.com;;;UK
C28;Neha;Female;;Ahmedabad;;30/5/2022;84.02;2;user27mail.com;969339416;0969339416;Australia
C29;;;47;Hyderabad;;;;2;user28@mail.com;;;
C30;Simran;;;Pune;11/10/2022;13/6/2024;;10;;;;India
C31;Sneha;;21;Mumbai;28/2/2025;;;10;user30mail.com;9919454989;9919454989;USA
;Rahul;Female;;;;9/5/2024;41.61;;;;;Canada
C33;Ravi;;;Chennai;30/11/2025;23/1/2024;;4;user32mail.com;;;
;;Male;;Kolkata;16/4/2023;6/4/2023;;;;92817545;0092817545;Canada
C35;Pooja;Male;;;31/5/2023;;1380.12;;;;;India
C36;Rahul;Male;;Delhi;26/9/2024;;;;;;;Australia
C37;Rahul;Male;;Pune;;18/5/2025;;1;user36@mail.com;9168733414;9168733414;
C38;Kiran;Female;;Mumbai;;3/12/2025;;1;user37mail.com;;;India
C39;Ankit;Male;;Pune;12/10/2025;;870.32;1;;;;UK
C40;Rahul;Male;;;26/6/2024;;;1;;;;India
C41;Ravi;;42;Ahmedabad;8/1/2023;;;1;;;;Canada
;Simran;Female;;;;;;1;user41@mail.com;;;Canada
C43;Kiran;Female;;;;;1719.83;5;user42mail.com;;;Australia
;Kiran;Female;50;Chennai;13/11/2024;;;1;;;;Australia
C45;Neha;Female;;Chennai;7/12/2022;;3631.99;1;;;;Australia
;Neha;Female;67;Ahmedabad;;1/7/2022;1661.36;1;user45mail.com;;;USA
C47;Rahul;Male;47;Mumbai;25/10/2024;;;10;;9948993;0009948993;India
C48;;Female;;Pune;;8/4/2022;;3;;;;India
C49;Sneha;Male;22;Mumbai;;15/3/2024;;5;user48@mail.com;;;Australia
C50;Sneha;Female;38;Delhi;;;3841.35;1;;912598338;0912598338;
;;Female;;Kolkata;;;;1;;;;Canada
C52;;Male;52;;;;;;;9821999811;9821999811;UK
C53;Rahul;Male;24;;;14/6/2024;;;user52@mail.com;9246223934;9246223934;UK
C54;Sneha;Female;;Mumbai;25/7/2021;;3147.13;;;;;Australia
C55;Amit;Male;;Pune;;;4911.38;1;;;;Australia
C56;Rahul;Female;;Chennai;;;;1;;;;USA
C57;Ravi;Male;;Hyderabad;;28/7/2021;;1;;;;India
;Pooja;Female;;Chennai;24/9/2023;;;1;;928493774;0928493774;Canada
C59;Simran;Female;;Mumbai;;;;1;user58mail.com;;;Canada
;;Male;57;Kolkata;;;4812.75;10;;;;
C61;Pooja;Female;59;Kolkata;;;;1;;;;Canada
;;Male;;Kolkata;12/4/2024;21/1/2026;;4;;;;Australia
C63;Pooja;;;Ahmedabad;;;176.23;1;user62@mail.com;;;
C64;Ankit;Male;;Ahmedabad;;;;10;user63@mail.com;;;USA
C65;Simran;;;Delhi;;;940.07;1;user64mail.com;;;USA
C66;Priya;;23;Ahmedabad;25/8/2025;;659.47;10;user65@mail.com;;;USA
C67;Simran;Male;;Ahmedabad;;;;1;;967788975;0967788975;USA
C68;;Female;;Mumbai;30/12/2020;;;10;;945576722;0945576722;India
C69;Rahul;Male;;Hyderabad;9/5/2022;18/11/2022;1019.16;3;;9828355744;9828355744;
C70;Amit;Male;;Delhi;25/1/2022;;;4;;;;Canada
C71;Sneha;Male;;Kolkata;23/11/2023;9/6/2023;;10;;;;UK
C72;Sneha;;23;Mumbai;;5/10/2024;;1;user71mail.com;;;Australia
C73;;Female;;Bangalore;13/12/2025;;;10;user72@mail.com;;;
;Simran;Female;;Bangalore;22/9/2023;18/5/2023;;1;user73@mail.com;;;Canada
C75;;Male;68;Mumbai;1/4/2021;;;1;;;;UK
C76;Simran;Female;;Hyderabad;;;1958.1;2;;;;India
;;;;Bangalore;16/6/2021;;;2;user76@mail.com;961832582;0961832582;UK
C78;Amit;;;;20/6/2024;;2267.95;;user77mail.com;;;
C79;Kiran;Female;;;11/11/2020;28/3/2022;;1;;;;India
;Ankit;;;Chennai;11/12/2021;;1517.55;1;user79@mail.com;;;USA
;Rahul;Female;;Delhi;;;;1;;;;UK
C82;Pooja;Male;;Hyderabad;;;477.91;1;user81mail.com;;;Australia
C83;;Male;47;Bangalore;22/11/2025;;1105.17;;;;;Australia
;Priya;Female;;Ahmedabad;;;3720.97;2;;;;Canada
C85;Priya;Male;51;Delhi;;;;;user84mail.com;;;USA
C86;Kiran;Female;;Pune;;;;;;;;UK
C87;;Male;;Kolkata;5/12/2020;;;1;user86@mail.com;;;Canada
C88;Kiran;Male;;Delhi;;;;3;;9697738597;9697738597;Australia
C89;Rahul;;;Hyderabad;;;;10;user88@mail.com;;;
;Ankit;Male;51;Hyderabad;;;;10;;;;USA
C91;Simran;Male;66;;;;;1;user90@mail.com;;;USA
C92;Ankit;;;Delhi;21/7/2025;;2589.13;;;;;UK
C93;Ravi;Female;;Pune;5/12/2023;;;10;;;;India
;;Male;53;Kolkata;;;;1;user93@mail.com;9871388211;9871388211;USA
C95;Amit;Male;;Hyderabad;;;;;;938716416;0938716416;
;Simran;Male;;;3/2/2023;12/10/2020;;10;;;;USA
C97;Simran;Male;;Pune;;;;1;user96@mail.com;9762381262;9762381262;Canada
C98;Kiran;Female;;;;;;1;;;;
C99;Amit;;;Bangalore;;;;5;;9486647874;9486647874;India
C100;Priya;Male;;Pune;;;;1;user99mail.com;;;USA
C101;Neha;;43;Mumbai;;20/2/2022;;3;user100@mail.com;;;India
C102;Pooja;;;Mumbai;15/9/2023;10/5/2022;;;;;;Canada
;Simran;;;Mumbai;;;;10;;;;UK
C104;;Male;;;9/9/2023;22/5/2022;;10;user103@mail.com;;;UK
;Rahul;;;Kolkata;27/7/2021;;;10;;;;USA
C106;Priya;Female;;Delhi;19/2/2023;;;;user105@mail.com;;;
C107;Rahul;Female;;Ahmedabad;26/4/2021;5/6/2024;;;user106mail.com;;;Canada
;Pooja;Male;;Ahmedabad;;;;10;;;;Canada
C109;Ankit;Male;;;;;;10;;;;USA
C110;;;;Delhi;25/10/2021;27/8/2023;;1;;9168583214;9168583214;USA
C111;Simran;;;Bangalore;;;;10;user110@mail.com;;;UK
C112;Simran;Male;;Kolkata;24/10/2024;;;;;;;Australia
;Ravi;;;Pune;22/2/2022;;;10;user112mail.com;;;
C114;;Female;;;24/6/2021;22/7/2024;1520.66;10;;;;
C115;;;;Pune;14/7/2021;;2625.32;;user114@mail.com;;;
;Ravi;Male;;Chennai;;;;2;;9985835755;9985835755;Canada
;Pooja;Male;;Kolkata;7/7/2024;13/5/2025;;1;;;;Australia
C118;Sneha;Male;;;;;;10;;9686175993;9686175993;Canada
C119;Kiran;Male;57;Delhi;7/7/2021;;;5;;;;UK
C120;;;;Delhi;;;;5;;;;USA
C121;;;70;Hyderabad;;;;;;988871758;0988871758;Canada
C122;Sneha;Female;;Pune;;;;1;;;;USA
;Ankit;;;Chennai;;;;;;;;USA
C124;Pooja;Male;;Hyderabad;11/5/2024;;;1;;;;Canada
C125;;Female;;Kolkata;8/6/2024;;;;user124@mail.com;;;Canada
C126;;Male;33;Hyderabad;;;;;;;;USA
;;Male;;Delhi;1/2/2024;;;10;;;;Australia
C128;Ankit;Male;;Pune;7/3/2024;;;1;user127@mail.com;;;India
C129;Ankit;Female;;Hyderabad;;;384.1;;;;;USA
C130;Ravi;Male;46;Ahmedabad;;;;10;;;;USA
;Simran;Male;;Ahmedabad;;;;10;user130mail.com;;;India
C132;Priya;Female;;Ahmedabad;12/6/2021;;;10;;;;India
C133;Ankit;Female;;Chennai;;16/10/2020;101.52;5;user132@mail.com;9652552199;9652552199;
C134;Ankit;Female;;;2/11/2025;19/7/2024;;10;;98497196;0098497196;
C135;Neha;;21;Mumbai;29/5/2021;;3106.84;3;;;;Australia
C136;Ankit;;;Delhi;;4/1/2025;177.15;10;;;;Australia
C137;Sneha;Female;39;Kolkata;11/11/2022;;;;;;;Australia
C138;Ankit;Male;;Ahmedabad;22/6/2021;1/12/2020;;5;user137mail.com;;;USA
C139;Amit;Female;;Hyderabad;23/7/2024;12/1/2021;;1;;;;USA
;Ravi;Male;;Pune;;;4302.36;1;user139mail.com;;;
C141;Neha;;29;Kolkata;;;;10;;;;USA
C142;Amit;Male;67;Kolkata;29/11/2024;;3979.83;;user141@mail.com;;;USA
C143;Rahul;Male;;Delhi;13/5/2025;;;;user142mail.com;;;Australia
C144;Priya;Male;;;13/3/2025;;;;user143mail.com;;;UK
C145;;Female;;;;5/12/2025;;10;;;;
C146;;Male;;Pune;5/5/2021;;819.86;1;user145mail.com;;;USA
;Pooja;Female;;Chennai;;25/1/2021;4938.36;10;;;;Australia
C148;Amit;;68;Chennai;;;;1;;969755735;0969755735;Canada
C149;Rahul;Female;38;Pune;16/3/2025;20/1/2026;;2;user148@mail.com;;;India
C150;Amit;;;Ahmedabad;29/11/2025;;;4;;9843663784;9843663784;Australia
;Kiran;Female;28;;;;;1;user150mail.com;9234375714;9234375714;Canada
;Simran;Female;;Hyderabad;20/7/2021;;;1;;;;
C153;Pooja;Female;;Bangalore;;14/9/2021;;1;;977163816;0977163816;Canada
C154;Amit;Male;;Bangalore;;;;10;user153mail.com;972155538;0972155538;USA
C155;Neha;Male;;Bangalore;;21/12/2025;;10;;;;UK
C156;;Male;35;Hyderabad;11/10/2020;;2102.22;10;;;;India
;Ravi;Male;35;;15/5/2021;;;1;user156mail.com;;;India
C158;Pooja;;;Kolkata;;;3902.94;10;user157@mail.com;;;Australia
C159;Rahul;Female;;Bangalore;11/10/2024;;502.02;1;;;;India
;;;;Mumbai;27/3/2021;12/10/2020;;10;user159@mail.com;;;USA
C161;Pooja;Male;35;;18/11/2023;;;2;user160mail.com;;;India
;Pooja;Female;;Kolkata;5/8/2021;;;10;;989339866;0989339866;USA
C163;Amit;;;Chennai;;;;;user162mail.com;9121774277;9121774277;Canada
C164;Amit;Female;;Pune;18/1/2025;;;;;;;USA
C165;Pooja;;;Kolkata;;9/2/2024;;;;931353789;0931353789;
C166;Rahul;;;Mumbai;;;1368.23;10;user165mail.com;;;UK
;;Male;26;Chennai;28/4/2021;;;10;user166@mail.com;;;USA
;Ravi;Male;;Pune;;;;10;user167@mail.com;;;USA
C169;;;;Hyderabad;23/8/2022;;;5;user168@mail.com;;;
;;Female;;Chennai;;;;10;;;;India
C171;Kiran;;;Hyderabad;24/2/2022;4/6/2024;;5;;;;India
C172;Neha;Female;;Bangalore;24/12/2023;;;10;user171mail.com;9846259798;9846259798;Canada
C173;Simran;Female;;;2/6/2023;;;2;user172mail.com;;;UK
C174;;Female;22;Chennai;6/12/2024;;;;;;;Australia
C175;;Male;;Kolkata;;;;1;user174mail.com;958723499;0958723499;Canada
C176;Kiran;Female;;Chennai;;26/4/2022;;10;;971855566;0971855566;India
C177;Ankit;;;Pune;;26/3/2024;;1;;998832523;0998832523;Canada
C178;Priya;Male;;Bangalore;24/3/2022;;4177.93;10;user177mail.com;;;USA
C179;Neha;;;Delhi;;;3779.89;1;;91135516;0091135516;
;Ankit;Male;;Ahmedabad;;10/6/2023;2578.36;10;user179@mail.com;;;USA
C181;;Female;;;10/6/2022;6/12/2023;;1;user180@mail.com;;;India
C182;;;;;;;;;user181mail.com;;;USA
C183;Pooja;Male;;Delhi;;;;;;;;India
;Simran;Male;;Delhi;;;2530.03;10;user183mail.com;;;Canada
C185;;Male;37;Hyderabad;;;;2;;;;UK
;Ravi;Male;;Bangalore;;;;1;user185@mail.com;;;Australia
C187;Sneha;Female;;Pune;7/12/2020;8/3/2025;3124.58;;user186mail.com;9972896838;9972896838;India
C188;Ankit;;;;;13/4/2023;;1;user187mail.com;923743673;0923743673;
C189;Ravi;;;;2/10/2025;;;;user188mail.com;;;Australia
;Sneha;Male;;Hyderabad;;;;;;9987123952;9987123952;USA
C191;Rahul;Male;44;;20/5/2024;8/9/2023;;3;;929929886;0929929886;Canada
C192;;Female;18;Kolkata;27/9/2024;;3740.72;;;;;Australia
C193;Rahul;;;Delhi;22/10/2023;;;1;;;;India
C194;Amit;Male;;Delhi;12/3/2023;;;10;;9714934659;9714934659;
C195;Kiran;Female;;;23/1/2023;;;10;user194mail.com;;;Canada
C196;Ravi;;58;Hyderabad;11/1/2023;;;1;;;;USA
;Pooja;;62;;25/10/2021;29/1/2023;1644.7;;user196@mail.com;;;India
;Ankit;;;Chennai;;;;10;;;;USA
C199;Simran;Female;;Delhi;24/5/2021;;;10;;;;UK
C200;Simran;Male;22;Pune;;;;4;user199@mail.com;;;
C201;Kiran;Male;;Mumbai;;4/5/2022;2647.56;1;user200@mail.com;;;India
;Ankit;Male;;Kolkata;;;709.67;1;;;;UK
C203;Ankit;Male;;Hyderabad;;7/2/2024;3829.56;;;;;
;Sneha;Male;;Hyderabad;;;;;user203@mail.com;;;USA
C205;;Female;;Mumbai;21/12/2025;;;5;user204@mail.com;9791865466;9791865466;
C206;Priya;Male;;Pune;;;;2;;;;UK
C207;Simran;Male;;Kolkata;24/8/2024;;;1;;;;Australia
C208;Sneha;;70;Ahmedabad;16/2/2023;30/11/2021;;1;;;;Canada
C209;Pooja;Female;28;Chennai;;26/7/2021;;10;;93966469;0093966469;
C210;;Female;;Kolkata;;;;10;;;;USA
C211;Sneha;Female;;Hyderabad;27/1/2023;;;10;user210@mail.com;927615532;0927615532;
;Ankit;Male;68;;;;;;;984622586;0984622586;Australia
C213;;Male;;Mumbai;;;;;user212mail.com;955365883;0955365883;
C214;Kiran;Male;;Bangalore;3/11/2020;;;;;;;Australia
C215;;Male;;Hyderabad;;28/5/2025;;;user214@mail.com;941632753;0941632753;Australia
;;Male;;Ahmedabad;19/2/2022;22/6/2025;;10;user215@mail.com;;;USA
C217;Pooja;Female;;Pune;20/8/2020;;3742.84;;;;;Canada
;Ankit;Female;;Ahmedabad;8/11/2023;;;;user217@mail.com;9811991281;9811991281;Australia
C219;;Female;30;Ahmedabad;4/8/2021;14/1/2021;;2;user218mail.com;9917761214;9917761214;
C220;Amit;Male;65;Ahmedabad;;;909.91;1;;;;
;Priya;Male;;Ahmedabad;13/9/2024;;;;user220mail.com;;;Canada
C222;Ravi;Male;;Mumbai;26/4/2021;;3141.85;;user221mail.com;;;
C223;Kiran;Male;;Delhi;;11/8/2024;4163.86;1;;;;India
;;Female;18;Kolkata;;24/5/2024;4036.77;3;;997728316;0997728316;
C225;Ravi;Male;;Bangalore;3/3/2025;12/12/2023;;3;;;;UK
C226;Amit;Male;;;;16/2/2021;1994.89;10;;;;Australia
;Kiran;Female;;Pune;9/8/2020;;;10;;;;Canada
C228;Pooja;Male;45;Kolkata;7/10/2024;14/6/2024;;10;;988644184;0988644184;UK
C229;Simran;Female;;Delhi;27/1/2023;;;;user228mail.com;;;
;Amit;Female;;Mumbai;;15/5/2021;;10;user229@mail.com;;;UK
C231;;Male;50;Delhi;;;;;user230@mail.com;;;USA
C232;;Female;;Bangalore;28/12/2020;;;4;;;;Australia
C233;Neha;Male;31;Mumbai;28/3/2023;26/12/2023;;1;user232mail.com;;;USA
C234;;Female;;Bangalore;28/12/2025;;;4;user233@mail.com;;;Canada
C235;Ravi;Male;;Bangalore;;5/3/2022;;10;user234@mail.com;929291513;0929291513;Australia
C236;Ravi;Female;;Bangalore;;;1413.4;2;;;;USA
C237;Ankit;Male;;Mumbai;25/6/2025;;;4;;;;USA
;;Male;;;;;1385.67;3;;977836199;0977836199;Canada
;;;;Pune;;;;3;user238mail.com;;;India
C240;Sneha;Male;64;Mumbai;;27/3/2024;;10;;;;USA
C241;;Male;;Ahmedabad;;;;10;user240mail.com;;;UK
C242;Pooja;Male;;;;29/2/2024;;5;;;;UK
C243;Neha;Female;;Bangalore;2/2/2021;27/7/2025;4995.66;1;user242mail.com;;;
C244;Kiran;Male;;Ahmedabad;6/8/2022;;;10;;;;Australia
C245;Amit;;;Bangalore;13/12/2021;;;1;;;;Canada
C246;Ankit;Female;;;12/9/2023;26/12/2022;;10;user245mail.com;;;Canada
C247;Ankit;Female;;Pune;15/12/2022;;;1;;916769738;0916769738;India
C248;;Male;;Delhi;;4/3/2024;;10;user247mail.com;;;India
;Kiran;Female;;Kolkata;;;;10;;;;
C250;Rahul;Female;;Mumbai;14/8/2021;;4031.03;1;user249mail.com;9822824862;9822824862;Australia
C251;Ravi;Female;58;Mumbai;;6/5/2024;;1;user250mail.com;;;India
C252;Kiran;;;Delhi;16/1/2024;;;1;;;;USA
;Kiran;Female;;Ahmedabad;22/5/2023;;4376.34;1;;935869541;0935869541;India
C254;Simran;Female;;;;;3820.96;1;;928561651;0928561651;USA
C255;Ravi;Female;;Mumbai;8/6/2023;10/2/2022;;10;;;;Australia
;Pooja;Male;;;15/3/2024;2/5/2021;712.93;;;;;
;;Female;;Delhi;;;;10;;9868484957;9868484957;
C258;Sneha;Female;47;Bangalore;;;;;user257mail.com;;;UK
C259;Ravi;Female;;Hyderabad;;;;;;;;USA
C260;Neha;Male;;Pune;;;;10;user259@mail.com;;;UK
C261;Sneha;Male;;;10/4/2023;17/8/2022;2823.08;;;;;USA
C262;Neha;;;;11/4/2021;;1181.7;10;;;;Australia
;Priya;Male;;Delhi;;23/9/2021;2531.66;1;;;;India
;Neha;Female;69;Pune;;;;10;;;;Canada
C265;Ankit;Female;;Ahmedabad;5/3/2021;;;1;user264@mail.com;;;UK
C266;Neha;Male;;Pune;14/11/2022;;;1;user265mail.com;;;USA
C267;Ravi;;;Pune;;;;1;user266mail.com;;;Australia
C268;Kiran;Male;;Chennai;18/11/2025;;;1;;;;India
C269;;Female;;Delhi;4/4/2023;;;1;;;;Canada
C270;;Male;;Pune;;;;1;;;;USA
;Sneha;;;Bangalore;27/2/2023;30/6/2022;;1;;;;
C272;;Male;;Kolkata;4/10/2021;16/7/2023;;5;user271mail.com;;;UK
C273;Simran;;20;Hyderabad;;18/11/2023;2238.05;10;user272mail.com;;;India
C274;;Female;;Mumbai;27/5/2025;9/3/2021;2601;2;user273@mail.com;;;Australia
;Neha;Female;;Ahmedabad;16/2/2025;;993.15;2;;;;India
C276;Pooja;;;Pune;21/12/2024;7/3/2025;2368.71;;;;;USA
C277;Rahul;;37;Delhi;25/1/2022;;;10;user276@mail.com;932487983;0932487983;UK
C278;Pooja;Male;;;;;902.19;10;;9887534385;9887534385;India
C279;Pooja;Male;;Kolkata;;;;10;user278mail.com;;;USA
C280;Neha;Male;;Ahmedabad;;;2128.85;5;;;;Canada
C281;Rahul;Female;;Chennai;5/11/2024;;;4;user280@mail.com;;;Canada
C282;Kiran;Female;;Bangalore;;25/12/2020;4500.88;1;user281@mail.com;99458242;0099458242;UK
C283;;Male;51;Pune;1/11/2021;;;10;user282mail.com;;;
C284;Priya;;;Ahmedabad;;;;4;;;;Canada
C285;Amit;;;Delhi;13/10/2023;;2667.21;1;user284mail.com;;;UK
C286;Priya;Female;;Delhi;24/2/2025;;;1;;9741682924;9741682924;Australia
;Ravi;Male;;Pune;;;;;;;;Australia
;Simran;;;Pune;;14/1/2021;4204.21;10;user287@mail.com;;;Australia
C289;Amit;Female;;Pune;27/7/2024;;;1;;9451561433;9451561433;
;Simran;;40;Hyderabad;23/2/2025;;;;user289@mail.com;;;Australia
C291;;Male;;Hyderabad;;;4281.27;10;;;;USA
C292;Simran;Female;;;;;3142.21;1;;9569213258;9569213258;
;Ankit;Female;;Pune;;16/4/2023;;2;;;;India
C294;Rahul;Male;;Chennai;20/12/2022;;;1;user293mail.com;;;UK
C295;;Male;;Ahmedabad;;;;1;user294@mail.com;;;
;Simran;;;Delhi;11/7/2022;1/3/2025;2901.09;10;;9945374121;9945374121;UK
C297;Sneha;;26;Ahmedabad;;6/3/2025;;5;user296mail.com;;;USA
C298;Simran;Male;61;Delhi;27/2/2024;29/5/2024;;10;;;;USA
C299;Priya;Female;;Pune;26/7/2025;;280.11;4;user298mail.com;;;USA
;Pooja;;;Kolkata;2/12/2025;;;1;user299@mail.com;;;USA
C301;Amit;Male;;Chennai;;;1591.55;5;user300mail.com;;;Australia
C302;Amit;;41;Hyderabad;;;1593.53;1;user301mail.com;9533287625;9533287625;USA
C303;Amit;Female;52;Kolkata;7/7/2024;;;1;;;;USA
C304;Ankit;Female;64;Chennai;13/9/2024;;;1;;;;India
C305;Kiran;Male;;Chennai;4/8/2025;;;1;user304mail.com;;;
;Kiran;Female;70;Bangalore;8/11/2023;;;2;;;;
C307;Ankit;Male;;Chennai;26/12/2022;;;1;user306@mail.com;;;UK
C308;Amit;Male;;Ahmedabad;;;;1;user307mail.com;;;USA
C309;;Male;;Delhi;;;2403.96;1;user308mail.com;;;USA
C310;;Male;;Ahmedabad;26/2/2023;;;;user309@mail.com;;;India
C311;Ravi;Male;;Mumbai;;;;2;;;;India
;Priya;Male;28;Chennai;16/10/2021;9/4/2022;;10;;;;Canada
;Neha;;;Kolkata;;;;10;user312mail.com;9612916888;9612916888;India
C314;Simran;Male;;Mumbai;;;;3;user313@mail.com;;;USA
;Priya;Male;;;;;174.48;;;9234182935;9234182935;Canada
C316;Sneha;Male;;Chennai;;;;5;user315mail.com;;;Canada
C317;Kiran;Female;;Chennai;;;1677.55;1;user316mail.com;;;USA
C318;Ravi;Male;26;Mumbai;;4/4/2022;;1;;;;Australia
C319;Priya;;;;;;3555.67;;;913846997;0913846997;
C320;Amit;;;;30/4/2023;;;10;user319@mail.com;;;India
C321;;Male;;;26/4/2023;;;2;user320mail.com;;;India
C322;;;;Ahmedabad;16/12/2022;13/11/2023;;1;user321@mail.com;;;
;Priya;;;Chennai;;;;1;user322@mail.com;972387759;0972387759;Canada
C324;Neha;;;;15/11/2022;31/12/2024;;10;;927474264;0927474264;India
;;Male;;Pune;6/10/2020;18/10/2022;2294.07;10;;;;Australia
C326;Kiran;Female;;Pune;11/10/2022;;;10;;;;USA
C327;Neha;Male;;Mumbai;;;;5;user326@mail.com;994364996;0994364996;USA
C328;;Female;;Bangalore;27/3/2022;;;1;;;;India
C329;Amit;Male;;Pune;;;;;;;;USA
C330;Rahul;;67;Mumbai;;;;1;;;;USA
C331;Pooja;Female;;Kolkata;;;;3;;;;Canada
C332;Ravi;Male;;Bangalore;;;;1;;;;UK
;Pooja;Female;;Hyderabad;20/2/2025;;;10;;;;India
C334;Ankit;Female;;Bangalore;;;3467.58;2;user333@mail.com;97967128;0097967128;
C335;Pooja;Female;36;Kolkata;;;;;;;;Australia
C336;Kiran;Male;;Hyderabad;9/6/2021;;2013.93;2;user335mail.com;;;
C337;Ankit;Female;68;Chennai;;10/9/2020;;1;user336@mail.com;;;Australia
C338;Kiran;;;Mumbai;10/4/2023;;;;;;;Australia
C339;Rahul;Female;;Kolkata;;;;2;;;;USA
C340;;Female;;Kolkata;;;;1;user339@mail.com;;;USA
C341;Pooja;;;Hyderabad;;;;;;;;Canada
C342;Rahul;Female;;Chennai;25/11/2021;;;10;;9799951183;9799951183;UK
;Ankit;Female;;Hyderabad;;;;;;;;India
C344;Sneha;Female;;Hyderabad;;11/7/2025;;2;;;;Canada
C345;Pooja;Male;;Ahmedabad;;;;1;;;;UK
C346;Pooja;Female;;Bangalore;;3/5/2025;;;user345@mail.com;9368527784;9368527784;Canada
C347;;Male;67;Bangalore;11/7/2023;16/5/2025;;1;user346@mail.com;;;
C348;Amit;Male;;Kolkata;13/7/2021;;;4;;985218326;0985218326;Australia
C349;Ravi;;;Chennai;15/3/2021;3/4/2024;;4;;;;USA
C350;Ravi;Male;;Bangalore;;;4408.13;1;;948349485;0948349485;UK
;Sneha;Female;;Delhi;2/3/2025;;;1;user350mail.com;939625297;0939625297;
C352;Neha;Male;;Hyderabad;;;;10;;964972891;0964972891;UK
C353;Ankit;;;Bangalore;18/1/2026;;;10;;9983356733;9983356733;Australia
C354;Ravi;;;Chennai;;;;10;;;;Canada
C355;;Female;;Pune;;;2209.73;;user354@mail.com;;;Canada
C356;;Male;54;Chennai;22/7/2023;;;10;user355mail.com;;;India
C357;Ankit;Male;;Chennai;26/10/2025;;;10;;95449651;0095449651;USA
C358;Pooja;Female;;Bangalore;;6/9/2022;;1;;953116456;0953116456;Australia
C359;;Male;;Kolkata;;;;10;;981968265;0981968265;USA
;Priya;;53;;;4/12/2023;;;;;;USA
C361;Amit;Female;61;Kolkata;;8/12/2023;;10;;;;Canada
C362;;Female;;Hyderabad;21/7/2021;;3515.46;1;user361mail.com;964426628;0964426628;USA
C363;Simran;Male;;;8/12/2022;;4159.19;;;;;
C364;Neha;;;Ahmedabad;9/10/2021;;;10;user363@mail.com;9722372323;9722372323;USA
C365;Ravi;Male;;;21/12/2023;2/9/2025;;3;;;;
C366;Rahul;Male;;Bangalore;1/11/2021;;2390.33;3;;;;Australia
C367;Rahul;Male;;Bangalore;20/12/2023;;;1;;;;USA
C368;Ravi;;;Chennai;10/12/2020;;;10;;;;Canada
C369;;Female;;Hyderabad;;;;;;9679599583;9679599583;
C370;Rahul;Female;;Hyderabad;30/5/2021;27/11/2023;;10;;;;USA
C371;Ankit;Male;38;Kolkata;24/3/2025;;3489.73;10;;;;India
C372;Neha;Male;;Ahmedabad;;4/10/2025;;;;;;India
C373;Neha;;;Hyderabad;7/5/2025;;;10;user372@mail.com;;;Canada
;Amit;Male;;Ahmedabad;14/1/2021;26/10/2020;;1;user373mail.com;;;
;Pooja;Female;59;;;21/10/2024;;2;;;;Australia
;Simran;Female;;Ahmedabad;;;3757.79;1;;;;India
C377;Ravi;Male;;;27/6/2024;;;;;;;
C378;Kiran;Male;53;Bangalore;4/3/2023;23/9/2023;4732.23;1;;;;Australia
C379;Rahul;Female;21;Bangalore;21/1/2026;1/2/2024;4552.18;;;;;Australia
C380;;;;Hyderabad;22/6/2023;;;10;user379@mail.com;;;Australia
C381;Priya;Female;66;Mumbai;6/10/2021;;;1;;;;
;Ankit;;;Bangalore;;;879.23;1;user381@mail.com;;;USA
C383;Sneha;Male;;Mumbai;;;;10;;;;India
C384;Priya;Female;50;Ahmedabad;30/7/2021;;;;user383@mail.com;9352299173;9352299173;UK
C385;Kiran;Male;;Ahmedabad;;12/12/2024;;;;;;Australia
C386;Ravi;Female;;Mumbai;10/4/2023;;;10;user385@mail.com;;;India
C387;Simran;;;Delhi;26/9/2020;;;1;user386mail.com;;;UK
C388;;;;Delhi;18/6/2023;8/5/2024;;1;user387mail.com;;;Canada
;Ankit;;;Hyderabad;;1/5/2021;2450.4;1;;95764121;0095764121;India
;Ravi;;;Mumbai;;;;5;;;;UK
;Pooja;Male;;Kolkata;;7/6/2022;2137.05;10;;;;Australia
C392;;Male;;Delhi;;;;10;;9938137358;9938137358;Canada
C393;Amit;Female;47;Chennai;;;;10;user392@mail.com;9932172323;9932172323;Australia
C394;Amit;Male;41;Delhi;;;;;user393mail.com;;;UK
C395;Amit;Female;;Delhi;;;;;;;;India
C396;Neha;;;;;;;10;;;;USA
C397;Kiran;;;Pune;;27/3/2024;;10;;;;UK
C398;Neha;;;Pune;16/12/2021;6/8/2020;;1;;;;Australia
C399;Kiran;;;Bangalore;;6/5/2024;;10;;;;
C400;Sneha;;;Mumbai;28/4/2024;8/12/2022;;;;988597252;0988597252;
;;Male;;Delhi;;;1363.09;;user400mail.com;;;Canada
;;Male;;Kolkata;1/9/2025;4/4/2025;;10;;;;Canada
C403;;Female;;Mumbai;15/11/2025;;;10;;;;Australia
C404;Kiran;Male;;Bangalore;;;4857.36;1;user403mail.com;;;UK
;;Female;;Ahmedabad;;;1349.61;1;user404@mail.com;963699635;0963699635;Australia
C406;Kiran;Female;;Mumbai;;;;1;;9992472126;9992472126;India
C407;Kiran;Male;48;Hyderabad;14/1/2021;21/4/2024;;10;;9776477944;9776477944;
C408;Pooja;Female;;Hyderabad;;19/12/2025;;1;;;;UK
;Priya;;;Kolkata;;;;1;;;;Canada
;Simran;Male;69;Delhi;27/12/2020;6/4/2022;;;user409@mail.com;9216644287;9216644287;Canada
C411;Neha;Male;;Mumbai;;;;;;;;Australia
;;Male;48;Mumbai;25/10/2025;;2862.72;10;user411@mail.com;;;Canada
C413;Pooja;Male;;Delhi;4/8/2023;;4728.52;;user412@mail.com;9471325933;9471325933;UK
C414;Ankit;Female;;Chennai;15/10/2025;;;10;user413@mail.com;93831893;0093831893;Canada
C415;Priya;Male;36;Mumbai;27/10/2020;;227.85;;;;;Australia
C416;Sneha;Male;;Ahmedabad;9/12/2023;;;1;;967317327;0967317327;
C417;;Male;59;Kolkata;;;546;1;user416mail.com;;;Canada
;Priya;Female;;Pune;26/10/2024;19/2/2025;;10;user417@mail.com;;;
C419;Kiran;Female;;Pune;1/1/2021;;;10;;;;
;Ankit;Male;;Bangalore;15/4/2025;;3002.44;10;user419mail.com;;;India
;Rahul;Female;;Ahmedabad;;;;10;;;;USA
C422;Ravi;Male;;Chennai;;;;3;;;;
C423;Pooja;;;Kolkata;;;;;;;;UK
C424;Kiran;Female;;;;;1215.44;;user423mail.com;;;
C425;Kiran;Male;;Pune;;3/8/2023;181.6;;;;;Canada
C426;Simran;Male;;Chennai;15/10/2022;8/6/2021;;2;user425@mail.com;9186474131;9186474131;India
C427;Rahul;Male;;Mumbai;;1/3/2022;;10;;;;USA
C428;Sneha;Female;;Pune;13/9/2025;25/12/2021;;1;;9343721344;9343721344;USA
C429;Rahul;;;Chennai;14/8/2022;1/1/2026;2019.54;1;user428@mail.com;947987;0000947987;India
C430;Ravi;Female;;Delhi;;21/6/2025;;10;user429@mail.com;;;Australia
C431;Ankit;;;Ahmedabad;27/12/2023;;;10;user430@mail.com;;;USA
C432;Amit;Female;;Chennai;;;;1;user431mail.com;;;Canada
C433;Pooja;Female;;;20/7/2025;25/3/2023;1280.89;10;;;;India
;Amit;;;Bangalore;;;;3;;;;USA
C435;Neha;Female;;Hyderabad;;;;4;;;;Australia
C436;Pooja;Male;;Mumbai;22/6/2025;;;10;;961945353;0961945353;Australia
C437;Pooja;Female;62;Mumbai;22/1/2022;;;;user436@mail.com;;;Australia
C438;;Female;;Hyderabad;20/6/2023;;;;user437@mail.com;;;UK
;Ravi;Male;39;Mumbai;22/8/2022;;;;user438mail.com;9712444715;9712444715;
C440;Sneha;;;Mumbai;;13/10/2020;2128.29;1;;;;UK
C441;Sneha;;;Pune;6/11/2024;;;10;user440mail.com;;;India
C442;Kiran;Female;;Ahmedabad;;;;;user441@mail.com;;;USA
C443;Pooja;Male;;Bangalore;;;3446.62;1;user442mail.com;;;Canada
C444;Rahul;;35;Bangalore;13/1/2025;;;10;;9118384133;9118384133;India
C445;Sneha;Female;;Hyderabad;29/10/2025;;2701.25;3;;955134338;0955134338;UK
C446;Neha;Female;;Kolkata;9/4/2021;;;10;;;;USA
C447;;;;Chennai;;27/11/2020;1791.03;10;;;;Canada
C448;;Male;;Pune;;8/12/2025;;10;user447mail.com;;;USA
C449;Amit;Female;;Ahmedabad;23/6/2024;;2214.97;1;user448mail.com;;;Australia
;Rahul;Female;;;28/11/2020;6/8/2023;;;;;;
C451;Priya;Female;;Ahmedabad;;20/3/2021;;;user450@mail.com;;;Canada
C452;Amit;Female;;Hyderabad;22/9/2024;;;1;user451mail.com;;;Australia
C453;Neha;;;Kolkata;21/9/2020;;;10;user452mail.com;;;
C454;;Male;50;Ahmedabad;16/11/2022;;;10;;;;Australia
C455;Priya;Male;;Ahmedabad;8/10/2022;;;10;user454mail.com;;;UK
;Ravi;;68;;;;;;user455@mail.com;934863787;0934863787;Canada
C457;Pooja;;;Chennai;;8/11/2021;;3;user456mail.com;9982243436;9982243436;Canada
C458;Amit;Male;37;Kolkata;;;;10;user457mail.com;;;
C459;;Female;;Mumbai;;;389.02;10;;;;
;Ankit;Male;;Ahmedabad;17/7/2023;;;1;user459@mail.com;;;Canada
C461;Amit;;;Mumbai;14/10/2021;;;;;;;USA
;Priya;Male;;Ahmedabad;3/1/2022;;2658.11;3;;;;
;Amit;Female;19;Bangalore;28/9/2022;15/12/2023;;10;user462mail.com;;;USA
;;;;Chennai;;;;1;user463@mail.com;;;Australia
C465;Kiran;Male;;Chennai;1/3/2021;;4279.31;10;;;;UK
C466;Neha;Male;;Chennai;17/9/2024;;;10;user465@mail.com;9275967195;9275967195;Australia
;Ravi;Female;36;Bangalore;18/3/2024;;;2;user466mail.com;9165967242;9165967242;USA
C468;Rahul;Male;;Ahmedabad;;;;1;user467@mail.com;;;UK
;Simran;Male;;Ahmedabad;20/7/2021;17/3/2023;2957.5;;;;;Canada
C470;Neha;Male;;Mumbai;;;;5;;;;India
C471;;Male;;Bangalore;;19/9/2021;3175.84;;;97313968;0097313968;India
C472;Ravi;Male;;Bangalore;;;;1;user471@mail.com;;;UK
C473;;Female;;;;;;10;user472@mail.com;;;Australia
C474;Rahul;Male;;;;;;1;;9423224426;9423224426;USA
C475;Pooja;Female;;Delhi;3/1/2022;;;5;user474mail.com;;;Australia
C476;Kiran;;;Mumbai;18/5/2023;;;1;;9383561333;9383561333;India
;Sneha;Female;;;;;;1;;;;USA
;;;67;Ahmedabad;;;4296.84;1;;933212564;0933212564;Canada
C479;;Female;48;Bangalore;;;;10;user478mail.com;954618254;0954618254;UK
C480;Priya;;;Delhi;;20/1/2024;;2;;9467334474;9467334474;Canada
C481;Ravi;;;Mumbai;4/11/2024;;;;user480mail.com;;;
C482;Priya;Male;;Ahmedabad;6/7/2023;;4515.57;10;;;;USA
C483;Priya;Male;;Ahmedabad;13/5/2021;;;10;user482@mail.com;;;USA
C484;;Male;;;12/2/2023;;4836.39;3;;937214219;0937214219;Australia
;Kiran;;;Pune;17/9/2024;;;;;;;
C486;Neha;Female;;Pune;;;;;user485@mail.com;;;India
C487;Kiran;Male;39;Ahmedabad;;;1368.19;;user486mail.com;;;India
C488;;Female;59;Bangalore;;;;2;;;;Australia
C489;;Female;18;Bangalore;;;3922.33;1;;;;India
C490;Priya;Female;;;25/11/2023;25/10/2021;1342.37;4;user489@mail.com;9352392;0009352392;USA
;Ravi;;30;Kolkata;;;;10;user490mail.com;;;UK
C492;Priya;;;Delhi;;21/10/2023;2104.5;;user491@mail.com;;;Australia
C493;Simran;Female;;;;;4335.51;10;user492mail.com;;;India
C494;Rahul;Male;69;Mumbai;6/2/2022;22/12/2024;3462.2;2;;;;
;Pooja;;;;31/7/2022;;;;;;;UK
C496;Neha;Female;;;5/4/2023;20/12/2023;4364.12;10;;;;Canada
;Ravi;Male;25;Bangalore;1/2/2022;;4359.7;;user496@mail.com;;;UK
C498;Rahul;Male;;Kolkata;;;4592.8;;user497@mail.com;9266611575;9266611575;Canada
;Amit;Male;70;Chennai;14/12/2022;25/2/2025;;;user498@mail.com;;;India
C500;Sneha;Male;;Chennai;27/12/2024;1/8/2021;;;;;;UK
;Simran;;;Ahmedabad;4/2/2024;;;3;user500mail.com;911561291;0911561291;Australia
C502;Kiran;Male;;Kolkata;28/9/2021;;;3;;;;India
C503;Simran;Female;;Mumbai;2/12/2024;23/12/2025;;1;user502mail.com;;;USA
C504;;Male;;;;30/1/2021;2350.28;1;;;;India
C505;Pooja;Male;;Kolkata;5/10/2023;;;;user504@mail.com;;;Canada
C506;Kiran;Male;50;Ahmedabad;16/6/2025;;;;;;;
C507;Sneha;Female;;Pune;16/3/2022;25/8/2022;;10;user506mail.com;;;UK
;Neha;Female;;Mumbai;14/1/2025;;;1;user507@mail.com;;;USA
C509;Ravi;Female;;;;;;1;;;;India
C510;Ravi;;;;6/9/2020;;;10;;;;
C511;Kiran;Female;;Hyderabad;14/8/2020;;2830.18;1;;;;USA
C512;Ankit;Female;;Pune;;;;;user511mail.com;;;Canada
C513;Ravi;Female;;Delhi;;22/7/2024;;;;965371931;0965371931;
C514;Amit;;19;Ahmedabad;20/1/2024;4/9/2024;3961.91;4;;918797968;0918797968;Canada
C515;Sneha;;;Pune;23/5/2022;;;5;user514@mail.com;9525854272;9525854272;
C516;Simran;Female;;Pune;;1/9/2025;;1;user515mail.com;;;Canada
C517;Pooja;Male;53;Hyderabad;;;;;;;;
C518;Simran;Male;;Chennai;18/9/2025;29/11/2020;1132.29;1;;;;UK
C519;Rahul;;41;Pune;;23/10/2025;;10;user518mail.com;;;USA
C520;Kiran;Male;;Hyderabad;;;1231.52;;;;;Canada
C521;Priya;Female;;Ahmedabad;;;;1;;;;Canada
C522;Sneha;;;Chennai;;15/11/2021;;1;;923135283;0923135283;India
C523;Ankit;Male;;Chennai;;;;10;user522mail.com;;;Canada
C524;;Male;;Pune;17/1/2023;;;2;user523mail.com;;;UK
C525;Neha;;;;;;;10;;;;UK
C526;Neha;;49;Bangalore;;22/6/2021;;5;user525@mail.com;;;
C527;Kiran;Female;;Chennai;6/10/2021;;401.06;;user526@mail.com;9523534976;9523534976;USA
;Neha;Male;63;Hyderabad;;14/12/2020;;5;;;;Canada
C529;Amit;;;Chennai;;;;3;;;;
C530;Ravi;;;Pune;;;2150.99;4;user529mail.com;9751971877;9751971877;USA
C531;Pooja;;;Pune;;;;1;;9549743856;9549743856;Australia
C532;Neha;Male;;Mumbai;3/11/2025;18/6/2021;;3;user531mail.com;;;UK
C533;Priya;Female;;;;;4362.63;1;;;;USA
C534;Ankit;Male;;;18/5/2022;7/3/2023;;1;user533mail.com;;;USA
;Kiran;Male;;Pune;2/9/2021;;;1;;;;India
C536;;;;Mumbai;;;;1;user535@mail.com;;;Canada
C537;Ravi;;18;Hyderabad;;;204.48;;user536@mail.com;;;
;Neha;Male;44;Chennai;28/5/2024;;1415.09;;;93367577;0093367577;Australia
C539;Neha;;67;Ahmedabad;;;;;;91423125;0091423125;Canada
C540;Rahul;Female;56;Mumbai;;;;1;user539mail.com;;;UK
C541;;Female;40;Kolkata;;16/11/2023;842.95;;;;;Canada
C542;Kiran;Male;;Bangalore;;;;1;user541@mail.com;;;Australia
;Ravi;;;Hyderabad;;;;;user542mail.com;9393469192;9393469192;USA
C544;Simran;Female;;Kolkata;25/11/2024;15/2/2022;;10;;;;India
C545;Rahul;Male;22;Delhi;15/7/2023;;;;user544mail.com;997531318;0997531318;USA
C546;Ankit;Female;41;Chennai;17/3/2024;;3200.43;1;user545mail.com;;;Canada
C547;Neha;;;Bangalore;;;;;user546@mail.com;;;Canada
C548;Neha;Male;58;Hyderabad;;;;;;;;UK
;Kiran;Female;;Delhi;14/2/2021;24/3/2024;;10;;92386145;0092386145;USA
;Simran;;;Mumbai;15/10/2023;;1752.13;10;;;;USA
C551;Kiran;;;Pune;14/11/2020;;2449.97;;;;;Australia
C552;Neha;Male;;Kolkata;13/9/2022;8/11/2025;;3;;;;Australia
C553;;Female;;Bangalore;;;;1;user552mail.com;;;USA
C554;;Male;44;Delhi;;3/12/2022;;5;;;;UK
C555;Amit;;;Pune;;;;10;;946438181;0946438181;USA
C556;Simran;;;;7/1/2022;;;;user555@mail.com;;;USA
C557;Priya;Male;;Bangalore;;;;1;;;;UK
C558;Simran;Male;;Hyderabad;7/6/2022;;631.05;4;;;;India
C559;;;;Delhi;29/3/2022;10/8/2020;;1;;;;Australia
;Ankit;;;;;;;;;;;Australia
C561;Ankit;Male;;Hyderabad;22/1/2022;;;10;;;;Canada
C562;Amit;Male;59;Ahmedabad;;;1400.49;1;user561mail.com;9228515441;9228515441;India
C563;Sneha;Female;;Delhi;;;;10;;;;India
C564;Pooja;Male;56;Mumbai;22/10/2023;;;1;;;;India
C565;;Female;60;Bangalore;;;4274.2;;;;;Australia
;Amit;Female;34;Bangalore;;6/4/2024;;3;user565@mail.com;989364862;0989364862;
C567;;;24;Hyderabad;9/4/2022;;1344.15;10;;;;UK
;;Male;;Bangalore;;;;10;user567mail.com;;;USA
;Amit;Male;;Kolkata;;;;5;user568mail.com;;;Australia
C570;Priya;Male;;Pune;4/10/2020;;;;;;;Australia
;Kiran;Female;35;Kolkata;;;;1;user570mail.com;;;India
C572;Ankit;;;Ahmedabad;13/12/2022;;2427.04;10;user571mail.com;9172362484;9172362484;Canada
C573;Priya;Female;;Kolkata;22/1/2021;;;1;;;;Canada
C574;Sneha;Female;;Kolkata;;;;10;user573@mail.com;;;Australia
C575;Kiran;Female;62;Delhi;28/8/2022;;146.24;;user574mail.com;;;India
C576;Ravi;Female;;Kolkata;;;;1;user575@mail.com;;;Canada
C577;Ankit;Male;52;Kolkata;;;;4;;;;
C578;Priya;Female;45;;;;;10;;;;USA
;Amit;Male;58;Pune;20/11/2024;;;5;user578mail.com;;;UK
;Ankit;Male;;Hyderabad;15/11/2025;;;1;user579@mail.com;;;
;Ankit;Male;;Kolkata;11/3/2021;31/12/2022;;1;user580@mail.com;9376435221;9376435221;Canada
C582;Ravi;Female;70;Mumbai;;;;;;;;USA
C583;Ankit;;;;2/5/2023;;;4;;;;
C584;Kiran;Male;;Kolkata;;;372.69;1;user583@mail.com;;;Canada
C585;Neha;;;Mumbai;;;2983;;;;;Canada
;Amit;;;Delhi;;;;3;;;;Canada
C587;Amit;Female;;Mumbai;15/6/2021;8/4/2025;;2;user586@mail.com;9676443924;9676443924;Canada
C588;Sneha;Male;;Chennai;;;;;;9511948;0009511948;India
;Simran;Male;;Chennai;;;;10;user588mail.com;;;Canada
C590;Rahul;Male;43;;7/7/2023;4/11/2025;;1;user589mail.com;;;
;Neha;Male;;Bangalore;;;;;;;;Australia
;Amit;Female;;Bangalore;;;;10;user591mail.com;;;
C593;Sneha;Female;45;Pune;;;1406.23;1;user592mail.com;93585555;0093585555;India
C594;Sneha;;;;29/3/2024;;;1;;;;USA
C595;;;;Mumbai;8/7/2021;17/11/2023;;;;;;USA
C596;Simran;Female;20;;9/9/2024;;2556.72;1;user595@mail.com;9364887378;9364887378;USA
C597;Sneha;Male;25;Pune;26/3/2021;;;4;user596@mail.com;;;
C598;Sneha;;;;18/12/2025;19/12/2025;;10;user597mail.com;;;
;Ankit;Female;;;;5/3/2023;;3;;;;USA
C600;Ravi;Female;56;Chennai;;;;;;;;India
C601;Simran;;55;Delhi;2/10/2024;;;1;user600mail.com;;;
C602;Ravi;;68;Hyderabad;30/11/2022;;;;;;;
;Priya;;;Pune;25/1/2021;;;10;user602mail.com;;;India
;Ankit;;;;17/6/2023;;;;user603@mail.com;;;India
C605;;Female;;Kolkata;27/12/2021;;;;user604mail.com;9667965828;9667965828;Canada
;Sneha;Male;;Pune;;24/4/2024;;1;user605mail.com;;;USA
C607;Amit;Male;;Mumbai;26/2/2023;18/5/2021;;;;;;India
;Kiran;Male;;Chennai;;;;1;user607mail.com;;;UK
;Priya;Male;;Mumbai;;;;;user608@mail.com;;;Australia
C610;;Female;;Bangalore;;;3188.92;1;;988149465;0988149465;USA
C611;Amit;Female;;Hyderabad;;9/7/2023;;;;;;UK
C612;Priya;Female;22;Hyderabad;19/3/2023;;;10;user611@mail.com;;;India
C613;;;24;Delhi;;1/9/2021;369.13;1;;;;USA
C614;;Female;;;4/12/2022;;;;;96772896;0096772896;Canada
C615;Ravi;;;Hyderabad;11/7/2022;2/1/2024;;10;;;;Canada
C616;Sneha;Female;;Bangalore;19/4/2021;2/8/2025;;10;;;;UK
C617;;Male;;Bangalore;12/6/2021;;2783.92;1;user616@mail.com;;;India
C618;;Female;42;Kolkata;;21/1/2026;2184.99;2;user617mail.com;;;Australia
;Amit;;;Ahmedabad;;;;1;;;;UK
;Rahul;;;Bangalore;2/2/2022;19/7/2021;4345.4;2;;9152699413;9152699413;UK
C621;Sneha;Male;;Kolkata;1/12/2025;;;10;;;;UK
C622;;Male;63;Mumbai;5/11/2025;;;1;;;;Canada
;Neha;Female;;Chennai;;30/9/2023;;5;user622mail.com;953273252;0953273252;Canada
C624;;Male;;Ahmedabad;31/8/2020;1/9/2023;;1;user623@mail.com;994445771;0994445771;UK
;Pooja;Male;;Mumbai;;;2663;10;;;;USA
C626;Ravi;;60;Mumbai;19/5/2021;16/4/2022;;1;user625mail.com;;;USA
C627;;Male;51;Pune;24/5/2025;;510.14;1;user626@mail.com;;;Canada
;Ankit;Female;;Ahmedabad;;;;;;;;Australia
C629;Neha;;;Chennai;;;;1;user628mail.com;;;Canada
C630;Simran;;;;;;1910.45;10;;;;Canada
C631;;Male;;Delhi;;;;1;;943556129;0943556129;UK
C632;Sneha;;;Delhi;;;1933.13;10;user631@mail.com;;;Canada
;Sneha;Male;;Hyderabad;19/8/2025;;;10;;986877386;0986877386;Canada
C634;Priya;Female;;Hyderabad;;;;1;user633@mail.com;;;India
C635;Pooja;;35;Kolkata;26/9/2020;;;10;;;;
;Ravi;;;;9/9/2023;;;1;user635mail.com;;;UK
C637;Rahul;Female;;Ahmedabad;26/11/2025;;4299.83;1;user636mail.com;;;India
C638;Kiran;Female;;Pune;;;;1;;;;UK
C639;Amit;Female;;Bangalore;;12/3/2024;;;user638@mail.com;;;UK
;Simran;Male;70;Delhi;1/12/2021;21/5/2025;;1;user639mail.com;931856354;0931856354;UK
C641;Amit;Male;70;Pune;24/5/2025;;;5;;;;Australia
C642;Ankit;Male;;Hyderabad;3/9/2025;;;3;;;;India
C643;Priya;Female;;;4/1/2026;;;5;;;;USA
C644;Pooja;;;Delhi;1/1/2026;;;2;;;;Canada
C645;Priya;Male;;Kolkata;;4/2/2023;1432.35;1;;;;UK
C646;;;58;Chennai;16/5/2025;;1027.06;1;;;;India
C647;Ravi;Female;30;Bangalore;;;;4;;;;USA
C648;Ankit;Male;;Ahmedabad;;;;1;;9647784936;9647784936;Australia
C649;Rahul;Female;;Hyderabad;9/10/2021;;1599.37;4;user648mail.com;;;
C650;;Male;;Delhi;;;4126.35;4;;;;
C651;Sneha;Female;;Ahmedabad;8/9/2020;24/9/2025;2753.38;4;user650@mail.com;9343931925;9343931925;USA
;Kiran;Female;;Ahmedabad;21/5/2021;27/8/2022;;3;;;;
C653;Amit;;31;;3/11/2022;11/3/2024;;10;;;;Australia
C654;Amit;;38;Mumbai;13/4/2023;;1036.56;2;;;;USA
C655;Ankit;Male;;Ahmedabad;30/1/2025;;3255.43;;;983577632;0983577632;Canada
C656;Neha;Male;;Delhi;;15/1/2025;;;;;;
C657;Ravi;Female;;Chennai;25/6/2024;27/10/2020;3197.03;10;;;;Australia
C658;Ravi;Female;;Ahmedabad;;;;2;user657@mail.com;;;India
C659;Sneha;Female;;Mumbai;;;;1;;;;India
C660;Rahul;Female;;Bangalore;;;913.62;10;;;;UK
C661;Ankit;Female;;Hyderabad;;;1700.05;;;;;India
C662;Sneha;;50;Bangalore;;;;10;user661mail.com;954351253;0954351253;USA
C663;Priya;Female;;;;;;;;;;India
C664;Simran;Female;;Delhi;;;;10;;;;India
C665;Rahul;;;Chennai;22/8/2022;23/12/2025;490.65;;;;;Canada
C666;Sneha;Male;;Chennai;6/6/2022;1/8/2025;;10;user665@mail.com;;;UK
C667;;;50;;26/6/2021;;;1;;;;Canada
C668;Priya;Female;;Delhi;18/6/2022;11/8/2024;;1;user667@mail.com;9747357213;9747357213;Canada
C669;Sneha;Female;;Ahmedabad;;;;10;;;;Australia
C670;Neha;Female;;Delhi;10/12/2023;1/3/2022;;;;;;Australia
C671;;Female;35;Mumbai;27/9/2020;;;5;;;;Australia
C672;;;;Bangalore;25/4/2025;;3794.24;1;;;;UK
C673;Simran;Female;;Hyderabad;14/6/2022;;;;user672@mail.com;;;UK
;Rahul;Female;;Delhi;7/7/2022;;;2;user673@mail.com;;;USA
C675;;Male;59;Hyderabad;1/7/2022;15/11/2020;;1;;;;India
C676;;;;Pune;20/5/2024;22/4/2025;4182.28;4;;93976687;0093976687;
C677;Rahul;Female;;Hyderabad;6/9/2020;;;2;;;;Australia
C678;Priya;;;Pune;;;;;;;;USA
C679;Ankit;Female;;Bangalore;24/6/2022;;4102.89;;user678mail.com;;;Australia
C680;Kiran;;;Mumbai;;;;1;user679@mail.com;;;UK
C681;Amit;Male;;Ahmedabad;7/1/2024;;;1;user680@mail.com;9356632751;9356632751;UK
C682;Kiran;;32;Delhi;;13/11/2023;774.75;;user681mail.com;;;Australia
C683;;Male;;Kolkata;;7/5/2021;2233.66;10;user682@mail.com;;;India
;Neha;Female;;Ahmedabad;19/9/2021;;;1;;;;
C685;Kiran;Male;;Chennai;;;1996.66;5;;;;USA
C686;Ravi;;;Chennai;31/12/2021;16/1/2023;;1;;;;UK
C687;;Male;;Kolkata;;;;3;;;;India
C688;Simran;Male;;;;24/10/2022;4858.52;10;;;;
;Priya;Female;;Mumbai;24/12/2020;13/6/2021;;;user688mail.com;;;Australia
C690;Pooja;Female;56;;25/2/2025;;2037.82;2;user689@mail.com;989198169;0989198169;UK
C691;Sneha;Male;;Kolkata;;;350.55;1;user690mail.com;;;UK
;;Male;23;Chennai;;17/7/2021;;1;;;;Canada
C693;;Male;;;;;;1;;;;UK
;Rahul;Male;20;Delhi;;10/6/2025;;1;user693@mail.com;;;Australia
C695;Neha;Male;29;Chennai;;22/1/2026;;1;user694mail.com;;;UK
C696;Kiran;Male;;Delhi;;;;10;user695@mail.com;;;
C697;Priya;;;Mumbai;;;3505.21;1;;9897124973;9897124973;Canada
C698;Priya;Female;;Pune;20/12/2024;9/2/2022;;10;;9428124573;9428124573;Australia
C699;Amit;Male;;Ahmedabad;;31/5/2025;4668.18;;;;;
C700;Kiran;;;Hyderabad;15/9/2023;;;;;982499588;0982499588;Canada
C701;Pooja;Female;;Bangalore;;;;;user700@mail.com;;;USA
C702;Neha;Female;;Mumbai;;;;4;;;;USA
C703;Priya;;;Ahmedabad;18/2/2023;18/11/2020;;10;;;;UK
;Ankit;Male;;Pune;;23/7/2022;;;user703@mail.com;;;Australia
C705;;Female;;Pune;3/11/2024;19/8/2023;;;;;;Canada
;Ravi;Female;61;Ahmedabad;18/1/2025;;;;;98839921;0098839921;Australia
C707;Rahul;Male;;Delhi;13/5/2025;;2852.25;3;;;;USA
C708;Neha;Male;;Ahmedabad;;25/1/2023;;;user707mail.com;9558623;0009558623;
C709;Simran;Male;;Hyderabad;17/7/2021;8/5/2023;3852.8;10;;;;USA
C710;Simran;Male;36;Ahmedabad;;31/12/2025;4102.93;10;;;;India
C711;Priya;Female;27;Chennai;4/1/2022;1/8/2021;;1;user710@mail.com;;;UK
C712;Amit;;;;28/6/2022;;;5;user711@mail.com;;;Australia
C713;Priya;Female;;Delhi;10/7/2022;25/1/2026;;10;;;;Canada
;Amit;Female;;Chennai;;;2177.88;;user713@mail.com;;;UK
C715;;Female;44;Bangalore;14/8/2021;4/6/2025;;1;;9411811442;9411811442;Canada
C716;;Male;70;Pune;7/8/2020;;;10;user715mail.com;;;
;Rahul;;;;22/10/2023;;;10;user716mail.com;;;Australia
C718;Kiran;Female;;Delhi;2/9/2023;;;10;user717mail.com;;;UK
C719;;Female;;Ahmedabad;;2/6/2021;;10;;;;India
C720;Neha;;;Kolkata;;;570.74;10;;;;
C721;Rahul;Female;;Mumbai;5/9/2025;;;;;;;USA
;Neha;Female;;Bangalore;9/9/2021;10/2/2024;;;user721@mail.com;;;
C723;Amit;Male;;Mumbai;;;;;;;;Australia
C724;Priya;Male;20;Delhi;;28/2/2025;;1;;9761636752;9761636752;Canada
;Sneha;Female;;Mumbai;;27/1/2021;2010.35;;;;;UK
C726;Ravi;Female;;Pune;;;;1;user725@mail.com;;;USA
C727;Kiran;Male;;Chennai;;20/5/2021;;;user726@mail.com;9158982777;9158982777;Australia
C728;Sneha;Female;;Delhi;;;;4;user727mail.com;;;Australia
C729;;;;Hyderabad;27/3/2022;;;10;user728mail.com;;;USA
C730;Pooja;;21;Chennai;30/6/2024;18/6/2025;;;;927698542;0927698542;UK
;Ravi;;;Hyderabad;3/5/2025;;2072.13;10;user730mail.com;;;Canada
C732;Priya;Female;48;Mumbai;12/2/2022;27/7/2022;;3;;9243289248;9243289248;Australia
;Kiran;Male;48;Kolkata;;;;;;;;Canada
C734;Sneha;Male;58;;26/10/2020;24/11/2021;;1;;;;Australia
C735;Pooja;;;Pune;;;;;user734@mail.com;;;
C736;Amit;;39;;23/8/2025;;;1;user735mail.com;;;India
C737;Sneha;Female;;Bangalore;;;;10;user736@mail.com;;;UK
C738;Sneha;Female;;;28/3/2021;;;;user737@mail.com;;;Australia
C739;;;;Hyderabad;;;;10;user738mail.com;;;UK
C740;Simran;Female;;Hyderabad;17/4/2021;18/2/2023;;10;user739mail.com;;;UK
C741;Rahul;Female;;Chennai;7/3/2023;;;1;;;;
C742;;Female;;Chennai;;;;10;user741mail.com;;;India
C743;Ankit;;;Chennai;;;;10;;;;Australia
C744;Neha;;;Chennai;;;;5;user743@mail.com;9873737596;9873737596;India
;;Female;;Delhi;;;118.72;;;;;UK
C746;Pooja;Female;60;;21/6/2021;14/6/2025;;;;;;UK
C747;;;;Chennai;18/11/2021;;;1;user746@mail.com;;;
C748;;Male;;Pune;7/1/2023;4/4/2025;;10;user747mail.com;987485194;0987485194;India
C749;Amit;Female;;Kolkata;;;;1;user748mail.com;939126387;0939126387;UK
C750;Ankit;;33;Bangalore;;2/8/2024;;;;;;India
;;Male;;Ahmedabad;;;;1;;;;Canada
C752;Ankit;Female;;Kolkata;;;;10;;;;India
;Rahul;Female;60;Delhi;18/7/2025;28/12/2025;;10;;;;UK
;;Male;;Kolkata;12/9/2020;;;10;;;;Canada
C755;Pooja;Female;;Kolkata;;3/11/2020;;1;;;;Australia
C756;Neha;Male;;Ahmedabad;;;984.83;5;user755@mail.com;956919587;0956919587;Canada
;;Female;;Pune;;5/4/2024;;10;user756@mail.com;;;UK
C758;;Male;;Bangalore;17/12/2020;;;5;;;;UK
C759;Priya;Male;20;Delhi;;28/6/2025;2422.41;;;;;UK
C760;Kiran;;;Hyderabad;;;;;;;;India
;;Female;33;Hyderabad;4/4/2025;;;1;;;;India
C762;Ravi;Male;;Chennai;26/3/2023;;;1;user761@mail.com;;;
C763;Ravi;Male;;Hyderabad;;21/12/2022;;;;;;Canada
C764;Sneha;Female;24;Kolkata;;;;3;user763@mail.com;;;Canada
C765;Rahul;Female;;Mumbai;6/8/2023;;;1;user764@mail.com;;;UK
C766;Sneha;;37;Mumbai;15/6/2022;;;4;;;;Canada
C767;Rahul;Male;;Delhi;;;;;user766@mail.com;;;UK
C768;Ravi;;;Mumbai;;;2266.8;;user767mail.com;934754417;0934754417;
C769;Priya;Female;22;;14/3/2024;;3572.81;;user768@mail.com;;;USA
C770;Ankit;Male;;Chennai;9/8/2024;;;1;;;;
C771;Neha;Female;68;Ahmedabad;;;;10;;964341887;0964341887;Canada
C772;;Female;;Mumbai;;16/5/2021;;1;user771@mail.com;;;USA
C773;Amit;;;;;;1827.55;1;;9154361979;9154361979;UK
C774;Pooja;;;Delhi;6/9/2024;11/2/2024;;1;user773mail.com;915858593;0915858593;
;Sneha;Male;;Bangalore;10/11/2020;31/3/2021;;1;user774mail.com;;;Canada
;Kiran;Female;;Mumbai;17/2/2024;9/11/2020;;10;;992175441;0992175441;
;Priya;Male;;Kolkata;;;;;user776@mail.com;;;UK
C778;Priya;;;Pune;;;;;;;;
C779;Pooja;Male;;Chennai;;17/12/2023;638.03;4;;;;Canada
C780;;;55;Kolkata;;8/10/2020;;1;;924135461;0924135461;
C781;Ankit;Male;44;Delhi;30/3/2025;;559.8;10;user780mail.com;9329956216;9329956216;Australia
C782;Ankit;;;Bangalore;6/10/2022;25/5/2025;;1;user781@mail.com;;;Canada
C783;Ankit;Female;;Pune;6/11/2023;24/10/2023;;5;;;;Australia
C784;Kiran;Male;64;Pune;;;;1;user783@mail.com;;;
C785;Neha;Male;;Bangalore;17/7/2025;11/3/2021;;1;;95547296;0095547296;USA
C786;Ankit;;26;;;5/6/2022;;;user785@mail.com;;;Canada
C787;;Male;;Pune;24/1/2024;;;;user786mail.com;;;
C788;Ravi;Female;;Kolkata;;;4068.72;1;;;;USA
C789;Neha;;;Ahmedabad;;;;;;;;Canada
C790;;Female;;Chennai;7/7/2021;;;5;;;;UK
C791;Kiran;Male;;Hyderabad;;;;1;;;;USA
C792;;Male;;Hyderabad;25/7/2025;;4687.7;10;;971353463;0971353463;Australia
;Rahul;Female;;Ahmedabad;22/5/2022;;2383.13;4;user792mail.com;;;UK
C794;Pooja;Female;;Bangalore;;;277.86;10;;;;
C795;Ravi;Female;;Delhi;;27/9/2023;771.62;3;user794@mail.com;;;
C796;Neha;;;Hyderabad;19/5/2023;;;1;user795mail.com;913486874;0913486874;
C797;Sneha;Female;;Chennai;23/3/2023;;135.99;1;user796@mail.com;;;UK
;Simran;Female;27;Pune;;;;10;;9613586167;9613586167;India
;Sneha;Male;25;Pune;3/11/2021;27/10/2025;;1;;;;Canada
C800;Ravi;;;Delhi;28/5/2024;16/6/2023;;;user799mail.com;;;Canada
;Sneha;Female;;Ahmedabad;30/5/2023;;;;;;;Australia
C802;Sneha;Male;;Delhi;3/8/2025;;;1;;;;
C803;;Female;;Chennai;26/4/2021;8/8/2025;;2;user802@mail.com;;;Canada
;Ravi;Female;;Pune;3/7/2021;;;1;;917539;0000917539;UK
C805;Ravi;Male;;Chennai;10/7/2022;9/4/2022;;10;user804@mail.com;;;USA
C806;Kiran;Male;;Ahmedabad;7/9/2024;;535.06;1;user805@mail.com;;;USA
C807;Priya;Female;;Pune;10/9/2025;;;5;;;;Canada
C808;Amit;Male;27;Delhi;;;;1;user807@mail.com;9871262656;9871262656;Australia
;Ankit;;59;Kolkata;25/6/2021;;;4;;;;India
C810;Rahul;Male;;Chennai;22/12/2025;;;;user809mail.com;;;Australia
C811;;Male;;Mumbai;;8/1/2023;;10;;;;USA
;;Male;45;Pune;;26/12/2022;;1;;915194888;0915194888;Australia
C813;Simran;Female;;Pune;;;;1;;;;USA
C814;Priya;Male;;Ahmedabad;16/7/2024;;1730.17;;user813mail.com;9515145899;9515145899;India
C815;;;51;;4/10/2024;;;3;;;;Canada
C816;Ankit;Female;52;Delhi;21/8/2023;;;10;;;;Australia
C817;Pooja;Male;;Ahmedabad;;;;;;;;Australia
C818;Simran;Female;;Pune;10/7/2023;;;;;;;Canada
C819;Simran;Female;;Hyderabad;;;;1;user818mail.com;;;India
C820;Priya;Female;;Delhi;;25/3/2023;1968.17;3;user819mail.com;;;UK
C821;Pooja;;;Mumbai;;6/12/2021;;2;;;;India
C822;Simran;Female;;Ahmedabad;;19/9/2024;;;;;;India
;Sneha;Male;;Kolkata;8/8/2025;;;2;;;;USA
C824;Ravi;Female;38;;;;;;user823mail.com;;;
;Priya;Male;;Chennai;;;;1;;;;
;Sneha;;55;Chennai;13/7/2024;;;10;user825mail.com;9828642876;9828642876;Australia
;Kiran;Female;19;Kolkata;;12/2/2024;;10;;;;India
C828;;Male;;;;;;10;user827@mail.com;;;
C829;Ravi;Female;23;Bangalore;;;1601.11;;user828@mail.com;9334499884;9334499884;India
;Kiran;;;Kolkata;;;1677.16;10;;;;Australia
C831;Ravi;Female;;Pune;;17/5/2024;;1;user830@mail.com;;;USA
C832;Simran;Female;;Bangalore;5/10/2024;;4742.85;10;;943551477;0943551477;Canada
C833;;Male;;Pune;;;2960.23;1;;;;India
C834;Rahul;Male;;Hyderabad;16/10/2021;;;1;;;;
C835;Kiran;;;Delhi;20/12/2023;9/7/2024;;10;user834mail.com;;;
C836;Simran;;37;Mumbai;6/8/2023;28/7/2025;;1;user835@mail.com;9256262423;9256262423;Australia
C837;Amit;Male;;Chennai;;;3274.53;;;;;UK
C838;Priya;Male;36;Hyderabad;;31/5/2024;;10;user837mail.com;;;
C839;Simran;;;Hyderabad;;11/7/2025;;;;959535676;0959535676;USA
C840;Priya;Male;;Hyderabad;;28/12/2024;4888.36;;;;;India
C841;;;;Delhi;;2/5/2022;255.17;;user840@mail.com;;;
C842;Priya;;;Mumbai;;;3709.75;10;;9272146871;9272146871;Australia
;Priya;Male;46;Kolkata;;;;;;;;India
;Rahul;Male;;Kolkata;12/9/2020;;;10;user843@mail.com;;;
;Sneha;Female;;Bangalore;18/10/2020;14/10/2021;2970.59;;user844mail.com;;;USA
;Sneha;Male;;Mumbai;12/7/2024;16/2/2025;;1;user845@mail.com;;;UK
C847;Neha;Male;;Bangalore;;;;1;;9627976887;9627976887;Australia
;Pooja;Female;43;Pune;31/1/2025;;599.1;1;;;;UK
C849;Ankit;Male;;;;;;10;;;;
C850;Simran;Female;;Ahmedabad;27/5/2025;;1497.27;1;;;;Canada
C851;Neha;Male;;Pune;26/8/2020;;;10;user850mail.com;;;USA
;Ankit;Female;63;Pune;;;;4;user851mail.com;;;USA
;Ankit;Female;;Kolkata;;;;10;;;;USA
C854;Simran;Female;;Mumbai;8/11/2023;;1140.53;1;user853@mail.com;;;UK
C855;Pooja;Female;32;;;;;1;;9269887757;9269887757;Canada
C856;Priya;Male;53;;;25/12/2022;;5;;95589458;0095589458;
;;Male;;Ahmedabad;;15/11/2024;;1;;;;India
C858;Ravi;;;;9/3/2021;;;10;user857@mail.com;92355956;0092355956;
C859;;Female;;Chennai;11/12/2024;;;;;;;India
C860;Neha;Male;;Kolkata;;22/11/2022;1954.9;10;;;;Australia
C861;Priya;Female;;;5/1/2025;5/10/2023;;1;user860@mail.com;;;India
C862;Ravi;Male;;Hyderabad;;;;1;user861@mail.com;;;Australia
C863;Kiran;Female;;Chennai;17/1/2022;3/1/2021;;10;user862mail.com;91131339;0091131339;USA
C864;Rahul;Male;33;Ahmedabad;;;;;user863@mail.com;916325483;0916325483;
C865;Amit;Male;43;Kolkata;16/9/2021;;;;user864mail.com;;;USA
C866;;Female;;Chennai;5/9/2020;;;;user865mail.com;;;Australia
C867;Ankit;Female;50;Delhi;12/4/2023;;4316.75;5;user866mail.com;9393349119;9393349119;India
C868;Priya;Female;;Hyderabad;;21/9/2024;68.93;;;928685228;0928685228;USA
C869;Ankit;Female;25;Bangalore;2/1/2025;;540.22;;;;;UK
C870;Neha;;59;Kolkata;;;;1;;;;
;Ravi;Female;;Hyderabad;;12/8/2023;;;;;;
;Simran;;;Hyderabad;7/6/2021;1/1/2025;70.61;1;;;;UK
C873;;;;Pune;;;;1;user872@mail.com;;;India
C874;;Female;;;8/4/2022;30/7/2022;4205.03;;;;;
C875;;Male;;Chennai;;;;3;;;;India
C876;Amit;;;Hyderabad;7/12/2025;5/12/2022;;;user875mail.com;96776193;0096776193;USA
C877;;Male;;Kolkata;25/3/2021;20/8/2020;2740.9;;user876mail.com;931248323;0931248323;UK
C878;Pooja;Male;35;Pune;17/4/2022;31/1/2022;2252.21;1;;;;UK
C879;;Female;;Delhi;;;;;user878mail.com;;;Australia
C880;Kiran;;;Bangalore;;;;10;user879@mail.com;;;UK
C881;Pooja;Female;25;Ahmedabad;;;;1;;;;USA
C882;;Male;;Chennai;;18/5/2021;2016.77;;;9427716393;9427716393;Australia
C883;Ankit;Male;69;;24/3/2025;5/11/2022;;1;user882mail.com;;;UK
;;Male;39;Hyderabad;;;;10;;;;
C885;;Male;;Hyderabad;10/10/2024;8/10/2023;4527.26;10;;;;Australia
;Sneha;;;Ahmedabad;;;4276.22;10;user885@mail.com;;;
;Ravi;Male;;Pune;;;;10;;;;Canada
C888;Kiran;;;Hyderabad;;;;1;user887@mail.com;;;USA
C889;Neha;Male;;Mumbai;;9/9/2024;;;user888@mail.com;9994659694;9994659694;Canada
;Ankit;;40;Chennai;;;;;;;;UK
C891;Ravi;Female;;Pune;;;1100.17;10;;;;UK
C892;Sneha;Male;;Bangalore;;;;10;user891@mail.com;;;India
C893;Pooja;;21;Kolkata;;;;10;user892mail.com;9893575567;9893575567;Australia
C894;Rahul;Female;;Delhi;3/2/2025;;;1;;;;UK
C895;Simran;Male;;Hyderabad;3/12/2022;;1899.78;10;user894mail.com;;;Canada
;Pooja;;;Hyderabad;17/4/2024;27/8/2022;;;;;;UK
;Sneha;Female;31;Ahmedabad;19/3/2022;7/1/2022;;10;;9792488459;9792488459;
C898;;Male;;;;29/1/2023;2816.94;1;user897@mail.com;;;Canada
;;Male;;Bangalore;;;;;user898mail.com;956272574;0956272574;Canada
C900;Sneha;Male;;Delhi;15/9/2023;;;4;user899mail.com;;;UK
C901;;Male;70;;15/2/2022;17/2/2021;;;user900@mail.com;;;
C902;Kiran;;;Kolkata;;;3767.6;;user901@mail.com;;;UK
C903;Simran;Male;35;;;;;2;;;;Australia
C904;Sneha;;66;Mumbai;;21/9/2021;;;user903mail.com;9218282533;9218282533;Canada
C905;Priya;Female;;Delhi;;;3835.8;10;user904@mail.com;;;India
;;Female;53;Chennai;;;4714.61;10;;;;UK
C907;Amit;Male;;Pune;;;;1;;;;India
C908;Simran;Male;48;Kolkata;;;;1;user907mail.com;979849634;0979849634;USA
;Ankit;Female;31;Chennai;31/10/2022;;;1;;9871142858;9871142858;UK
C910;Sneha;Female;;Pune;24/1/2025;27/1/2023;;;;;;
C911;Neha;Male;;Mumbai;;;;1;user910mail.com;99517456;0099517456;Australia
C912;Kiran;Female;;Ahmedabad;;;735.3;4;;;;
C913;Kiran;Male;;Chennai;10/8/2021;;;;user912@mail.com;;;USA
;Simran;Female;;Kolkata;4/12/2020;5/2/2024;;1;;9471689379;9471689379;UK
C915;Simran;Male;26;Mumbai;;;3546.76;1;user914@mail.com;967566793;0967566793;Australia
C916;Priya;Female;;Kolkata;26/7/2022;;;1;;;;Australia
C917;Sneha;;;Delhi;2/3/2023;;;10;user916@mail.com;;;Canada
C918;;Female;;Hyderabad;;;;1;user917@mail.com;941946886;0941946886;Australia
C919;Pooja;Female;;Mumbai;13/8/2020;9/6/2021;;1;user918@mail.com;;;USA
C920;;Male;;Ahmedabad;4/2/2024;30/5/2025;;10;user919@mail.com;;;Australia
C921;Rahul;;34;Hyderabad;26/1/2021;16/9/2023;;1;user920mail.com;;;India
;Priya;Female;;Kolkata;29/6/2024;30/11/2024;;1;;;;India
C923;;Male;;Pune;;;2758.83;10;;;;Australia
;Priya;Male;;Mumbai;;20/9/2025;4212.13;1;;939233889;0939233889;India
C925;Ankit;Female;;;;;4278.73;1;;;;USA
C926;Simran;Female;;Mumbai;;;307.25;2;;;;India
C927;Rahul;;58;Ahmedabad;19/1/2023;;;;;9392331577;9392331577;Canada
C928;Kiran;Female;;Ahmedabad;24/5/2023;;1897.45;1;;9553742352;9553742352;UK
C929;Ankit;Male;;Hyderabad;2/5/2024;20/12/2021;4985.61;;;;;Australia
C930;Neha;Female;;Hyderabad;15/10/2024;2/2/2021;;2;;93472829;0093472829;UK
;Rahul;;35;Bangalore;;;;10;user930mail.com;;;Australia
C932;Rahul;Female;57;Bangalore;;;;1;user931mail.com;;;USA
C933;Neha;Female;;Kolkata;23/4/2021;;;10;user932mail.com;;;Canada
;Ravi;Male;58;Pune;;;;;user933@mail.com;961683311;0961683311;UK
C935;Neha;Female;;Pune;2/4/2022;11/11/2024;;2;user934@mail.com;;;
C936;Neha;Male;;Mumbai;21/5/2024;;;1;;953765918;0953765918;UK
C937;Kiran;Male;;Chennai;;;;;;9537674825;9537674825;Canada
C938;;;;Pune;;;;10;;;;Australia
C939;;Male;;Mumbai;;;;10;user938mail.com;93594793;0093594793;UK
C940;;Female;63;Pune;;;;10;user939@mail.com;;;Australia
C941;Sneha;;;Ahmedabad;;;1491.16;10;;;;Canada
C942;Sneha;Female;62;Chennai;4/3/2024;11/7/2021;1700.88;5;user941mail.com;;;India
C943;Kiran;Male;;Ahmedabad;;;227.1;;;94656975;0094656975;USA
;Kiran;;39;Pune;30/12/2020;24/10/2020;;10;user943@mail.com;9599855617;9599855617;USA
;Neha;Male;;Bangalore;;;305.11;10;;;;India
C946;Kiran;;48;Hyderabad;7/5/2025;;;;user945mail.com;;;Australia
C947;;;;Chennai;6/1/2021;;;1;user946@mail.com;92768233;0092768233;
C948;Ankit;Male;;Mumbai;;;;1;;;;India
;;Male;;Bangalore;;;;1;user948mail.com;;;India
C950;Pooja;Female;;Pune;26/9/2024;;;1;user949mail.com;;;
C951;Priya;Female;;;;;;10;;;;USA
C952;Sneha;Female;;Hyderabad;;;;5;;;;Canada
C953;Ravi;Male;;Kolkata;27/5/2025;13/8/2022;;;user952mail.com;;;
C954;Ankit;Male;;;;;;1;user953mail.com;;;UK
;Priya;;;Pune;21/5/2021;23/9/2025;;1;user954mail.com;;;Australia
C956;Rahul;;;Ahmedabad;;;;1;user955mail.com;;;
C957;Pooja;Female;;Delhi;7/11/2021;20/3/2022;;3;user956@mail.com;;;USA
;Neha;Male;;Ahmedabad;28/12/2023;;;;;;;Australia
C959;Rahul;Male;;Pune;5/4/2025;;;1;;;;UK
;Kiran;;;Delhi;;1/10/2022;;;user959@mail.com;;;
C961;Ankit;Male;52;Hyderabad;;27/10/2021;902.14;;;;;
;Sneha;Female;;Kolkata;;;;;user961mail.com;;;USA
C963;Priya;Female;;Bangalore;8/12/2025;;;10;user962mail.com;;;Canada
;Priya;Female;;Chennai;;18/9/2024;;1;user963@mail.com;;;
C965;;Female;29;Bangalore;2/1/2021;;2065.11;3;;994379221;0994379221;Canada
C966;Rahul;Male;;;;;237.86;1;user965mail.com;9686272695;9686272695;
;;Male;;Chennai;;;4037.35;5;;;;
;;Male;29;Kolkata;;;;;;;;India
;Neha;Male;27;Hyderabad;;;;4;;9156912567;9156912567;India
C970;Sneha;Female;36;Chennai;;5/9/2020;;10;user969mail.com;;;India
C971;Rahul;Female;23;Hyderabad;11/4/2022;21/8/2021;;4;user970mail.com;975246989;0975246989;India
C972;Rahul;Male;37;Bangalore;;;2088.38;;;;;UK
C973;Sneha;Male;;Bangalore;;4/6/2021;;1;;;;
;;Female;;Hyderabad;;;;1;;;;India
C975;Pooja;Female;;Chennai;14/4/2024;;;5;;;;UK
;;Female;;Chennai;;;;1;;;;Australia
;Sneha;;;Mumbai;;;;1;user976@mail.com;926379573;0926379573;India
C978;Neha;Female;21;;;;;1;;;;UK
C979;Ravi;;;Bangalore;15/4/2025;11/9/2020;;1;user978@mail.com;;;Canada
;Amit;Male;;Pune;4/12/2023;;;3;;;;UK
C981;Rahul;Female;;;;;;;;;;Canada
;Amit;;;Ahmedabad;;;1921.91;;;;;UK
C983;;Male;;;;;;4;user982mail.com;;;UK
C984;Pooja;Male;;Pune;;25/9/2025;;10;user983@mail.com;;;India
;Amit;Male;24;Kolkata;20/8/2020;10/10/2021;;1;user984mail.com;;;Australia
C986;Simran;Male;;Hyderabad;18/1/2026;28/12/2020;;10;user985@mail.com;;;India
C987;Neha;Male;;Bangalore;24/4/2023;;;10;user986@mail.com;;;Canada
;Neha;Male;;Chennai;9/10/2024;;;4;user987mail.com;9412524893;9412524893;USA
C989;Kiran;Male;37;Bangalore;;;;10;;;;
;Ankit;Female;66;Bangalore;;;;3;;;;India
C991;Kiran;;;Kolkata;29/12/2020;;;;user990@mail.com;977289214;0977289214;India
C992;Priya;Female;39;Pune;22/8/2025;13/3/2022;;1;;;;Canada
C993;Rahul;Male;;Delhi;;;;10;user992@mail.com;;;Australia
C994;Kiran;Female;;Bangalore;30/7/2021;;;1;user993mail.com;;;USA
C995;Priya;Female;;Pune;;;4053.51;;user994mail.com;;;India
C996;Amit;Female;;Delhi;;;;1;;;;Australia
C997;Ravi;Female;;;19/11/2024;;;5;;;;Canada
C998;Neha;Female;;;22/7/2022;;;;user997mail.com;;;Canada
;Ravi;Male;;Delhi;;3/9/2020;;3;user998@mail.com;;;Canada
;Amit;Female;;Ahmedabad;2/9/2024;;;1;user999mail.com;;;India
C1001;Pooja;Male;;Hyderabad;11/6/2025;;4794.55;;;;;Australia
;Kiran;;;Hyderabad;2/11/2023;17/8/2025;;1;;9596888762;9596888762;Australia
;Rahul;Male;;Mumbai;;;4481.28;1;user1002mail.com;;;India
C1004;Simran;Female;;Ahmedabad;5/3/2023;;;10;user1003@mail.com;96385714;0096385714;
;Sneha;;70;;18/1/2024;25/2/2024;;1;;;;UK
C1006;Simran;Female;;Pune;16/8/2024;;;10;user1005mail.com;;;UK
C1007;Sneha;Female;64;Mumbai;27/4/2024;20/5/2021;3881.78;10;user1006mail.com;;;Australia
C1008;Kiran;Female;;;5/11/2020;;3778.07;4;;9384583575;9384583575;Australia
C1009;Pooja;Male;;;;;;1;user1008mail.com;;;USA
;Ravi;Female;;Ahmedabad;30/11/2023;7/7/2021;;;user1009@mail.com;;;UK
C1011;Sneha;;;Hyderabad;24/12/2020;;;5;user1010@mail.com;9186793591;9186793591;Canada
;Neha;Male;54;Hyderabad;;;;1;user1011@mail.com;;;USA
C1013;Priya;;;Delhi;;6/12/2022;;1;user1012mail.com;9557915944;9557915944;
C1014;Rahul;Female;18;Hyderabad;;12/12/2023;;3;;;;UK
;Ravi;Male;28;Kolkata;;;;1;user1014@mail.com;993424161;0993424161;Australia
C1016;Pooja;Male;;Chennai;29/12/2021;;1899.43;10;;9529116851;9529116851;USA
C1017;Kiran;Female;51;Ahmedabad;2/4/2024;18/7/2022;;10;user1016mail.com;93912526;0093912526;Australia
;Kiran;Male;;Chennai;;;;3;;;;India
C1019;Sneha;;;Ahmedabad;13/12/2020;;;10;user1018mail.com;;;
C1020;Amit;Female;;;;;;1;;;;Canada
;Neha;;;Kolkata;14/11/2024;16/5/2023;;;user1020mail.com;;;Australia
C1022;Ravi;Female;;Hyderabad;20/6/2025;;;1;user1021mail.com;9611159962;9611159962;India
;;;40;Bangalore;20/1/2024;;;10;;;;Australia
C1024;;;;Bangalore;11/7/2023;;;1;user1023mail.com;;;
C1025;;Female;57;Hyderabad;28/5/2024;;1691.97;10;user1024mail.com;9499679296;9499679296;Canada
C1026;Rahul;;;Hyderabad;;;;10;user1025mail.com;;;UK
C1027;;Female;;Pune;;13/7/2024;;;;9996489514;9996489514;Canada
C1028;;;;Mumbai;;;;10;;937819943;0937819943;Canada
C1029;Amit;Female;;;16/11/2020;;;1;;;;
;Sneha;Male;;Chennai;;;;1;user1029@mail.com;;;Canada
C1031;Ravi;;;Delhi;;11/9/2022;780.47;;user1030mail.com;;;Canada
C1032;Simran;Male;;Ahmedabad;23/1/2022;;1005;1;user1031mail.com;;;UK
C1033;;Male;26;;;;114.55;3;user1032@mail.com;;;USA
C1034;Ravi;;;Bangalore;;11/4/2021;;1;;;;USA
C1035;Ravi;Male;;Bangalore;30/9/2025;;;10;user1034mail.com;9453878657;9453878657;UK
;Priya;;69;Pune;13/8/2023;;;;user1035@mail.com;;;Australia
C1037;Kiran;Female;;Delhi;15/8/2023;27/12/2025;4331.01;1;user1036@mail.com;9816762731;9816762731;USA
C1038;Ankit;Female;;Delhi;;;;10;user1037mail.com;;;Australia
;Priya;Female;;Hyderabad;;;;10;user1038@mail.com;;;Australia
C1040;Pooja;Female;38;Mumbai;16/9/2024;;;;user1039mail.com;915496985;0915496985;USA
;Kiran;Male;;Chennai;;;1178.51;4;user1040@mail.com;;;Australia
;Ravi;;;Pune;;;;;;;;Australia
C1043;Neha;;;Hyderabad;7/10/2024;;;1;user1042@mail.com;9688721168;9688721168;
C1044;Kiran;Female;;Bangalore;10/11/2023;;2735.28;3;user1043mail.com;;;Australia
C1045;Pooja;Female;;Kolkata;;;;10;user1044@mail.com;998327939;0998327939;India
;Ravi;Male;;Delhi;10/9/2023;;;;user1045@mail.com;;;USA
C1047;;Male;43;Ahmedabad;17/6/2025;19/4/2024;2190.82;;;;;Canada
;Neha;;40;Delhi;19/4/2025;30/8/2024;;10;;;;USA
C1049;;Male;;Ahmedabad;8/7/2025;31/1/2022;;1;user1048mail.com;;;USA
C1050;;Female;47;Kolkata;29/12/2021;;;1;user1049mail.com;;;Australia
;Rahul;Female;;Delhi;;;;1;user1050mail.com;;;UK
;Priya;Female;54;;15/7/2022;25/4/2024;;1;user1051mail.com;961429564;0961429564;Australia
;Ravi;;;Hyderabad;;;;;;9581359578;9581359578;India
C1054;Pooja;Male;;Kolkata;;28/4/2023;;10;;;;USA
C1055;Pooja;Male;62;Ahmedabad;;;3595.13;10;;;;
C1056;Ankit;Male;33;Pune;13/12/2021;13/7/2025;;1;;;;USA
C1057;Kiran;Female;;Bangalore;11/11/2024;;;10;;;;
C1058;Kiran;Female;;Ahmedabad;;19/9/2024;;;;;;
C1059;Sneha;Male;;Mumbai;;5/3/2025;;5;user1058@mail.com;9621495839;9621495839;USA
C1060;;;;Delhi;4/10/2021;;;10;user1059mail.com;;;India
;Rahul;Female;;;;;1375.97;;user1060mail.com;;;India
C1062;Priya;;;Mumbai;;;662.32;5;;;;Australia
C1063;;Female;;Mumbai;;;;1;;;;UK
C1064;Pooja;Female;;Chennai;3/1/2025;24/8/2024;;2;user1063@mail.com;;;
;Pooja;;;Hyderabad;;18/1/2025;;1;;;;India
C1066;Priya;Male;;Bangalore;;;3598.98;10;;;;
C1067;Ankit;;;Pune;31/8/2023;;;1;;;;
;Ankit;Male;31;Chennai;;;55.81;1;user1067@mail.com;;;
C1069;Kiran;;49;Ahmedabad;18/12/2024;13/6/2023;;10;user1068@mail.com;;;USA
C1070;Priya;;;Mumbai;;19/8/2023;;;;;;India
C1071;Simran;Female;;Chennai;3/9/2020;;;10;;;;UK
;Ravi;Male;42;Bangalore;;;4511.85;1;;9569239215;9569239215;Australia
;Simran;Female;46;Mumbai;16/7/2021;;;10;user1072mail.com;;;
C1074;Pooja;Female;;Hyderabad;;;4653.27;5;;;;UK
;Rahul;Male;;Mumbai;4/6/2021;;;10;user1074mail.com;;;USA
C1076;Priya;Female;;Mumbai;18/2/2024;19/3/2025;;1;user1075mail.com;9829585;0009829585;USA
C1077;Priya;Male;;Ahmedabad;;;417.11;10;user1076@mail.com;93946418;0093946418;Canada
C1078;Kiran;Female;;Ahmedabad;;;;1;user1077@mail.com;;;
C1079;Amit;;;;;;;10;;;;UK
;Ravi;Male;;Ahmedabad;11/9/2024;4/6/2024;;;;9634252997;9634252997;Canada
;Ravi;Female;;Hyderabad;;;;10;;;;India
;Neha;;;Chennai;7/7/2025;;;;user1081@mail.com;;;USA
C1083;Neha;Female;23;Ahmedabad;;2/1/2024;;3;;;;India
C1084;Neha;Male;;Kolkata;27/11/2025;21/12/2024;;;user1083mail.com;;;
C1085;Simran;Male;;Chennai;;17/4/2024;;10;user1084@mail.com;;;Australia
C1086;Sneha;Male;;;4/5/2024;;;;user1085mail.com;91623255;0091623255;UK
C1087;Ankit;Female;36;Hyderabad;24/9/2025;;;;user1086@mail.com;9442615475;9442615475;Australia
;Priya;;;Kolkata;;;;4;;9726372212;9726372212;India
C1089;Ravi;Female;;Mumbai;7/3/2024;;;1;user1088mail.com;;;Australia
C1090;Rahul;Female;;Hyderabad;;25/4/2025;;10;;;;Australia
C1091;Simran;Male;;Mumbai;;;;5;;942728633;0942728633;Canada
C1092;;Female;;Delhi;;30/5/2022;;1;;;;Canada
C1093;Neha;Female;;;24/9/2021;;;10;;9353459551;9353459551;UK
C1094;Kiran;Male;;Mumbai;4/1/2023;;;1;;;;UK
;Pooja;Female;;Chennai;;;;;;;;Australia
;Neha;Male;64;Bangalore;12/3/2023;;;2;;;;Canada
C1097;Rahul;Female;;Hyderabad;1/9/2022;;;1;user1096mail.com;;;UK
C1098;Neha;Male;;Hyderabad;7/12/2023;;;;;;;USA
;;Male;39;Delhi;5/11/2022;;;4;;926156393;0926156393;Canada
C1100;;Male;;Chennai;2/11/2020;;;5;;963134626;0963134626;India
C1101;;Male;;Pune;;;;;user1100mail.com;;;Canada
;Amit;Female;;Chennai;1/8/2025;;;5;;;;UK
C1103;;;;Pune;;;;1;;9129149822;9129149822;UK
C1104;;Male;;Chennai;;;;;;992292228;0992292228;Canada
C1105;Simran;Male;;Chennai;;;;;;;;UK
C1106;Neha;Female;69;Ahmedabad;;;;10;user1105mail.com;;;UK
C1107;Pooja;;;Pune;29/9/2021;21/6/2021;;10;;;;
;Amit;;23;;;;4207.31;1;;976887416;0976887416;Canada
C1109;Amit;;51;Ahmedabad;;13/8/2025;;;;;;
;Kiran;;;Ahmedabad;;19/4/2022;;10;;;;USA
C1111;Ankit;Female;;Hyderabad;18/5/2024;29/10/2022;;10;user1110@mail.com;951421135;0951421135;Australia
C1112;Pooja;Male;;Kolkata;7/10/2022;;;;user1111@mail.com;;;Canada
C1113;Ankit;Male;;Delhi;;28/2/2022;1052.31;10;user1112mail.com;;;Australia
C1114;Neha;Female;50;Mumbai;29/8/2025;;1424.37;10;;;;
C1115;Pooja;Male;;Bangalore;20/3/2025;;;;;;;Canada
;Sneha;Male;;Ahmedabad;9/1/2021;;;1;;;;Canada
C1117;Ankit;Female;;Mumbai;18/9/2020;;;;;;;Canada
C1118;Priya;Female;44;Kolkata;12/8/2025;;;10;user1117@mail.com;;;USA
C1119;Rahul;;;Delhi;30/1/2024;13/8/2025;;1;user1118mail.com;966958681;0966958681;UK
C1120;Kiran;Female;68;Hyderabad;17/3/2023;16/5/2022;;1;user1119mail.com;;;India
C1121;Rahul;Male;;Ahmedabad;31/10/2020;;;1;;;;
C1122;Sneha;Female;;Kolkata;4/10/2022;25/5/2025;;2;user1121mail.com;;;Canada
;;Female;24;Kolkata;7/7/2021;18/1/2022;;1;user1122@mail.com;;;USA
C1124;Ravi;;;Hyderabad;;;;10;;;;UK
C1125;Ravi;Male;47;Hyderabad;;16/5/2022;;;user1124@mail.com;;;India
;Sneha;Female;50;Mumbai;;;;;;;;India
C1127;;Male;;Mumbai;;;;10;user1126@mail.com;;;UK
C1128;Sneha;Male;;Mumbai;;;;10;user1127@mail.com;96759915;0096759915;UK
C1129;Amit;Female;;Chennai;30/5/2023;;;3;user1128@mail.com;;;Australia
C1130;Neha;Female;;Bangalore;7/3/2023;;;1;;;;
;Ankit;Male;31;Hyderabad;;;;3;;971923924;0971923924;Australia
;;Male;;Chennai;;;;10;user1131@mail.com;;;Australia
C1133;Kiran;;28;;;13/9/2025;;1;user1132mail.com;;;
C1134;;;;Bangalore;15/10/2021;;;10;;924266874;0924266874;India
C1135;;Female;;;23/9/2022;;184.79;;user1134mail.com;9128764355;9128764355;
;Neha;Male;;Kolkata;;;2437.37;3;;;;Australia
C1137;Ravi;Male;;Chennai;;;;10;user1136@mail.com;;;Australia
C1138;Priya;;;Pune;;;;10;user1137@mail.com;;;USA
C1139;Amit;Female;;Delhi;;;4667.46;1;user1138@mail.com;;;UK
C1140;Amit;Female;;Bangalore;;;;1;;;;UK
;Pooja;;;Mumbai;;;1589.57;;;9754462561;9754462561;Canada
C1142;Kiran;Female;;Ahmedabad;1/8/2021;4/3/2021;;;user1141@mail.com;;;Australia
;;Male;;Hyderabad;;;4388.6;1;user1142@mail.com;;;India
C1144;Amit;Female;;Pune;;;;1;user1143mail.com;;;Canada
C1145;Kiran;Male;;Delhi;25/12/2020;;;1;user1144@mail.com;92851463;0092851463;UK
C1146;Sneha;Male;29;Pune;;;;;;96791952;0096791952;UK
C1147;Amit;Female;;Chennai;22/4/2024;7/9/2020;3035.4;1;;;;
C1148;Priya;Male;;Pune;;17/6/2024;;1;user1147mail.com;;;Australia
;Ravi;Female;;Ahmedabad;11/7/2021;;;10;;;;India
C1150;Ankit;Male;48;Ahmedabad;;;;;;99111564;0099111564;UK
;;;;Delhi;7/12/2025;28/3/2024;;10;;;;
C1152;;Female;;Mumbai;13/2/2024;;;10;user1151@mail.com;;;India
C1153;Kiran;Female;;Hyderabad;;;;1;;;;UK
C1154;;Female;;Kolkata;;27/12/2021;535.96;1;;;;USA
C1155;;Female;;Mumbai;4/6/2023;15/1/2022;;1;user1154mail.com;;;
C1156;Ankit;;;Mumbai;;2/2/2023;;1;;;;India
C1157;Rahul;Male;18;Bangalore;6/12/2023;;;10;;963739356;0963739356;India
C1158;Pooja;Female;;;;;;1;;;;
C1159;;Male;35;Pune;;;;2;;;;Canada
C1160;Neha;Male;29;Ahmedabad;;1/2/2021;;;;9851429839;9851429839;
C1161;Ankit;Female;41;Kolkata;;30/4/2023;130.55;1;user1160@mail.com;;;Australia
;Priya;;54;Hyderabad;;6/5/2023;;1;;;;Canada
C1163;Ankit;;;Hyderabad;;18/4/2022;;4;;;;Canada
C1164;Simran;Female;;Kolkata;23/2/2024;25/7/2023;1503.15;;user1163mail.com;;;UK
;Ankit;Female;;Mumbai;;27/6/2023;636.9;10;;;;Australia
C1166;Amit;;;;30/11/2025;;;4;user1165mail.com;;;USA
;Pooja;;;Hyderabad;27/5/2021;;;5;user1166@mail.com;;;India
C1168;;Male;25;Mumbai;15/7/2023;;;1;user1167mail.com;;;Canada
C1169;Simran;;26;Mumbai;22/12/2023;;1543.13;4;;963671171;0963671171;USA
C1170;Rahul;Male;;Chennai;;23/12/2024;4704.03;;user1169mail.com;;;
C1171;;;;Mumbai;12/3/2021;;;3;user1170mail.com;;;UK
C1172;Amit;Male;;Delhi;;;;3;user1171mail.com;9865764458;9865764458;
C1173;Pooja;Female;;Delhi;;;;;user1172mail.com;;;UK
;Rahul;Male;;Delhi;;;;10;;;;
C1175;Kiran;Male;;;;;;5;user1174@mail.com;;;
C1176;;Male;37;Kolkata;25/9/2020;;;3;;;;USA
C1177;Ravi;Female;;Ahmedabad;26/9/2024;;;10;user1176@mail.com;;;Australia
C1178;;;;Chennai;18/5/2025;;;1;user1177mail.com;;;India
C1179;Amit;;70;Bangalore;22/2/2021;;;;user1178mail.com;9539793243;9539793243;Canada
;Rahul;Male;;Kolkata;;;404.07;4;;;;India
C1181;Sneha;Male;;Ahmedabad;17/2/2021;;;1;;;;Canada
C1182;Rahul;Female;64;Pune;;;;10;user1181@mail.com;99598798;0099598798;UK
;;Female;;Pune;26/12/2020;;;1;;9513585825;9513585825;India
C1184;Rahul;Male;;Ahmedabad;;3/12/2021;4357.12;2;user1183@mail.com;;;Canada
;Sneha;Female;55;Bangalore;22/11/2023;;3960.02;;user1184mail.com;;;UK
C1186;Amit;Female;;Bangalore;5/5/2024;;;1;user1185mail.com;;;USA
C1187;Ankit;;;Kolkata;;;183.8;;user1186mail.com;;;Canada
C1188;Simran;Female;;Bangalore;7/11/2024;;;10;user1187mail.com;;;
C1189;Rahul;;;;;;395.44;10;user1188mail.com;;;India
C1190;Pooja;Female;;Pune;;;;1;user1189@mail.com;949473549;0949473549;Canada
C1191;Simran;Female;;Bangalore;;30/8/2023;;4;user1190@mail.com;;;Canada
;Ankit;Female;;Ahmedabad;;;;10;;;;UK
C1193;Simran;;;;;;1135.54;;user1192@mail.com;;;India
C1194;Ravi;Female;;Bangalore;20/10/2021;;2430.68;10;user1193mail.com;95555163;0095555163;India
C1195;Sneha;;;Kolkata;;;;10;user1194@mail.com;913726483;0913726483;USA
C1196;Priya;Male;;;;20/5/2025;;10;;;;Australia
C1197;Pooja;Male;;Bangalore;;22/1/2025;;2;user1196@mail.com;944665334;0944665334;Australia
C1198;Pooja;;;Chennai;16/7/2024;;;4;;;;Canada
C1199;Ravi;Male;;Mumbai;9/5/2024;;;1;;;;Australia
;;Male;;Bangalore;;;;;user1199mail.com;;;USA
C1201;Kiran;Male;;Chennai;;;;10;user1200mail.com;97775145;0097775145;Canada
C1202;Rahul;Female;47;Bangalore;31/5/2021;;1150.79;10;user1201mail.com;9516489429;9516489429;India
C1203;;;;Ahmedabad;;25/4/2022;;10;;;;India
C1204;Ankit;Female;;Pune;29/3/2023;;;10;user1203mail.com;;;
C1205;Simran;Female;;Hyderabad;;;;10;user1204mail.com;;;India
C1206;Amit;Male;;Delhi;6/12/2024;;;10;;;;
C1207;;Male;;Ahmedabad;;;;5;user1206mail.com;;;UK
;;Female;;Mumbai;26/1/2026;7/7/2023;;2;user1207mail.com;;;
C1209;Neha;;;Mumbai;;;699.76;2;;981655882;0981655882;Canada
;Ankit;Female;;;6/6/2024;;;3;user1209mail.com;;;UK
;Ravi;Male;;;8/2/2022;;;;user1210mail.com;952232543;0952232543;UK
;;Male;;Bangalore;;15/10/2022;;;;9576939677;9576939677;USA
C1213;Rahul;Male;;Chennai;;;4507.22;;user1212mail.com;9361637184;9361637184;USA
;;Male;56;Ahmedabad;;;3983.15;10;user1213@mail.com;;;India
C1215;;Female;;Kolkata;30/3/2024;;;;user1214mail.com;;;India
C1216;;Female;;Kolkata;;;;10;user1215@mail.com;;;USA
;Pooja;Female;;Chennai;9/7/2021;;;1;;;;Canada
C1218;;Female;;Mumbai;31/10/2025;;;3;user1217@mail.com;9313523435;9313523435;UK
;Ankit;Female;54;Bangalore;;;;10;user1218@mail.com;927745555;0927745555;Australia
C1220;Pooja;Female;;Hyderabad;13/4/2021;;;;user1219mail.com;;;
C1221;Sneha;Male;;Ahmedabad;7/11/2020;;;1;user1220mail.com;;;India
C1222;;Male;;Chennai;17/9/2024;5/11/2020;;5;;;;
C1223;Rahul;Female;;Pune;13/12/2023;17/1/2023;;3;;;;Canada
;Neha;;20;Hyderabad;;;;3;;9521287933;9521287933;Australia
C1225;Neha;;;Bangalore;;;2932.27;1;;;;Canada
;Rahul;;22;Delhi;7/9/2023;;;1;;;;
C1227;Neha;Female;;Chennai;1/12/2020;17/3/2022;;1;user1226@mail.com;;;Canada
C1228;Neha;Male;;Mumbai;17/5/2025;;1923.85;;;;;
C1229;Ravi;;64;Bangalore;;;;;user1228@mail.com;;;USA
C1230;Ankit;Female;41;Delhi;;;;1;user1229mail.com;;;UK
C1231;Ravi;Female;48;Delhi;31/7/2024;1/4/2023;;1;;;;UK
;Pooja;Female;;Kolkata;;;850.59;10;user1231mail.com;;;India
C1233;;;48;;;;;3;user1232mail.com;;;
C1234;Kiran;Female;;Delhi;19/5/2023;;;10;user1233mail.com;;;UK
C1235;Sneha;Female;18;Pune;;;;;;;;Australia
C1236;Kiran;Female;;Ahmedabad;;;;4;user1235@mail.com;9339788427;9339788427;UK
C1237;;Male;33;Kolkata;;14/7/2024;;5;user1236mail.com;;;
C1238;Sneha;Female;;;;;;10;user1237@mail.com;;;USA
C1239;Ankit;Male;;;25/1/2026;7/3/2021;;;;91156185;0091156185;Canada
C1240;Pooja;Female;53;Chennai;;;;1;user1239mail.com;;;USA
C1241;Simran;Female;21;;9/4/2023;3/10/2021;;1;;9625653979;9625653979;UK
;Ankit;;;Pune;25/9/2021;;;10;user1241mail.com;;;USA
;Neha;Male;;Mumbai;29/8/2024;28/7/2021;;;;;;USA
C1244;Kiran;Female;50;Pune;13/12/2021;;;10;;;;UK
C1245;Simran;;;Kolkata;;;;1;user1244mail.com;933854982;0933854982;
C1246;Rahul;;;Pune;;9/12/2022;69.93;;;;;Canada
C1247;;Male;;Mumbai;16/11/2023;;3182.41;;user1246@mail.com;;;UK
;;Female;60;Bangalore;20/6/2021;23/4/2022;3991.69;10;;;;UK
;Rahul;Female;;Pune;;;;10;user1248@mail.com;;;UK
C1250;Kiran;Male;;Mumbai;3/3/2021;21/10/2020;;;;9529794299;9529794299;India
C1251;Sneha;Male;;Bangalore;30/9/2025;;;;;98781519;0098781519;USA
C1252;;;;Bangalore;10/11/2020;;;10;user1251mail.com;9188291498;9188291498;UK
C1253;Neha;Female;50;Chennai;;27/7/2023;;10;user1252@mail.com;;;
C1254;Rahul;;;Chennai;7/11/2024;;;;;;;Canada
C1255;Rahul;;;Pune;;25/3/2024;;1;user1254@mail.com;;;UK
C1256;Ankit;Female;;Bangalore;;;;;user1255@mail.com;912559782;0912559782;UK
C1257;Neha;Female;;Bangalore;;;;10;user1256mail.com;;;UK
;Rahul;;;;;;;;user1257@mail.com;;;Canada
;Sneha;Female;27;Chennai;;5/3/2025;;10;;;;India
C1260;Pooja;Female;;Ahmedabad;19/8/2024;2/9/2023;4487.52;;;94966944;0094966944;UK
;Ankit;;;Kolkata;9/8/2024;4/12/2022;;10;;;;UK
C1262;Ankit;Female;61;Pune;;24/3/2022;;3;user1261mail.com;99447949;0099447949;Canada
C1263;Ankit;Female;;Bangalore;;6/9/2021;;10;user1262@mail.com;985725724;0985725724;India
C1264;Neha;;62;Bangalore;;;;;user1263mail.com;;;India
;Pooja;Male;;Delhi;24/5/2021;;103.69;10;;954423187;0954423187;India
C1266;Pooja;;;Ahmedabad;15/6/2023;14/10/2020;;1;;;;
C1267;Priya;Female;;Kolkata;29/9/2024;;2951.9;1;;;;USA
C1268;Pooja;Male;55;Ahmedabad;15/2/2023;;;1;;9778214251;9778214251;USA
;Neha;Female;;Chennai;;7/10/2020;;10;user1268@mail.com;;;Australia
C1270;Rahul;Male;68;Bangalore;;;1500.23;10;;;;USA
C1271;Ankit;Male;;Hyderabad;;;;10;;;;UK
;Priya;Male;;Chennai;4/12/2024;;;1;;;;USA
;Pooja;Male;44;;;;2472.13;;;;;USA
C1274;Sneha;Male;;;19/5/2024;1/6/2021;;1;;;;Canada
;Kiran;;43;Delhi;1/12/2024;;2231.91;10;;;;Canada
;Pooja;;;;26/6/2021;26/1/2021;2508;1;;989621796;0989621796;USA
C1277;Kiran;Male;;Delhi;;;2618.82;5;user1276@mail.com;;;Australia
;Neha;Male;;Ahmedabad;15/10/2021;17/6/2022;;;;;;
C1279;;Male;;;2/9/2020;;;4;user1278mail.com;;;Canada
C1280;Amit;Female;;Hyderabad;;21/11/2022;;10;;;;UK
;Pooja;Female;;Kolkata;;;;4;;;;India
C1282;Ravi;Female;;Delhi;30/11/2025;;;10;;;;UK
C1283;;Female;63;Delhi;;17/1/2022;;10;;;;USA
;;;;Hyderabad;31/3/2021;;;10;user1283@mail.com;9832234223;9832234223;
C1285;Ankit;Female;48;Chennai;;;;10;;;;India
C1286;Pooja;;;Mumbai;;25/4/2025;2229.62;4;user1285mail.com;9295856598;9295856598;India
C1287;Ankit;;;;17/7/2024;;3139.15;1;;;;Canada
C1288;Priya;;;;24/3/2021;;;1;user1287@mail.com;;;India
C1289;Pooja;;;Mumbai;10/10/2020;14/1/2021;;10;;;;UK
C1290;Pooja;Female;;Ahmedabad;23/3/2025;;1403.38;10;user1289mail.com;96784676;0096784676;India
C1291;Priya;Male;;Bangalore;25/7/2023;12/7/2024;;10;user1290@mail.com;;;USA
C1292;Simran;;;Pune;14/10/2022;;;1;;;;UK
C1293;Amit;Male;68;;1/11/2022;7/1/2023;;10;;9413729936;9413729936;
C1294;Ankit;Female;;;;;;3;;9736677238;9736677238;USA
;Pooja;Male;;Delhi;;;;10;user1294@mail.com;;;
;Simran;Male;;Hyderabad;;;3049.28;5;user1295mail.com;;;Canada
C1297;Priya;Male;60;Chennai;;1/1/2021;;;;918998212;0918998212;UK
;Priya;Male;;Mumbai;21/8/2025;29/9/2023;;2;user1297@mail.com;;;
C1299;Rahul;;64;Delhi;31/3/2024;14/11/2021;;10;user1298@mail.com;;;
C1300;;;;Bangalore;31/3/2024;;;;;;;Canada
C1301;Rahul;Female;64;Pune;16/7/2025;;;1;user1300mail.com;;;USA
C1302;Amit;;;Ahmedabad;26/1/2023;;;;user1301mail.com;;;UK
C1303;;Female;39;Mumbai;;10/1/2021;;1;user1302@mail.com;;;
C1304;;Male;;Mumbai;;15/10/2020;;10;;;;
C1305;;Male;;Pune;;21/5/2021;;1;;;;Australia
C1306;Kiran;Female;21;Chennai;;;2217.56;1;;9299622728;9299622728;Australia
C1307;Amit;;;Hyderabad;12/2/2023;;;3;;;;India
C1308;Ankit;Male;;Mumbai;30/1/2025;26/10/2025;;;user1307@mail.com;;;
;Rahul;Female;;;;;;1;;9354113438;9354113438;Australia
C1310;Rahul;;57;Delhi;;;3353.85;1;;;;
C1311;Priya;Male;;Delhi;;28/9/2022;2949.11;10;user1310@mail.com;;;
C1312;Ankit;;;Hyderabad;18/9/2023;1/10/2024;;;;;;Australia
;Kiran;Male;;Kolkata;;;;5;;;;Canada
C1314;;;37;Hyderabad;;;;3;user1313@mail.com;;;Australia
C1315;Rahul;;;;28/8/2022;;;1;user1314mail.com;;;
C1316;Pooja;;;Kolkata;14/6/2021;;3906.89;10;;966766897;0966766897;USA
C1317;Amit;Female;56;Chennai;;5/2/2022;2471.08;;;972252923;0972252923;USA
C1318;Kiran;Male;;;;4/12/2024;;10;;;;USA
C1319;Pooja;;;;;;;10;;962676998;0962676998;USA
C1320;Amit;Female;;;;;;10;user1319@mail.com;;;
C1321;Sneha;;;Delhi;25/5/2024;;;;;;;
C1322;Simran;Male;;Hyderabad;;;;5;;;;UK
;;Female;;Pune;19/6/2023;;1298.41;10;user1322@mail.com;;;India
C1324;Pooja;Male;;Bangalore;2/9/2024;;;10;;;;
;Ravi;;;Bangalore;;13/4/2023;;5;;;;Australia
C1326;;Male;;Chennai;;2/3/2021;;;;;;Canada
C1327;Rahul;Female;;Bangalore;;;4498.86;;;;;Canada
;Kiran;Female;;;;;2924.59;5;user1327mail.com;;;India
C1329;Pooja;Female;;Bangalore;;;;10;;;;
C1330;Sneha;Female;;Bangalore;31/7/2022;2/5/2023;;1;user1329@mail.com;915763685;0915763685;India
C1331;Neha;Female;34;Delhi;;14/6/2021;;1;user1330@mail.com;;;Australia
;Ravi;Female;;Pune;4/6/2022;;2559.25;5;;;;USA
C1333;;Female;;Bangalore;;;1932.12;1;;;;India
C1334;Kiran;;;Kolkata;19/12/2025;;;;;;;India
C1335;Pooja;Female;;;5/3/2023;;;4;;;;Australia
C1336;Ravi;;;;30/12/2024;;973.83;2;user1335mail.com;9672791656;9672791656;Canada
C1337;Simran;Female;;;;;;;;;;Canada
C1338;Amit;Female;;Pune;;;;1;;;;UK
C1339;Ravi;;;Hyderabad;12/9/2021;;;;;;;India
C1340;;Male;;Mumbai;16/11/2025;;;;user1339mail.com;;;Canada
C1341;Neha;Female;;Kolkata;22/6/2021;;;1;;;;India
C1342;Ravi;Male;;Pune;27/4/2023;;;10;user1341mail.com;;;UK
;Neha;;50;Pune;30/6/2024;;;3;user1342mail.com;9295678981;9295678981;Canada
C1344;Pooja;;;Chennai;30/8/2024;;;10;user1343mail.com;;;UK
C1345;Priya;Male;;Pune;4/2/2022;;;2;;;;USA
C1346;Neha;Male;;Bangalore;;;;1;user1345@mail.com;;;
C1347;Rahul;Male;;Ahmedabad;;;;2;;;;Canada
C1348;Priya;Male;;Pune;;;1359.16;;;;;USA
C1349;Ankit;;;Hyderabad;10/5/2025;;187.78;;user1348mail.com;;;USA
C1350;;Male;;Delhi;17/7/2023;;;1;;;;Australia
C1351;Priya;Male;30;Mumbai;;8/7/2025;;10;;937618167;0937618167;USA
;Pooja;Female;29;Chennai;3/6/2022;25/9/2023;;3;;;;Australia
C1353;Simran;;;Delhi;18/1/2026;;;1;;9144216746;9144216746;UK
C1354;Pooja;Male;64;Bangalore;22/3/2022;;;1;;;;Australia
C1355;Rahul;Male;;Ahmedabad;19/1/2026;;1176.53;10;;;;India
C1356;Kiran;;;Hyderabad;21/2/2024;;;10;user1355@mail.com;;;India
C1357;;Female;;Kolkata;;23/3/2023;;2;user1356mail.com;;;USA
C1358;Ravi;;;Mumbai;24/12/2023;;4087.76;1;user1357mail.com;;;Australia
C1359;Sneha;Female;;Bangalore;;;;1;user1358mail.com;;;UK
C1360;Rahul;Female;34;Bangalore;21/3/2022;;;1;user1359mail.com;;;Australia
C1361;Priya;Female;49;;;;;;;;;
C1362;Pooja;Male;18;Mumbai;26/9/2025;23/10/2023;;5;;94752743;0094752743;Australia
C1363;Amit;Male;;Hyderabad;;7/7/2023;353.77;;;958681684;0958681684;India
C1364;Priya;Female;;Mumbai;20/9/2020;;;;user1363mail.com;;;India
C1365;Kiran;Male;;Pune;;;;10;user1364mail.com;;;UK
;Priya;;;Chennai;;9/10/2021;;1;user1365@mail.com;;;Australia
;Neha;;;Pune;25/3/2023;20/2/2021;;1;user1366mail.com;;;Australia
C1368;Rahul;Male;69;Pune;;;;1;user1367@mail.com;;;UK
C1369;Kiran;Female;;Ahmedabad;;;;10;;;;
C1370;Kiran;Male;40;Kolkata;2/3/2021;;;;;;;
C1371;Rahul;Female;;Bangalore;15/8/2024;;;1;;;;
;Rahul;;;Bangalore;31/1/2024;;;3;user1371@mail.com;;;USA
C1373;Ankit;Male;;Chennai;13/12/2025;;388.61;1;user1372mail.com;;;
C1374;Rahul;Female;;Ahmedabad;1/7/2024;;;;;;;India
C1375;Simran;;;Mumbai;10/6/2024;;;1;;;;Australia
;;;;Delhi;;1/2/2025;;5;;;;USA
C1377;;Female;24;Ahmedabad;;2/3/2021;;1;user1376mail.com;966246522;0966246522;India
;;Female;;Mumbai;;11/5/2025;;10;user1377@mail.com;;;UK
C1379;Ankit;;;Mumbai;;6/6/2025;;4;;9375879824;9375879824;
C1380;Neha;Male;43;Ahmedabad;;11/11/2023;;5;user1379@mail.com;;;India
;Simran;;;Hyderabad;;6/7/2022;;2;user1380@mail.com;;;UK
C1382;Amit;Male;;Chennai;2/10/2022;27/10/2021;;;user1381mail.com;;;UK
C1383;Sneha;;70;Delhi;;;;;;934456685;0934456685;USA
C1384;Amit;;;Bangalore;4/5/2022;17/2/2022;;;;9941758532;9941758532;India
;;Male;;Hyderabad;17/4/2022;4/7/2025;;1;user1384@mail.com;971553366;0971553366;Australia
C1386;Sneha;Female;;Pune;;26/1/2021;;;;;;UK
C1387;Ankit;Male;;Delhi;;;;1;;;;UK
C1388;Simran;;;Chennai;4/5/2022;18/3/2024;;5;;99567198;0099567198;
C1389;Pooja;;65;Mumbai;10/10/2020;;;1;;;;Canada
;Neha;Female;;Mumbai;;26/8/2024;;10;;;;UK
C1391;Ankit;Male;;Kolkata;18/1/2022;18/1/2021;;10;user1390mail.com;;;
C1392;Pooja;;;Kolkata;;;2111.61;;user1391mail.com;9762397844;9762397844;USA
C1393;Neha;Female;;Pune;;2/10/2025;;1;;;;USA
C1394;Amit;Male;;Mumbai;21/8/2024;23/8/2020;;1;;;;India
C1395;;Male;;Pune;;;;4;user1394mail.com;;;India
C1396;Simran;Female;39;Pune;18/2/2025;21/1/2025;;1;user1395@mail.com;;;USA
C1397;Pooja;;;Ahmedabad;5/7/2024;19/11/2022;1928.13;1;;;;UK
C1398;Ravi;Male;59;Ahmedabad;11/8/2023;;;;;9266149;0009266149;
;Kiran;Male;54;Delhi;10/10/2021;;;4;;9662868;0009662868;
;;Female;;;25/11/2024;;;;user1399mail.com;;;Canada
C1401;Ankit;;;Hyderabad;19/5/2022;20/9/2023;2475.37;10;user1400@mail.com;;;India
C1402;Rahul;Male;27;Bangalore;;;;;;946776256;0946776256;USA
C1403;;;;Ahmedabad;;;;1;user1402@mail.com;;;India
C1404;Pooja;Female;67;Delhi;;14/12/2022;;1;user1403mail.com;;;
;Neha;Male;;Chennai;2/3/2023;11/7/2022;;10;user1404@mail.com;;;Australia
C1406;Ankit;Female;;Kolkata;22/1/2023;19/11/2021;4982.59;1;user1405@mail.com;964312176;0964312176;Canada
;Sneha;;;Delhi;;;;;user1406mail.com;;;UK
;;Female;;;13/8/2022;;;2;user1407mail.com;;;UK
C1409;Neha;Female;38;Bangalore;;9/8/2021;;5;user1408mail.com;;;USA
C1410;;Male;;Chennai;5/3/2021;;;10;user1409mail.com;;;Australia
C1411;Kiran;;49;Delhi;;;3041.54;1;user1410mail.com;;;Australia
C1412;Simran;;;Bangalore;;20/2/2022;;10;user1411mail.com;936527958;0936527958;
C1413;Ravi;;;Bangalore;9/3/2025;24/9/2022;;2;user1412@mail.com;;;India
C1414;;Female;;Hyderabad;1/10/2023;;;1;;955522967;0955522967;India
C1415;Ravi;Male;;Ahmedabad;6/9/2023;;;;;9232264949;9232264949;Canada
C1416;Neha;;49;Pune;;;3144.47;;;;;India
;Priya;;;Chennai;3/3/2021;;;3;user1416mail.com;;;
C1418;Rahul;;;Ahmedabad;5/8/2025;;995.36;1;user1417mail.com;;;Canada
C1419;Pooja;Male;;Ahmedabad;11/12/2023;;3804.91;;user1418mail.com;9553592361;9553592361;UK
;Simran;Female;;Chennai;;;1579.25;;;956644545;0956644545;USA
C1421;Ankit;Male;;Pune;8/4/2025;;1661.44;1;;985329369;0985329369;India
C1422;Simran;;;Mumbai;;;;;;;;UK
;Ankit;Male;;Pune;29/6/2022;;;;;989162735;0989162735;Canada
;Simran;Female;;Ahmedabad;17/2/2024;;;3;user1423mail.com;;;Australia
C1425;Ravi;Female;31;Bangalore;19/4/2022;;2848.1;;;;;Australia
C1426;Kiran;;28;Pune;20/10/2021;;;3;;;;Canada
;Priya;Male;;;;9/7/2022;;;user1426@mail.com;;;UK
C1428;;;;Chennai;26/1/2022;;;5;user1427mail.com;;;
C1429;Amit;;;Delhi;;12/5/2023;;;user1428@mail.com;994789144;0994789144;Canada
;Ravi;;;Mumbai;9/5/2025;;;1;;;;India
C1431;Amit;Male;26;Hyderabad;;;;4;user1430@mail.com;;;
C1432;Priya;;;Bangalore;;;2557.83;1;;;;USA
C1433;;Female;;Delhi;;10/12/2021;;10;;;;Australia
C1434;Amit;Female;;;15/8/2023;;;1;user1433@mail.com;;;UK
C1435;Ankit;Male;;Pune;;;;2;user1434mail.com;;;Canada
;;;;;;3/2/2022;;1;;9392739763;9392739763;USA
C1437;Ravi;Female;43;Ahmedabad;;;;10;user1436mail.com;;;Canada
;Neha;;;Bangalore;;5/9/2023;1292.01;10;user1437@mail.com;;;
C1439;Sneha;Male;;Delhi;;18/4/2025;;10;;;;
C1440;Priya;;66;Mumbai;23/1/2021;;;1;;;;Australia
C1441;Sneha;Male;;Ahmedabad;;;;;user1440@mail.com;964884542;0964884542;Canada
C1442;Pooja;;67;Chennai;;15/5/2024;1009.04;5;;;;Canada
;Priya;Male;28;Bangalore;;;2590.05;1;user1442@mail.com;;;UK
C1444;;Female;;Bangalore;28/6/2025;12/11/2021;2400.93;;user1443@mail.com;;;Canada
C1445;Ankit;;;;;21/7/2023;2581.18;10;;;;USA
C1446;Ravi;Female;;;13/5/2025;;;10;user1445@mail.com;911222375;0911222375;India
;Ravi;Male;;Kolkata;;7/6/2025;;;;;;Australia
C1448;Pooja;;;Hyderabad;;;4617.65;1;user1447mail.com;9172852311;9172852311;
C1449;Rahul;Male;;Ahmedabad;15/3/2024;;;;user1448mail.com;957697125;0957697125;Canada
;;Male;58;Mumbai;;2/1/2022;;;;;;Australia
C1451;Sneha;;;Pune;;;;1;user1450@mail.com;;;UK
C1452;Ankit;;;Chennai;29/9/2024;26/3/2021;;1;user1451@mail.com;938543642;0938543642;Australia
C1453;Neha;Female;;Chennai;28/10/2025;;;2;user1452@mail.com;;;Canada
C1454;Priya;;;Chennai;8/5/2022;;;;user1453mail.com;;;India
C1455;Priya;Female;38;Ahmedabad;;;;1;user1454mail.com;;;
C1456;Rahul;Female;;Kolkata;;13/9/2025;;5;;;;
C1457;Amit;Male;18;Mumbai;;;;1;;997525698;0997525698;Australia
C1458;Amit;;26;Delhi;;;;1;user1457mail.com;;;
;Amit;Female;;Kolkata;;;;10;user1458@mail.com;;;
C1460;Amit;Female;;Bangalore;9/10/2023;;3547.91;3;user1459@mail.com;911718242;0911718242;Australia
C1461;Sneha;;36;Pune;;31/7/2025;;;;958312246;0958312246;
;;;;Bangalore;;27/2/2025;3755.21;;user1461mail.com;;;
C1463;Sneha;Female;;;;19/3/2021;;1;;;;India
;Neha;Female;46;Mumbai;31/1/2023;;3345.41;;user1463mail.com;96288855;0096288855;USA
C1465;Sneha;Female;;Pune;6/12/2022;;;10;user1464@mail.com;;;India
;Ankit;Female;;Delhi;;;;;user1465mail.com;;;Australia
C1467;Sneha;Female;44;Delhi;3/1/2025;8/12/2020;;;user1466mail.com;9311125569;9311125569;Australia
C1468;;Female;;Hyderabad;22/4/2024;14/6/2023;3364.93;10;user1467@mail.com;;;Australia
C1469;Ankit;Female;;Bangalore;;;361.18;3;user1468@mail.com;;;India
C1470;Ankit;Male;;;14/4/2024;;;1;;;;Canada
;Ravi;Female;;;24/8/2023;;;10;;942249549;0942249549;Canada
C1472;Neha;Male;;;5/4/2024;;;4;;;;USA
C1473;Ravi;Male;;Pune;23/11/2025;;;10;user1472mail.com;94258825;0094258825;Canada
C1474;Priya;Male;21;Delhi;;;;3;user1473mail.com;;;India
;Amit;Female;;Ahmedabad;;;;;;;;Canada
;Ankit;;;Mumbai;;;1656.03;1;user1475mail.com;;;Canada
C1477;Rahul;;;Delhi;22/11/2022;;;10;user1476@mail.com;;;
C1478;Rahul;Male;;Pune;;22/2/2021;;10;user1477mail.com;;;
C1479;;;27;Delhi;;;;10;user1478@mail.com;9656693317;9656693317;Canada
;Kiran;Female;;Kolkata;;;;5;user1479mail.com;;;India
C1481;Sneha;Female;47;Pune;2/12/2025;15/7/2025;;1;user1480@mail.com;;;India
C1482;Simran;Male;;Hyderabad;8/1/2025;;2227.2;2;user1481mail.com;;;India
;Rahul;Female;;Delhi;;;;1;user1482mail.com;;;Canada
C1484;Amit;Female;;Ahmedabad;24/8/2024;;1674.71;10;;;;USA
C1485;Pooja;Male;;Delhi;26/2/2023;23/7/2025;2361.99;1;user1484@mail.com;;;USA
C1486;Amit;Female;;Ahmedabad;;;;;;;;India
C1487;Kiran;Male;;Mumbai;4/4/2025;6/12/2023;;;user1486@mail.com;;;Australia
;Simran;Female;;Chennai;28/4/2021;28/9/2023;;;user1487@mail.com;;;India
C1489;Kiran;Male;;Mumbai;2/7/2022;;;2;;;;India
;Pooja;Male;;Chennai;;;;1;user1489mail.com;;;Canada
C1491;;Female;67;;;;;10;user1490@mail.com;;;Canada
;Amit;;60;Chennai;;;;1;;982773565;0982773565;Australia
C1493;Priya;Male;51;Delhi;20/9/2022;;;10;;;;UK
C1494;Neha;Male;;Kolkata;;4/9/2025;;5;;;;
C1495;Simran;Female;;Kolkata;10/2/2021;;;1;user1494@mail.com;;;Canada
C1496;;Male;;Pune;21/10/2022;1/7/2021;;10;user1495@mail.com;9466673553;9466673553;Canada
C1497;Kiran;Female;28;Ahmedabad;5/3/2024;;2758.91;10;user1496@mail.com;92877685;0092877685;Australia
C1498;Sneha;Female;;Hyderabad;;;;1;user1497@mail.com;943172264;0943172264;
C1499;Simran;Female;;Pune;;;3355.58;10;user1498mail.com;965315994;0965315994;USA
;;Female;;Mumbai;20/6/2022;;;10;user1499mail.com;;;UK
C1501;Kiran;;;Delhi;;27/9/2023;;;;;;
;Kiran;;;Bangalore;;;4588.95;1;user1501mail.com;;;Canada
C1503;Sneha;;;Kolkata;13/3/2025;;;10;user1502mail.com;9569555319;9569555319;Australia
C1504;Ravi;;;Pune;;12/12/2021;;1;;9918334131;9918334131;Canada
C1505;Sneha;Female;;Delhi;;;3103.59;10;;;;Canada
C1506;Amit;Female;;;;;819.25;10;user1505mail.com;971749213;0971749213;Australia
C1507;Amit;Male;;Bangalore;;20/8/2020;;10;user1506@mail.com;;;Canada
C1508;;Male;;Pune;;17/7/2023;3050.88;1;user1507@mail.com;;;India
;;Male;;;2/3/2021;;3520.55;1;user1508mail.com;;;UK
;Ravi;Female;32;;;18/9/2023;3815.42;1;;;;UK
;Priya;;59;Hyderabad;;;;;user1510mail.com;994777797;0994777797;USA
;Kiran;;;Hyderabad;17/8/2021;;;1;user1511mail.com;933724867;0933724867;USA
;Sneha;Male;;Delhi;10/5/2023;;;2;;;;USA
C1514;Pooja;Female;;Bangalore;28/1/2025;;;;;;;India
C1515;Ravi;Female;46;Ahmedabad;;;;;user1514mail.com;;;
C1516;Simran;Female;;Delhi;;;;;user1515@mail.com;9833324951;9833324951;USA
;Neha;Female;69;Mumbai;;;1522.04;10;user1516mail.com;;;Canada
C1518;Ravi;Female;43;Kolkata;4/12/2025;;4228.47;1;user1517mail.com;;;Australia
C1519;;Male;;Chennai;;5/7/2025;;1;;;;UK
C1520;Sneha;Male;;Mumbai;9/9/2024;25/2/2025;2718.48;2;user1519@mail.com;;;Australia
C1521;Simran;Female;;;;;822.32;1;user1520mail.com;;;USA
C1522;Pooja;;49;;;;;10;;95568844;0095568844;
;Amit;;;Pune;;24/12/2023;;4;user1522mail.com;9874572371;9874572371;USA
;Neha;;;Mumbai;;5/5/2022;;;user1523mail.com;;;USA
C1525;Neha;Male;;Kolkata;;7/5/2025;4498.97;;user1524@mail.com;;;USA
C1526;Kiran;Female;33;Hyderabad;;;;1;;;;
C1527;Amit;Female;;Hyderabad;25/8/2020;;;;;;;India
C1528;Kiran;Male;;Kolkata;11/11/2025;;;10;user1527@mail.com;;;USA
C1529;Amit;Female;;Pune;22/4/2023;;489.07;10;;928289498;0928289498;
C1530;Sneha;Male;;Hyderabad;20/12/2020;14/10/2025;;10;user1529mail.com;;;Canada
C1531;Priya;Male;18;Ahmedabad;2/5/2021;;;1;user1530mail.com;;;Australia
;;Male;27;Chennai;;;;;user1531mail.com;959765217;0959765217;USA
C1533;Rahul;Male;46;Ahmedabad;;13/1/2025;;1;;;;Canada
C1534;Sneha;;;;;;2544.56;2;user1533@mail.com;;;Australia
C1535;Priya;Female;;Kolkata;12/1/2023;;;1;user1534@mail.com;;;Australia
C1536;Priya;Male;;Bangalore;;;4284.68;10;;;;
C1537;Simran;Male;;;2/12/2025;18/6/2024;;;;;;
C1538;Sneha;Female;;;15/11/2025;;;4;;;;India
C1539;;Male;;Pune;;;;;;91157797;0091157797;Canada
;Simran;Male;;Chennai;4/5/2024;;;1;user1539mail.com;;;USA
;Amit;;;Mumbai;;9/5/2025;2860.21;10;user1540@mail.com;;;Canada
C1542;Simran;Male;66;;1/12/2024;1/7/2024;3922.5;2;user1541@mail.com;;;Australia
C1543;Amit;Female;;Kolkata;;;;10;;9591799415;9591799415;
C1544;;;;Chennai;1/4/2023;;;;;;;India
C1545;Sneha;Female;;;;;;10;;94633627;0094633627;
C1546;Pooja;;;Ahmedabad;;;;;user1545mail.com;;;
C1547;Pooja;Male;;Hyderabad;;19/8/2020;;10;;999593239;0999593239;Canada
C1548;Amit;Male;;Delhi;15/2/2021;;;4;user1547@mail.com;;;India
C1549;Simran;;;Kolkata;7/2/2023;;;;user1548@mail.com;;;Australia
;Kiran;Female;;Chennai;3/10/2023;;;2;;9552536877;9552536877;India
;Rahul;;;Ahmedabad;5/11/2021;2/2/2025;;;;;;Australia
C1552;Ankit;Male;;Bangalore;;;;4;user1551@mail.com;;;India
;;Female;63;Mumbai;24/8/2020;;;1;;;;Canada
;;Female;;Mumbai;;19/5/2021;;10;;9567127922;9567127922;Australia
C1555;Neha;;;Pune;;;;1;;9875166127;9875166127;UK
C1556;Ravi;Female;;Pune;19/9/2025;;;;;;;UK
C1557;Ravi;Male;37;Ahmedabad;;;1971.61;;;98417434;0098417434;Australia
C1558;Priya;Female;;Delhi;2/5/2022;;1308.52;;;;;USA
C1559;Rahul;Male;;Kolkata;3/5/2023;;;;;;;Australia
;Ravi;Male;;Bangalore;;;4843.62;1;;;;USA
;Simran;Female;29;Ahmedabad;;;;;;;;Canada
;;Female;;Ahmedabad;25/9/2021;15/7/2024;;1;user1561@mail.com;9476144258;9476144258;
C1563;Kiran;Male;25;Kolkata;29/6/2023;;;1;user1562mail.com;;;Canada
C1564;Priya;Female;59;Pune;5/3/2022;22/10/2022;;3;;9173461961;9173461961;India
C1565;Pooja;Male;;Kolkata;;;3177.39;1;user1564@mail.com;;;Canada
;Neha;Female;49;Chennai;7/11/2020;;;5;user1565@mail.com;;;Canada
C1567;Rahul;Female;;Ahmedabad;31/7/2024;;2572;10;user1566mail.com;9738228976;9738228976;India
;Sneha;Female;;;23/4/2025;;;1;;;;USA
C1569;Amit;;;Hyderabad;10/12/2022;;;;;994755318;0994755318;
C1570;;;;Mumbai;;11/12/2021;;10;user1569mail.com;;;
C1571;Priya;Female;;Delhi;;;4280.2;;;;;Australia
C1572;Rahul;Female;;Bangalore;24/1/2026;18/6/2024;3537.21;5;;;;UK
C1573;Simran;;;Bangalore;;;;1;user1572@mail.com;;;USA
;Amit;Female;;Bangalore;;;;10;user1573mail.com;;;India
C1575;Rahul;Male;;Kolkata;;5/2/2025;;1;;;;UK
;Sneha;;;Hyderabad;18/10/2022;;;1;user1575@mail.com;;;Canada
;Amit;Male;;Kolkata;20/7/2022;;;1;user1576mail.com;9395879432;9395879432;Australia
C1578;Ravi;;;Pune;7/2/2025;;;1;;996711333;0996711333;India
C1579;Pooja;Male;;Mumbai;13/6/2023;;;1;;;;UK
;Rahul;Female;;Delhi;6/2/2023;;2023.5;1;user1579@mail.com;;;Canada
C1581;Amit;Female;;Bangalore;10/4/2025;;;;;;;USA
C1582;Ravi;Male;;Bangalore;;;;10;;;;India
C1583;Kiran;Male;;Delhi;6/5/2021;9/7/2023;;1;user1582@mail.com;;;Australia
C1584;Kiran;Female;;Kolkata;;;384.31;10;user1583@mail.com;;;
C1585;Kiran;Male;;Ahmedabad;24/4/2023;;;;user1584@mail.com;;;India
;Ankit;Female;;Hyderabad;;;3102.19;1;;;;India
;Rahul;Male;;Chennai;19/5/2025;;;;;9876883757;9876883757;
C1588;Priya;Male;;Pune;24/3/2023;;;;;;;Australia
;Priya;Female;;Ahmedabad;29/12/2021;;;1;user1588@mail.com;;;India
C1590;Amit;Male;;;;;;1;;;;Canada
C1591;Ankit;Male;;Ahmedabad;21/9/2023;;;;;93441656;0093441656;
C1592;Ankit;Male;;;29/8/2021;30/3/2024;3551.22;3;user1591mail.com;979872255;0979872255;Australia
C1593;Ravi;;;Kolkata;23/9/2023;;;10;user1592@mail.com;;;UK
C1594;Amit;Female;;Hyderabad;;14/9/2020;3813.25;10;user1593mail.com;;;UK
;Amit;Male;52;Bangalore;5/6/2022;;;1;;9496166789;9496166789;Canada
C1596;Simran;Male;45;Chennai;;;;1;;;;Australia
C1597;Priya;;;Bangalore;14/9/2021;;2337.08;10;user1596mail.com;9387596534;9387596534;
;Amit;Female;;Ahmedabad;;;;;;;;Canada
C1599;Sneha;;64;Delhi;;;668.65;;user1598@mail.com;;;USA
C1600;Pooja;Male;39;Ahmedabad;;;;1;user1599@mail.com;;;UK
;Pooja;Male;;Bangalore;;;;;user1600mail.com;;;Canada
;;;39;Pune;;;;;;;;Australia
C1603;Pooja;Male;;Pune;20/7/2025;;;4;user1602@mail.com;;;
;Simran;Male;;Mumbai;;;;;user1603mail.com;;;Australia
C1605;;Male;;Delhi;9/11/2024;;;4;user1604mail.com;;;Australia
C1606;Ravi;Female;;Pune;;6/9/2022;166.8;10;;;;
C1607;Priya;;;Hyderabad;5/12/2022;;;10;user1606@mail.com;;;UK
C1608;Ravi;;;Hyderabad;;;;;;929591234;0929591234;USA
C1609;Amit;;;Hyderabad;;;565.21;1;user1608mail.com;;;
C1610;Sneha;Male;;Mumbai;;;;1;;;;UK
C1611;Kiran;Female;38;Ahmedabad;22/1/2021;;;10;;9263814726;9263814726;USA
C1612;Sneha;;;Mumbai;8/11/2022;;2181.5;;;;;
C1613;Neha;Male;;Delhi;;30/11/2021;;1;;946298579;0946298579;USA
C1614;Ankit;Female;;Bangalore;;;;10;user1613@mail.com;;;Australia
C1615;;Female;50;Hyderabad;;;4779.47;1;user1614mail.com;;;USA
C1616;Neha;;;Chennai;4/6/2022;;;10;;;;Australia
C1617;Rahul;Female;;Delhi;3/6/2022;17/1/2022;;10;user1616@mail.com;;;Australia
C1618;Rahul;Female;;Delhi;;18/12/2020;;1;;9778837749;9778837749;India
C1619;Simran;Male;;;;7/9/2023;;1;;;;USA
C1620;Rahul;Male;49;Delhi;7/5/2025;;;;user1619@mail.com;;;Australia
C1621;Ravi;Male;;Hyderabad;;;;5;user1620mail.com;;;
C1622;Sneha;;;Delhi;15/4/2022;16/4/2021;;1;;;;USA
;Kiran;Female;25;Chennai;15/7/2023;;;10;;9626664124;9626664124;USA
C1624;Ankit;Male;;Chennai;;11/5/2025;;;user1623mail.com;;;India
C1625;Amit;Male;;Kolkata;;;;;user1624@mail.com;989428539;0989428539;USA
C1626;Ravi;Male;;Hyderabad;;25/8/2024;;1;user1625@mail.com;;;
;;Male;30;Pune;17/6/2024;;919.67;;user1626@mail.com;986844;0000986844;
C1628;Neha;Male;;Kolkata;;;1863.48;1;;;;
C1629;Ravi;;60;Mumbai;10/4/2023;;;5;;;;Australia
C1630;Pooja;Female;;Bangalore;;;3184;10;user1629mail.com;;;Australia
C1631;Pooja;Male;37;Ahmedabad;;;;;;;;
;Ankit;;;Mumbai;17/1/2023;7/7/2021;;4;user1631mail.com;;;UK
C1633;Rahul;Male;;Mumbai;;;1035.16;;;;;USA
C1634;Ankit;Male;;;;;;10;;;;USA
C1635;Amit;Male;;Chennai;16/4/2022;;;1;;;;
C1636;Pooja;;;Bangalore;;;1770.09;3;;;;Canada
C1637;Rahul;Male;;Ahmedabad;8/2/2022;;1948.68;10;;;;USA
C1638;Ravi;Male;;Bangalore;28/4/2023;;;10;;947429869;0947429869;
C1639;Pooja;;;Pune;;;;4;user1638mail.com;;;
C1640;Amit;;64;Chennai;8/12/2020;;;3;;;;India
C1641;Ravi;Female;;Chennai;30/1/2021;24/1/2025;;5;;;;UK
C1642;Ankit;;;Ahmedabad;;30/11/2024;;;user1641@mail.com;;;Canada
;Ankit;Male;;Delhi;;;;;;9969615;0009969615;USA
C1644;Ravi;Male;;Bangalore;;27/3/2022;;1;user1643mail.com;;;India
C1645;Kiran;Female;;Bangalore;22/11/2021;;;10;;;;Australia
C1646;Simran;Male;;Bangalore;22/11/2020;;;10;;;;
C1647;Sneha;;;;;;;10;user1646mail.com;;;India
C1648;Priya;Male;;Pune;;4/1/2025;;1;;;;India
C1649;Priya;;;Ahmedabad;11/1/2023;24/10/2022;;1;user1648@mail.com;92967441;0092967441;
C1650;Pooja;Male;;Hyderabad;;26/6/2024;;1;user1649mail.com;;;
C1651;Amit;Female;;Hyderabad;;;;10;user1650@mail.com;;;
C1652;Priya;Female;;Pune;20/12/2020;;;1;user1651mail.com;;;India
C1653;Pooja;Female;;Mumbai;13/9/2023;;;1;;9852235948;9852235948;UK
C1654;Ankit;Male;;Kolkata;;20/4/2025;;;;;;
C1655;Kiran;Female;;Pune;24/4/2022;;;;user1654@mail.com;;;Australia
C1656;Priya;Female;;;26/11/2022;17/11/2021;655.97;1;;;;India
C1657;Priya;Female;;Bangalore;26/12/2023;;;1;user1656@mail.com;;;Canada
C1658;Sneha;;64;Kolkata;21/9/2020;;;1;;9892469638;9892469638;
;;Male;;Delhi;;;;10;;;;Canada
C1660;Pooja;;;Ahmedabad;;;2571.35;;;;;UK
C1661;Simran;Male;43;Kolkata;;;4677.88;10;user1660@mail.com;9372618;0009372618;USA
C1662;Ankit;Male;;Chennai;;12/9/2020;;10;user1661mail.com;;;Australia
;Ankit;Male;;Delhi;;;;1;;;;Canada
C1664;Pooja;Female;;Mumbai;2/7/2025;23/11/2023;;1;;;;Canada
C1665;;Female;;Hyderabad;1/4/2021;5/1/2023;;;user1664@mail.com;;;USA
C1666;Amit;Female;;Bangalore;5/3/2021;29/1/2022;;1;user1665@mail.com;;;Australia
;Priya;Female;;Pune;;;;1;;;;USA
C1668;Rahul;Male;39;Ahmedabad;;;;2;;;;
C1669;Amit;Male;;Chennai;;8/6/2022;;1;;;;USA
C1670;Neha;;30;Chennai;;;;;user1669@mail.com;9414191292;9414191292;Australia
;Simran;Male;54;Chennai;23/7/2025;;;10;user1670mail.com;;;Canada
C1672;Kiran;;;Mumbai;;8/11/2024;;10;user1671@mail.com;9768824723;9768824723;UK
C1673;;Male;28;;17/8/2025;;;10;user1672@mail.com;939537224;0939537224;Australia
C1674;Kiran;Male;;Pune;;;;;;;;
C1675;Priya;;51;;24/8/2022;;;10;user1674@mail.com;;;Canada
C1676;Ravi;Female;;Mumbai;17/6/2023;;;10;user1675@mail.com;935559953;0935559953;UK
C1677;Ravi;Male;;;;;;10;;;;
C1678;Sneha;Male;;Pune;;22/11/2022;;1;;;;
C1679;Rahul;Male;;;;11/2/2024;;1;;9614379;0009614379;
C1680;Ankit;Female;;Kolkata;15/11/2022;;;10;user1679mail.com;;;India
C1681;Kiran;Female;;Mumbai;;3/6/2022;;1;;;;UK
C1682;Ravi;Female;;Chennai;4/11/2024;3/12/2023;3668.74;1;;;;
C1683;Simran;Female;47;Bangalore;30/3/2025;24/1/2026;;10;user1682mail.com;;;
C1684;Pooja;;;Kolkata;;;;1;;;;Australia
C1685;Rahul;Female;;Kolkata;;;;1;;;;USA
C1686;;Female;;Pune;25/8/2024;;;5;user1685@mail.com;;;USA
C1687;;Female;;Delhi;;;;1;user1686mail.com;;;India
C1688;;Female;;Mumbai;;30/11/2022;;1;;9935988751;9935988751;Canada
C1689;Pooja;Male;;Pune;28/3/2025;;4981.4;;user1688@mail.com;;;Australia
C1690;;Female;;Hyderabad;20/1/2024;;;10;user1689@mail.com;;;
C1691;;Male;;Chennai;;;;;user1690mail.com;934524618;0934524618;
C1692;;Male;;;;;;3;;;;Australia
C1693;Kiran;;38;Pune;28/9/2020;;;4;user1692@mail.com;;;India
C1694;Simran;Female;;Ahmedabad;;;;;user1693mail.com;9315647117;9315647117;USA
;Ankit;Female;;Mumbai;;;;;user1694mail.com;;;
C1696;;Male;;Mumbai;22/2/2025;;;;user1695@mail.com;;;India
C1697;Amit;Male;63;Mumbai;4/1/2023;;105.85;1;;;;Canada
C1698;Ankit;Male;;Hyderabad;;;;10;;;;India
C1699;;;;Mumbai;27/9/2025;;;1;user1698mail.com;;;UK
C1700;Rahul;Female;;Kolkata;26/7/2024;;;1;user1699@mail.com;;;Canada
C1701;Neha;Male;;Delhi;22/3/2022;14/7/2023;59.01;5;user1700@mail.com;;;Canada
C1702;Rahul;Male;70;Bangalore;;29/11/2024;;;user1701mail.com;;;Australia
C1703;;Female;;;;30/7/2021;;3;user1702@mail.com;;;Australia
;Pooja;Male;;Hyderabad;5/12/2020;;;1;;977859185;0977859185;UK
C1705;;Female;;;;;2054.39;1;user1704@mail.com;;;India
;Simran;Female;;;18/9/2022;;;1;user1705@mail.com;9539614965;9539614965;UK
C1707;Sneha;Female;;;18/12/2024;;;4;;;;USA
C1708;Ravi;Male;;Bangalore;20/2/2025;;;5;;;;Australia
C1709;Rahul;Female;;Kolkata;10/3/2022;;;1;user1708@mail.com;;;Canada
;Ravi;Male;43;Mumbai;4/8/2024;;;10;user1709mail.com;;;Canada
;;Female;;Pune;;;;;;;;UK
C1712;Amit;;;Hyderabad;;;;;user1711@mail.com;;;
C1713;;Female;31;Hyderabad;14/10/2022;;;1;;;;India
C1714;Amit;Male;;Mumbai;;;;10;;;;
C1715;Pooja;Male;;Kolkata;;;1153.98;1;;;;Australia
C1716;;Female;50;Mumbai;5/4/2025;;;4;user1715mail.com;;;Canada
C1717;Priya;Male;;Hyderabad;20/10/2023;20/8/2023;784.33;1;user1716@mail.com;;;Australia
;Kiran;Male;;Bangalore;;;;1;user1717mail.com;9619587;0009619587;UK
C1719;Sneha;Male;;Delhi;4/5/2023;;;1;;;;Australia
C1720;Rahul;;;Bangalore;11/4/2023;;2974.24;;user1719mail.com;;;USA
C1721;Amit;Female;;Pune;;25/9/2023;;5;user1720mail.com;;;UK
C1722;Ankit;Female;;Ahmedabad;1/8/2021;11/4/2025;241.44;1;user1721@mail.com;;;USA
C1723;;Male;;Hyderabad;;;;10;user1722mail.com;;;USA
;Ravi;Male;24;Chennai;23/3/2025;;;1;user1723@mail.com;;;Canada
;;Male;;Mumbai;;;;3;user1724@mail.com;;;Australia
C1726;Kiran;;;Kolkata;5/5/2024;;;;user1725mail.com;;;Australia
C1727;Neha;Male;;Chennai;5/8/2025;;2082.7;10;;;;USA
C1728;Simran;;;Mumbai;;13/12/2020;;10;user1727@mail.com;994485623;0994485623;Canada
C1729;;;;Mumbai;;;;1;;9738441451;9738441451;
;Simran;Female;;Mumbai;;;;1;;931858111;0931858111;
;Ankit;;;;19/11/2023;;4425.36;2;user1730@mail.com;;;Australia
C1732;;;57;Ahmedabad;11/9/2021;;;;user1731mail.com;;;USA
;;Male;;Hyderabad;;5/8/2024;;;;;;Australia
C1734;Kiran;Male;43;Mumbai;;;;1;;;;India
;;;;Mumbai;;;;10;user1734@mail.com;;;UK
C1736;;Female;;Kolkata;;;;;;912655133;0912655133;Australia
;Ravi;Male;;Mumbai;;10/11/2024;;10;;;;Australia
C1738;Amit;Female;;Kolkata;;8/2/2021;;;;;;
;Sneha;Male;;Kolkata;1/7/2025;11/8/2021;;2;;;;USA
;Priya;Male;25;Chennai;2/12/2022;;;10;user1739@mail.com;98938119;0098938119;India
C1741;Kiran;;45;Hyderabad;;;1071.94;1;user1740@mail.com;;;
C1742;Sneha;Male;52;Kolkata;;19/8/2022;;1;user1741@mail.com;97636435;0097636435;Canada
C1743;Sneha;Female;;Hyderabad;;;;1;user1742mail.com;;;
;;;;Bangalore;16/1/2021;9/1/2026;;1;user1743@mail.com;98125529;0098125529;Canada
C1745;;;;Delhi;;;;1;user1744@mail.com;;;USA
C1746;Pooja;Male;50;;7/1/2021;;;1;user1745mail.com;;;Australia
;Pooja;Female;;Ahmedabad;3/9/2021;16/1/2025;;5;user1746@mail.com;;;Canada
C1748;Priya;;;Ahmedabad;27/7/2023;;;1;user1747@mail.com;;;
C1749;Pooja;Female;56;Ahmedabad;;;852.08;1;;;;UK
;Rahul;Female;;Delhi;18/10/2025;;;1;;982865134;0982865134;Australia
;Ankit;Female;;Delhi;7/12/2025;2/9/2024;;10;user1750@mail.com;;;
C1752;Kiran;;;Pune;24/7/2023;;;1;;9535712735;9535712735;India
;Ankit;Female;31;Pune;;;;5;;;;UK
C1754;Pooja;Male;;Mumbai;11/3/2022;19/8/2025;;3;;92536924;0092536924;India
C1755;Pooja;Male;;;;;;10;;9835988312;9835988312;Canada
C1756;Neha;Female;;Delhi;18/8/2022;1/2/2025;;10;;;;India
C1757;Pooja;Female;;Chennai;9/10/2023;;3263.81;;user1756mail.com;976237637;0976237637;India
C1758;Amit;;27;Hyderabad;18/2/2025;;;1;user1757mail.com;;;India
C1759;;Female;27;Bangalore;9/6/2023;27/7/2022;;5;;;;
;Ravi;;;;;16/10/2022;;1;;;;
C1761;Ankit;Male;;Ahmedabad;28/5/2024;;;;user1760mail.com;;;USA
C1762;Priya;;;Hyderabad;;;;10;user1761mail.com;;;
C1763;Ankit;Male;;Delhi;;;341.95;1;user1762@mail.com;;;Canada
;Pooja;;;;;;905.33;;;;;Australia
C1765;Ravi;Female;37;Delhi;13/6/2021;23/3/2021;;10;user1764@mail.com;;;USA
C1766;Ankit;;;Chennai;10/10/2024;;;1;user1765mail.com;;;USA
;;Male;;Mumbai;;;;10;user1766@mail.com;;;Canada
C1768;;Male;64;;;20/8/2020;;10;user1767mail.com;92945893;0092945893;Australia
C1769;Priya;;;Mumbai;21/11/2025;;;4;;;;Canada
C1770;Priya;;;Chennai;;1/8/2021;;10;;;;USA
C1771;Priya;;;Mumbai;19/11/2021;;;4;;;;USA
C1772;Ravi;;22;Chennai;22/12/2022;;;10;user1771@mail.com;;;
C1773;;Female;;Delhi;;;;5;;;;Australia
C1774;;;24;Ahmedabad;;;;1;user1773mail.com;;;India
C1775;Simran;;50;Pune;;;;10;;;;Australia
C1776;;Female;;Ahmedabad;;;;1;;;;UK
C1777;Sneha;Male;31;Pune;23/1/2025;;;;;;;UK
C1778;Pooja;Male;;Pune;;27/5/2023;;;user1777@mail.com;951521111;0951521111;India
C1779;Rahul;Female;;Delhi;;16/1/2026;;10;;;;Canada
C1780;Kiran;Female;;Chennai;22/9/2025;;1614.83;;;983111195;0983111195;India
C1781;Neha;Female;;Delhi;17/5/2025;;366.96;1;;;;India
C1782;Amit;Female;;;;;1379.38;1;user1781mail.com;;;Australia
C1783;Sneha;;62;Pune;;;2502.03;2;;;;India
;Pooja;Female;20;Chennai;;;;;user1783mail.com;;;UK
C1785;;Male;;Hyderabad;;;;;user1784mail.com;9959869658;9959869658;Canada
C1786;Kiran;Male;;Bangalore;14/6/2021;;;;user1785mail.com;;;Australia
;Simran;;;Pune;28/1/2025;4/5/2023;;1;;996434896;0996434896;Australia
C1788;Rahul;Female;;Ahmedabad;;30/5/2025;1334.98;10;;;;Canada
C1789;Simran;;31;Ahmedabad;6/11/2020;;;10;user1788mail.com;9177117525;9177117525;India
C1790;Priya;Male;;Bangalore;;28/4/2023;4961.64;1;user1789@mail.com;983633936;0983633936;
C1791;;Male;;Hyderabad;;;;5;user1790@mail.com;;;USA
;Rahul;;29;Delhi;;;;;;9259378;0009259378;Canada
C1793;Rahul;;;Pune;26/8/2021;30/4/2025;3552.5;;;;;UK
C1794;Amit;Male;;Delhi;;10/4/2022;;1;user1793mail.com;;;
C1795;Sneha;;42;;17/10/2020;;;10;;;;Australia
;;;;Bangalore;;6/1/2022;176.73;2;user1795@mail.com;;;
;;Male;;Delhi;;;;;user1796@mail.com;937142742;0937142742;India
;Ravi;Female;;Bangalore;;;;1;user1797@mail.com;;;UK
C1799;Sneha;Female;;Mumbai;;;;1;user1798mail.com;;;Canada
C1800;Simran;Male;;Delhi;;;;;user1799@mail.com;;;Australia
C1801;Amit;Male;;Mumbai;13/4/2023;;;1;;;;USA
;Priya;Male;53;Delhi;;;2390.24;1;user1801@mail.com;;;Australia
C1803;;Female;;Pune;;;;10;;;;India
C1804;Simran;Female;;Mumbai;28/7/2023;7/10/2020;;10;user1803mail.com;975189464;0975189464;
C1805;;;;Hyderabad;;21/1/2025;;1;;;;UK
C1806;;Male;;Kolkata;24/11/2021;16/11/2024;1060.59;4;user1805mail.com;9579576467;9579576467;India
;Priya;Male;;;;4/1/2023;;10;user1806mail.com;;;USA
C1808;Rahul;;;Bangalore;;;;10;user1807@mail.com;;;India
C1809;Simran;;27;Kolkata;9/11/2020;;;;user1808@mail.com;;;
C1810;;;57;;21/6/2024;;;;user1809@mail.com;9565972639;9565972639;Australia
C1811;Rahul;Female;;Pune;;30/7/2021;;;user1810mail.com;9394455519;9394455519;USA
C1812;Kiran;Male;68;;;28/7/2022;3429.91;1;;;;
;Simran;Female;;Mumbai;;21/5/2023;;2;user1812@mail.com;;;
C1814;Rahul;Male;34;;;5/7/2022;4927.32;1;user1813mail.com;;;Australia
C1815;Simran;Male;;;18/3/2024;;;10;;9759451292;9759451292;Australia
C1816;Ravi;;;;;6/12/2021;;1;user1815mail.com;9979177274;9979177274;Australia
;Rahul;Male;;Chennai;15/6/2025;;;;;;;UK
;Priya;Female;;Mumbai;3/10/2023;;;3;user1817mail.com;;;USA
;Priya;Female;;Hyderabad;29/11/2024;;;3;;;;
;Kiran;Male;47;Hyderabad;;;;1;user1819mail.com;;;Australia
;Ravi;Male;;;;;;10;user1820mail.com;;;USA
C1822;Pooja;Female;53;Ahmedabad;14/9/2022;6/8/2021;;1;user1821@mail.com;;;Canada
C1823;Priya;Male;;Pune;;;;2;;;;Australia
C1824;Ankit;Female;;Hyderabad;;28/8/2023;;5;user1823mail.com;94387299;0094387299;UK
C1825;Ravi;Female;;Hyderabad;;;;10;user1824mail.com;;;USA
C1826;Rahul;;;Hyderabad;;31/12/2021;;;;;;
C1827;Pooja;Male;;Pune;;21/4/2024;;10;user1826@mail.com;9218422361;9218422361;UK
;Rahul;Male;;Delhi;26/4/2024;;1154.03;1;user1827@mail.com;;;UK
;Neha;;;Kolkata;28/1/2022;15/9/2020;;1;;;;USA
C1830;Rahul;Female;65;Kolkata;12/10/2021;20/4/2024;;5;user1829@mail.com;;;USA
;Sneha;Female;;Kolkata;17/9/2024;;;10;user1830mail.com;9693681566;9693681566;USA
C1832;Priya;Male;65;Kolkata;5/9/2023;3/4/2021;;;;9628641624;9628641624;UK
;;Female;;Pune;;;;1;user1832@mail.com;;;UK
C1834;Ravi;;;Chennai;22/8/2023;;2854.71;;user1833mail.com;;;USA
C1835;Sneha;Male;63;Ahmedabad;20/3/2023;;;1;user1834@mail.com;937843412;0937843412;Australia
C1836;Simran;;;Bangalore;24/10/2023;16/1/2022;;;;;;India
C1837;Ankit;Male;;Pune;;8/3/2025;;10;;;;UK
C1838;Priya;Male;;Hyderabad;;24/6/2025;;1;;9718133254;9718133254;Canada
C1839;Amit;Male;;Mumbai;1/6/2022;9/9/2020;;1;user1838mail.com;;;UK
C1840;Priya;Male;37;Kolkata;;;;;;;;India
C1841;;Female;;;25/5/2023;;1288.03;3;;;;India
C1842;Kiran;Female;;Chennai;;13/6/2022;;;;;;USA
C1843;Simran;Male;55;Pune;29/10/2023;14/11/2023;4511.48;;;;;
C1844;;Male;;Mumbai;24/5/2023;;;3;user1843@mail.com;;;
;Rahul;Male;;Mumbai;;5/1/2024;;2;;;;India
C1846;Neha;Female;;Mumbai;;;;;;;;Australia
C1847;;Female;;Kolkata;;;;1;;;;USA
;Neha;Male;42;Pune;;;3584.87;;user1847mail.com;;;Australia
C1849;Rahul;Male;;Ahmedabad;;;;1;;;;Australia
;Amit;Male;;Kolkata;;;3791.91;;;;;Canada
C1851;Amit;Male;;Chennai;24/9/2024;;;;user1850@mail.com;9884117617;9884117617;
C1852;Sneha;Female;;Delhi;;;;1;;9935924751;9935924751;India
;;Female;;Ahmedabad;15/7/2024;;;10;user1852@mail.com;;;India
;Priya;Female;38;Ahmedabad;;4/3/2022;2857.5;1;;;;Canada
;Pooja;Male;18;Ahmedabad;14/8/2022;;;;;946731649;0946731649;Canada
C1856;Priya;Female;42;Chennai;;;;;;;;USA
C1857;Priya;Female;;Mumbai;21/9/2022;27/9/2021;4251.03;10;user1856@mail.com;;;Canada
;Pooja;;;Bangalore;28/5/2024;;;10;;;;
C1859;;Male;;Bangalore;;;3572.99;10;;;;USA
C1860;Neha;Female;;Kolkata;9/11/2023;;;1;user1859mail.com;;;Canada
C1861;Sneha;Male;34;Kolkata;;;2268.38;2;user1860@mail.com;;;UK
C1862;;Female;;Mumbai;1/11/2024;;1524.68;10;;;;India
C1863;Neha;Male;;Pune;;;3591.74;10;user1862@mail.com;;;UK
C1864;Priya;Male;;Ahmedabad;30/1/2021;;;1;user1863mail.com;;;Canada
C1865;Neha;Female;60;Pune;;;2437.83;1;;;;India
;Neha;Male;;Hyderabad;;;;;;9548756245;9548756245;
C1867;Pooja;;;Hyderabad;;24/5/2023;;10;;;;UK
C1868;Priya;;;Delhi;9/7/2022;12/9/2024;;;;;;USA
C1869;Kiran;Male;;Bangalore;26/11/2022;;;1;;9198839777;9198839777;UK
C1870;Simran;;;Bangalore;;26/5/2025;1632.94;5;;;;
;Kiran;Female;;Hyderabad;23/3/2022;;499.06;1;;93351756;0093351756;Canada
C1872;Kiran;Female;38;Mumbai;16/4/2024;;;3;user1871@mail.com;;;
C1873;Rahul;;;;23/10/2021;;;1;user1872mail.com;9951159816;9951159816;
C1874;Neha;Female;;Hyderabad;14/3/2022;;;;;;;UK
;Priya;;;Delhi;21/10/2022;;2841.53;1;user1874@mail.com;;;Canada
C1876;Pooja;Female;;Kolkata;8/9/2022;;;;user1875@mail.com;;;India
C1877;;Male;;Bangalore;;;;;user1876mail.com;978192177;0978192177;Australia
C1878;;Female;;Mumbai;;2/11/2025;;1;user1877@mail.com;9355243969;9355243969;Australia
C1879;Kiran;;;Kolkata;;;517.56;;user1878mail.com;;;
;Simran;Male;42;;14/5/2023;;;10;user1879@mail.com;;;USA
C1881;;;;Pune;;29/12/2024;4563.97;1;;;;Canada
;Ankit;Male;;Pune;;;3179.91;1;;;;Australia
C1883;Sneha;Female;;Delhi;;;2367.26;4;;;;Australia
;Simran;;50;Pune;15/9/2025;;2802.31;1;user1883@mail.com;;;India
C1885;Amit;Male;;;;;901.97;1;user1884mail.com;;;Canada
;Ravi;;64;Delhi;;;;10;;985878286;0985878286;Australia
C1887;Pooja;Female;;Chennai;13/11/2022;17/8/2025;;;user1886mail.com;;;USA
;Sneha;Male;41;Ahmedabad;;;2439.83;;user1887@mail.com;;;India
C1889;Simran;Female;;Hyderabad;;;;2;user1888@mail.com;;;Australia
C1890;;Male;;Mumbai;;;;10;user1889mail.com;;;Canada
C1891;Pooja;Male;;Chennai;12/10/2025;;4282.69;10;;9737679786;9737679786;India
C1892;Ravi;;44;Delhi;;;;3;;;;Canada
;Neha;;;Hyderabad;19/5/2021;;;;;;;
C1894;;Female;;Chennai;;17/3/2021;;;;;;India
C1895;Simran;;;Ahmedabad;12/8/2025;;4865.71;5;user1894mail.com;92714835;0092714835;India
C1896;Ravi;Female;;;;4/12/2024;2842.84;;;;;Australia
C1897;Ravi;Male;;Mumbai;4/12/2023;;;;;;;India
;;Female;;Delhi;;13/2/2021;;1;;9732953728;9732953728;
;Ravi;Female;;Kolkata;;;;10;;;;
C1900;;Male;52;Pune;22/3/2021;18/1/2022;1478.98;;user1899@mail.com;;;Canada
C1901;Priya;Female;;;;;4639.37;5;user1900mail.com;;;UK
C1902;Amit;;;Mumbai;;7/2/2025;;10;;;;
C1903;Ankit;Male;42;Pune;;26/7/2022;;;user1902mail.com;;;USA
;;Male;59;Pune;30/3/2025;27/12/2023;;1;user1903@mail.com;;;India
C1905;Pooja;Male;;Mumbai;29/9/2023;;4497.01;;user1904mail.com;9133932731;9133932731;Australia
C1906;Kiran;Male;;Delhi;24/2/2024;;2915.45;1;user1905mail.com;;;Australia
C1907;Ankit;Male;;Mumbai;;20/6/2024;;1;;;;India
;;;33;Delhi;29/3/2025;1/6/2022;;1;user1907@mail.com;;;
C1909;Amit;Female;;Delhi;9/10/2023;;;10;;;;
C1910;Neha;;;Kolkata;17/2/2025;26/9/2021;;10;user1909@mail.com;;;USA
C1911;;Male;;Kolkata;30/9/2025;13/8/2024;3735.14;1;;;;Australia
C1912;Priya;Female;;;;;;1;user1911mail.com;929815345;0929815345;Canada
C1913;;Male;;Kolkata;;12/8/2023;;4;user1912@mail.com;;;USA
C1914;Amit;Female;;Bangalore;13/6/2025;;;1;user1913mail.com;963984575;0963984575;UK
C1915;Sneha;Male;;Pune;5/9/2024;22/12/2020;;10;;;;India
C1916;Rahul;Male;;Mumbai;;;639.75;;;;;
C1917;Amit;;;Chennai;;;966.41;10;user1916mail.com;;;India
;Rahul;Male;;Hyderabad;;;;5;;;;
C1919;;;23;Chennai;;18/7/2025;;;user1918mail.com;;;USA
C1920;Pooja;Female;35;;;;;1;;;;Australia
;Sneha;;54;Bangalore;;6/9/2025;;2;;;;India
C1922;Neha;Male;;Bangalore;;;;2;;9519233135;9519233135;USA
C1923;;Male;;Bangalore;;;;;user1922mail.com;;;Canada
;;Female;;Chennai;8/12/2025;;;10;user1923mail.com;;;Australia
C1925;;Female;29;Chennai;;20/12/2025;;1;;;;Canada
;Neha;;;Ahmedabad;;;;;;9784753492;9784753492;Australia
C1927;Simran;Male;;Delhi;;;3081.98;4;user1926@mail.com;;;Canada
C1928;Amit;Female;;Mumbai;11/9/2021;14/5/2025;3329.44;10;user1927@mail.com;;;Canada
C1929;Ravi;Female;;;;16/9/2024;;10;user1928@mail.com;916988276;0916988276;India
C1930;Amit;Female;;Delhi;;;3554.4;10;user1929@mail.com;;;
C1931;Sneha;Male;;Chennai;5/6/2021;18/2/2022;;10;;;;Australia
;Ankit;Male;;;7/9/2024;;;;;;;
C1933;Pooja;Male;;Pune;;;;1;;;;Australia
C1934;Ankit;Female;;Bangalore;;7/8/2022;;3;;;;
C1935;Kiran;Female;;Kolkata;2/5/2022;;;4;user1934mail.com;;;India
C1936;;Female;;Delhi;;19/2/2023;;1;;971481994;0971481994;India
C1937;Kiran;Male;;;19/3/2021;;1122.91;;;;;USA
;Rahul;Female;;Hyderabad;7/12/2022;;;1;;;;Canada
;;Female;;;16/10/2020;;;5;;;;
C1940;Ankit;Male;;Pune;;;2547.48;3;user1939@mail.com;9215444853;9215444853;USA
;Ankit;Female;;Kolkata;;;;;;;;Canada
C1942;Rahul;Male;;Delhi;;;;;user1941@mail.com;989615523;0989615523;USA
C1943;Kiran;Female;;Bangalore;;1/5/2022;;2;user1942mail.com;;;India
C1944;;Male;;Pune;18/11/2024;;2766.36;1;;963569823;0963569823;Canada
C1945;;Female;;Hyderabad;6/12/2022;;;10;;;;UK
;Kiran;Female;;Chennai;;13/10/2023;;1;user1945mail.com;;;India
;Neha;Male;;Ahmedabad;27/12/2023;;;3;user1946mail.com;;;Australia
C1948;Rahul;Male;35;Hyderabad;;;;1;user1947@mail.com;;;Australia
C1949;Sneha;;;Pune;;;;1;;;;
C1950;Sneha;Female;22;Pune;;17/10/2024;1578.16;;;;;Australia
C1951;Simran;Male;37;;17/7/2025;16/1/2022;;1;user1950@mail.com;;;USA
;;;40;Chennai;27/3/2024;;;1;user1951mail.com;;;
C1953;Rahul;;;Chennai;9/8/2024;1/2/2024;;5;;;;UK
C1954;Kiran;Male;;Chennai;;21/10/2023;;1;;9287421582;9287421582;Canada
C1955;Amit;Female;;Pune;;20/2/2023;;;;;;UK
C1956;Ravi;Male;30;Ahmedabad;7/5/2021;;;1;;;;India
;Kiran;Male;22;Mumbai;6/3/2025;;;3;user1956@mail.com;94262782;0094262782;UK
;Kiran;Male;;Mumbai;10/11/2020;;;1;user1957mail.com;95483749;0095483749;India
C1959;Ravi;Female;;Pune;17/12/2020;;;1;user1958mail.com;969817972;0969817972;Australia
C1960;Amit;Female;;Kolkata;2/6/2023;;;10;user1959mail.com;;;India
C1961;Ravi;Female;;Ahmedabad;10/11/2020;;;;;;;India
;Amit;Female;;Kolkata;13/10/2021;29/6/2025;;5;user1961mail.com;;;UK
C1963;;Female;23;Hyderabad;20/1/2022;;;;;;;Australia
C1964;Pooja;;;;8/12/2022;;;10;;;;Canada
C1965;Sneha;Male;31;Mumbai;;;;;user1964mail.com;93362858;0093362858;Australia
C1966;Priya;Female;;Delhi;;;;5;user1965mail.com;;;India
;Simran;Male;;Kolkata;28/5/2024;;1121.62;4;user1966mail.com;928811731;0928811731;
C1968;Rahul;Female;;Hyderabad;;5/10/2025;658.07;;;;;UK
C1969;Pooja;Female;;Mumbai;;;;10;;9174255368;9174255368;Canada
;Sneha;;;Delhi;24/12/2020;21/6/2022;;1;;;;Canada
C1971;Priya;Female;;Mumbai;;;;4;;97864174;0097864174;UK
C1972;Ankit;Male;;Mumbai;;30/9/2021;;4;;;;India
C1973;Ravi;;;Delhi;;;;10;user1972@mail.com;9665386654;9665386654;UK
C1974;Priya;Male;;Pune;;;;;;;;India
C1975;Pooja;Male;61;Chennai;;;;;user1974mail.com;;;USA
C1976;;Male;;Delhi;28/6/2022;;;10;;97137572;0097137572;Canada
C1977;Simran;Female;;Chennai;6/7/2025;18/10/2025;;;user1976mail.com;952211782;0952211782;Canada
C1978;Kiran;Male;;Delhi;;;;10;user1977@mail.com;984719412;0984719412;Canada
C1979;Ankit;Female;56;Delhi;;;;1;user1978mail.com;;;USA
C1980;Simran;Male;;Mumbai;31/5/2022;7/11/2020;;;user1979@mail.com;;;Canada
;Amit;;;Hyderabad;18/7/2022;;2194.71;10;user1980@mail.com;;;India
C1982;Kiran;Female;;Bangalore;14/9/2020;9/12/2023;;10;user1981mail.com;;;
C1983;Kiran;;;Chennai;;;4223.87;1;user1982mail.com;;;USA
C1984;Priya;;;Delhi;19/4/2023;;;10;;;;UK
;Ravi;Female;;Chennai;;20/8/2024;;1;;99322168;0099322168;UK
C1986;Ravi;;;Hyderabad;25/11/2024;;;1;user1985@mail.com;978559496;0978559496;Canada
;Kiran;Male;56;Mumbai;;;;5;user1986mail.com;;;Australia
C1988;Rahul;Male;47;Delhi;8/3/2024;;;10;user1987mail.com;996322;0000996322;
C1989;Priya;Male;;Ahmedabad;;;;1;;;;
C1990;Priya;Male;;Chennai;19/9/2020;;214.82;1;;;;UK
C1991;Amit;Male;;Pune;;15/1/2021;;1;;;;India
C1992;Kiran;Female;;Mumbai;;28/7/2025;200.06;1;;;;
;Neha;;;Chennai;28/7/2021;;;10;user1992@mail.com;;;India
C1994;;Male;;Ahmedabad;;;;2;user1993@mail.com;;;
C1995;Simran;Male;;Ahmedabad;11/10/2025;;;10;user1994@mail.com;9774961516;9774961516;UK
;Rahul;Female;;Mumbai;18/5/2024;19/7/2024;;;;;;UK
C1997;Neha;Male;;;4/3/2023;4/2/2025;;;;;;Australia
C1998;Ravi;Male;;Pune;29/2/2024;;;;;9223161985;9223161985;USA
;Amit;Female;;Bangalore;2/6/2022;21/8/2024;;;;9512726493;9512726493;
C2000;Simran;;;Hyderabad;3/12/2021;;;1;user1999mail.com;;;UK
C2001;Neha;Male;45;Kolkata;;12/3/2024;;10;;;;
;Priya;;24;Mumbai;6/10/2021;22/11/2020;2782.18;10;user2001mail.com;;;USA
C2003;;Female;;Pune;;11/12/2023;;;;925121436;0925121436;USA
C2004;Sneha;Male;70;Mumbai;;;;10;user2003mail.com;9446787975;9446787975;Canada
;Pooja;;;Bangalore;30/8/2023;;;5;;;;
;;Female;33;Bangalore;;21/11/2021;;10;;;;Australia
C2007;Ravi;Male;;Pune;;19/1/2022;;;;9165521731;9165521731;
C2008;Sneha;;;;25/3/2025;;;10;;999261154;0999261154;USA
C2009;Neha;Male;;Bangalore;18/8/2024;;;5;user2008mail.com;989341872;0989341872;USA
C2010;Ravi;Female;;Kolkata;;10/3/2022;;1;;;;Canada
C2011;Rahul;Female;;Ahmedabad;13/6/2023;7/2/2024;;;;;;USA
C2012;Ravi;Female;;Kolkata;;;;1;;9445498651;9445498651;
C2013;;Female;;Chennai;3/2/2021;22/1/2025;1317.25;10;;9936187982;9936187982;Australia
C2014;;Male;;Ahmedabad;15/9/2020;;;3;;;;
;Simran;Female;40;Ahmedabad;;23/12/2021;;1;user2014mail.com;;;India
;Ravi;;;Chennai;;3/9/2021;;1;user2015@mail.com;;;India
;Sneha;Female;;Kolkata;;;;1;;;;Australia
C2018;Sneha;Male;;Chennai;;;;1;user2017mail.com;;;UK
C2019;Ankit;Female;;;8/2/2025;;;;;;;Australia
C2020;Simran;;;Hyderabad;;;;10;user2019@mail.com;;;USA
C2021;Kiran;;;Delhi;;16/7/2024;;;;9984586351;9984586351;Canada
C2022;Sneha;Female;;Chennai;4/8/2021;16/8/2020;;10;;;;India
C2023;Priya;Male;26;Ahmedabad;;;;1;user2022@mail.com;;;Canada
C2024;;Female;;Ahmedabad;18/12/2021;;1266.2;1;;;;
C2025;Ravi;Female;66;Kolkata;;19/8/2022;;1;;;;Canada
C2026;;Female;;;;23/4/2025;;1;;;;USA
C2027;;Female;;Chennai;30/10/2023;29/6/2025;;1;;;;Australia
;Amit;Female;;Kolkata;30/1/2023;;;10;;;;India
C2029;Ravi;Male;;Delhi;;29/9/2021;;1;;;;Canada
C2030;Simran;;29;Mumbai;22/7/2024;;;10;;;;Canada
C2031;Kiran;;49;Chennai;;;;;user2030mail.com;997651513;0997651513;Australia
;;;;Delhi;;;;1;;;;
C2033;Pooja;Male;;Delhi;;26/6/2021;;4;;9526449572;9526449572;UK
C2034;Pooja;Male;;Chennai;27/9/2024;26/3/2022;2938.28;1;user2033mail.com;;;India
C2035;Sneha;Female;47;Hyderabad;;;;3;user2034@mail.com;;;USA
C2036;Kiran;Female;;Bangalore;;;;1;;;;Australia
C2037;Ravi;Male;;Chennai;1/6/2023;;2409.02;;user2036@mail.com;;;India
;;;;Bangalore;5/6/2021;29/10/2024;;2;;;;India
C2039;Sneha;Female;;Mumbai;13/6/2022;1/4/2024;1905.16;2;;;;Australia
C2040;;Female;;Pune;27/6/2022;;1662.02;10;user2039@mail.com;;;Canada
C2041;;Female;;;;;;4;;;;USA
C2042;Sneha;Male;;Bangalore;;;;;;;;Australia
C2043;Priya;Female;;Chennai;;6/2/2024;;;;;;Australia
C2044;Ankit;Male;;;11/9/2021;;;10;;;;Australia
C2045;Priya;;;Delhi;;;3189.57;1;;9842316355;9842316355;USA
C2046;Neha;Female;;Delhi;14/10/2025;;;10;user2045@mail.com;;;Canada
C2047;Priya;Male;43;Kolkata;;;;1;user2046@mail.com;;;
C2048;Kiran;;;;5/2/2024;;;;user2047@mail.com;9148811371;9148811371;Canada
C2049;Ankit;Male;;Hyderabad;26/9/2020;;;;user2048@mail.com;;;
C2050;Ankit;Male;62;Chennai;30/10/2022;;;1;;;;India
C2051;Simran;Male;;Chennai;;31/3/2021;;1;user2050@mail.com;9177754671;9177754671;Australia
C2052;;Female;34;Hyderabad;;18/4/2021;4193.94;1;user2051@mail.com;;;Australia
C2053;Priya;Male;;Bangalore;2/5/2023;;;;user2052@mail.com;;;Canada
;Rahul;Male;;;;;;;;;;Australia
C2055;Pooja;Female;;Mumbai;;;;10;user2054@mail.com;;;India
;Sneha;Male;;Delhi;;;;5;;;;India
C2057;Kiran;Male;;Hyderabad;;;;10;user2056@mail.com;;;USA
C2058;Amit;Male;;Hyderabad;13/10/2024;;;;;9594372672;9594372672;
C2059;Kiran;;;Ahmedabad;;;;10;user2058@mail.com;;;USA
;Neha;Female;;Chennai;30/5/2023;26/2/2025;;2;;;;USA
C2061;Neha;Female;;Chennai;;29/6/2022;;1;user2060mail.com;;;
C2062;Sneha;;18;Bangalore;;;;1;user2061mail.com;;;UK
C2063;;Female;;Pune;13/9/2024;;;10;;;;USA
;Amit;Female;;Hyderabad;1/12/2023;;;10;;;;
;;Male;;;26/6/2024;2/9/2025;;10;user2064@mail.com;;;Canada
;Priya;Male;;Ahmedabad;;;;1;user2065mail.com;9981115;0009981115;UK
C2067;Priya;Male;63;Hyderabad;;14/4/2024;;1;user2066mail.com;;;
C2068;Sneha;Male;;Delhi;;19/3/2024;;10;user2067mail.com;;;India
C2069;Amit;;;Kolkata;;;;5;;91214551;0091214551;Canada
;Kiran;Male;;Kolkata;4/12/2020;24/2/2023;;;;;;UK
C2071;Ravi;Male;;Delhi;26/3/2023;;1825.91;5;user2070@mail.com;9395831775;9395831775;
C2072;Kiran;Male;;Chennai;;23/2/2023;;1;user2071mail.com;;;USA
C2073;Kiran;Male;;Ahmedabad;12/10/2020;;3163.33;1;user2072@mail.com;;;Canada
C2074;Simran;Male;;Ahmedabad;11/8/2023;21/7/2023;;2;;;;
C2075;Kiran;Female;;;22/12/2025;28/5/2024;3803.61;1;user2074@mail.com;9781341192;9781341192;Canada
C2076;Ankit;Male;;Kolkata;;7/10/2020;1324.24;10;;9813145443;9813145443;Canada
C2077;Amit;Male;59;Pune;;30/8/2022;;10;user2076@mail.com;;;USA
C2078;;Male;36;Mumbai;9/8/2025;18/12/2025;3846.42;4;;9688472194;9688472194;Canada
C2079;Amit;Male;;Hyderabad;;28/8/2022;;10;user2078mail.com;;;Canada
C2080;Simran;Male;36;Chennai;16/1/2022;30/1/2025;;10;;;;USA
;;Female;;Pune;11/12/2020;;;1;;9599969712;9599969712;
C2082;Priya;Female;;Pune;;;;1;;9512217429;9512217429;Canada
C2083;;;49;Hyderabad;23/9/2025;;4232.11;5;;;;India
;Kiran;Male;;Kolkata;29/11/2025;;;10;;;;Australia
;Priya;Male;;Ahmedabad;;;;1;;;;
C2086;;Male;22;Delhi;23/11/2025;;;1;;;;Canada
C2087;;Male;;Mumbai;14/10/2021;;;1;user2086@mail.com;9663951811;9663951811;India
;Sneha;Male;;;16/10/2023;;;;;;;USA
;Simran;Female;;Ahmedabad;7/5/2021;26/3/2024;2152.34;;;;;UK
C2090;Rahul;Female;;Pune;;;;;;;;
;Kiran;Female;;Delhi;;;;2;;9833392827;9833392827;Australia
C2092;Simran;Female;;Kolkata;4/12/2025;;;5;;;;Australia
C2093;Kiran;Male;33;Bangalore;;14/8/2020;3965.35;;user2092@mail.com;;;Canada
C2094;;Male;;;2/7/2023;2/3/2025;;;user2093@mail.com;;;
C2095;Ravi;;;Chennai;27/8/2025;;;1;user2094@mail.com;;;Canada
C2096;Ankit;Male;;Mumbai;;;;2;;;;USA
C2097;Ravi;;;Ahmedabad;15/7/2024;3/7/2024;;2;user2096@mail.com;;;Australia
C2098;Ankit;;;Ahmedabad;19/3/2025;;3882.19;10;;;;India
C2099;Priya;Male;;Bangalore;;;;;;;;USA
;;Male;;Delhi;26/12/2022;7/12/2021;;;;;;USA
C2101;Rahul;Male;23;Kolkata;22/11/2021;;;10;;;;Canada
C2102;;Female;;Ahmedabad;5/9/2021;;;1;;;;UK
;Neha;Female;;Delhi;8/3/2023;;;1;;;;USA
C2104;Priya;;;Ahmedabad;28/1/2024;;;1;;;;Australia
C2105;;Female;;Kolkata;14/7/2021;;4217.96;;;;;Canada
;Kiran;;62;Delhi;8/3/2022;;4025.79;1;user2105@mail.com;;;UK
C2107;;;46;Delhi;;31/12/2020;2768.12;4;;;;
C2108;Neha;;;Ahmedabad;;8/10/2022;3834.51;10;;;;UK
C2109;;Female;;Pune;;;;4;user2108mail.com;;;USA
;;;;Mumbai;12/4/2021;;;;;;;India
;Simran;;;;;;;4;;977896816;0977896816;India
;Simran;Male;22;Delhi;20/7/2022;;;10;;;;India
C2113;Priya;Male;;;;;;1;user2112@mail.com;;;UK
;Pooja;Male;;Bangalore;25/9/2022;;;10;;971294569;0971294569;
;Kiran;;67;Hyderabad;;;454.54;;;;;Australia
C2116;Priya;Female;65;Pune;23/11/2020;7/2/2025;;1;;;;
C2117;;Male;;Bangalore;;25/10/2020;3437.54;10;user2116@mail.com;;;
;;;;Hyderabad;;;;1;;;;UK
;Ravi;;;Ahmedabad;5/7/2021;11/9/2025;;1;;;;USA
;Rahul;Male;51;Mumbai;8/8/2022;;;1;;;;India
C2121;Ravi;Female;;Kolkata;18/10/2022;;4736.7;1;user2120mail.com;;;
C2122;Pooja;;31;Pune;;;3402.62;1;user2121@mail.com;;;UK
;Ravi;;;;25/4/2025;16/4/2022;4159.05;1;user2122mail.com;9475744339;9475744339;Canada
C2124;Rahul;Male;;Chennai;6/3/2023;;3957.21;10;user2123@mail.com;9492424252;9492424252;Canada
;Ankit;;;;;;;1;user2124@mail.com;;;Australia
C2126;Rahul;Female;;;;;;2;;986627289;0986627289;UK
C2127;Pooja;Female;;Hyderabad;19/7/2023;;;10;user2126mail.com;;;Canada
;Rahul;;;Ahmedabad;7/5/2022;;;10;user2127@mail.com;;;USA
C2129;Neha;;;Ahmedabad;17/6/2021;;;;user2128@mail.com;;;USA
C2130;Amit;;;Bangalore;;;;1;user2129mail.com;;;UK
C2131;Sneha;;;Delhi;;26/9/2022;;1;user2130mail.com;;;Australia
C2132;;Male;;Kolkata;7/2/2024;2/10/2022;4024.76;;user2131@mail.com;;;India
C2133;Pooja;;;Hyderabad;;;;1;;;;Australia
C2134;Ravi;;;Mumbai;;;;3;user2133@mail.com;;;India
C2135;Amit;;;Ahmedabad;14/11/2025;;1708.39;1;user2134mail.com;9565993;0009565993;India
C2136;Sneha;Male;;Hyderabad;26/12/2021;;;;;;;USA
C2137;;;;;25/11/2024;;;1;;;;USA
C2138;Priya;;33;Ahmedabad;;;;;;;;Australia
C2139;Ravi;Male;;Chennai;;;4586.24;10;user2138mail.com;9522565969;9522565969;Canada
C2140;Pooja;Female;;Hyderabad;;;;3;user2139@mail.com;;;India
;Priya;;;;5/12/2020;1/9/2024;;3;;;;India
C2142;Neha;Male;42;Bangalore;;;;1;;;;India
C2143;Pooja;Female;;Bangalore;23/11/2025;;;10;user2142@mail.com;96579483;0096579483;Australia
C2144;Neha;Male;;Bangalore;29/1/2025;;;;user2143mail.com;;;
C2145;Kiran;Male;;Pune;11/7/2024;;2717.21;5;user2144@mail.com;;;Australia
;Amit;;31;Pune;;4/9/2022;727.68;5;;9894376913;9894376913;Canada
C2147;Priya;;36;Mumbai;4/5/2024;2/11/2022;;10;user2146mail.com;;;UK
C2148;Ankit;Female;41;Ahmedabad;;;;;user2147mail.com;9411773335;9411773335;
;Ravi;Male;;Hyderabad;17/11/2025;;;2;;;;UK
C2150;Pooja;Female;;;11/10/2023;;;;;946297543;0946297543;
;Rahul;;;Mumbai;;;;;;;;USA
C2152;;Female;;Kolkata;7/7/2023;;;;;;;USA
C2153;Ravi;Female;;Chennai;;;;2;;;;India
C2154;;Female;;Kolkata;25/3/2022;;;1;;9693926697;9693926697;Canada
C2155;Ankit;Male;;;15/5/2024;30/10/2020;2713.68;4;;;;Canada
C2156;Ravi;Male;55;Bangalore;24/6/2025;;;;;9923455122;9923455122;Canada
;;Male;;Pune;14/7/2022;;;1;user2156@mail.com;;;Australia
C2158;Ravi;Female;;Bangalore;;;;10;;;;Canada
C2159;Simran;Male;;Kolkata;17/8/2024;;;1;;;;USA
C2160;Ravi;;;Pune;25/9/2020;;319.92;10;;;;
C2161;Amit;;;Mumbai;12/4/2021;;4057.02;1;user2160mail.com;;;India
C2162;Kiran;Female;;Pune;20/12/2022;;;;;9518752976;9518752976;Canada
C2163;Ankit;Male;;Pune;18/4/2025;;;1;user2162mail.com;;;UK
;Kiran;;;;4/6/2021;;;10;;;;India
C2165;;Female;;Hyderabad;;;;1;user2164mail.com;;;Australia
;Rahul;Female;;;26/2/2021;11/2/2023;3568.6;1;user2165@mail.com;98166758;0098166758;Canada
C2167;Ravi;;;Hyderabad;;;;;user2166@mail.com;;;UK
;Kiran;Female;;Kolkata;;;2421.13;;;;;
C2169;Rahul;;57;Bangalore;;;;3;;;;
;Amit;;;Hyderabad;;6/8/2024;;;user2169@mail.com;;;UK
C2171;;Female;;Mumbai;8/7/2024;;;5;;9849145445;9849145445;UK
;Ravi;Male;;Kolkata;;2/10/2022;;;user2171@mail.com;;;India
C2173;Rahul;Male;;;30/6/2025;;;5;;9477494869;9477494869;Canada
C2174;Sneha;Female;;Ahmedabad;;;3447.3;1;user2173@mail.com;;;USA
C2175;Priya;;;Pune;;26/11/2022;;10;user2174@mail.com;;;India
;Simran;Female;;Bangalore;;;;3;user2175mail.com;;;
;Pooja;Female;;Hyderabad;20/2/2021;;;1;user2176@mail.com;;;Australia
C2178;Priya;Male;;Kolkata;;;1953.38;5;;;;USA
C2179;Amit;Female;43;;;;;10;user2178@mail.com;;;Australia
C2180;Ravi;Female;;Delhi;;13/12/2024;4748.44;;;9724323888;9724323888;USA
C2181;Neha;Male;;;;30/12/2023;;10;user2180mail.com;;;India
;Neha;Male;;Mumbai;13/12/2022;;;1;user2181@mail.com;;;
C2183;Rahul;Female;;Mumbai;28/6/2022;;3416.36;1;;;;
C2184;Kiran;Female;;Delhi;;;;1;user2183@mail.com;;;Canada
C2185;Kiran;Male;;Ahmedabad;;;;;user2184mail.com;;;USA
C2186;Simran;Male;31;Ahmedabad;8/8/2021;;;4;user2185@mail.com;;;India
C2187;Pooja;Male;;Kolkata;;14/7/2023;;10;;;;Australia
C2188;Sneha;Female;;Hyderabad;9/8/2025;;1708.73;10;;;;Australia
C2189;Simran;Male;64;Pune;21/8/2022;;;1;;;;
;Pooja;Male;;Chennai;;;;1;user2189mail.com;;;Australia
C2191;Simran;Male;;Hyderabad;29/9/2025;;;;;;;USA
C2192;Sneha;Female;;Chennai;;;;;;;;Australia
C2193;Neha;Female;;Chennai;11/2/2025;;;2;;;;UK
;Amit;Male;;Ahmedabad;22/8/2024;;;1;;91138272;0091138272;Canada
C2195;Ankit;Male;;Pune;12/8/2021;;;1;;94565453;0094565453;USA
C2196;Pooja;;;;;;;2;;;;UK
C2197;Ravi;Male;22;Kolkata;22/11/2023;;;2;;;;
C2198;Pooja;;;;;;;10;;;;Australia
;Priya;Male;;Hyderabad;13/12/2025;;641.22;;;9868681585;9868681585;USA
C2200;Priya;Male;41;;;;887.15;10;user2199@mail.com;;;
C2201;Sneha;Female;;Hyderabad;25/5/2023;24/3/2021;2290.37;1;;;;Canada
C2202;Ankit;Male;44;Bangalore;;;;10;;9613415845;9613415845;UK
C2203;Ravi;Male;29;Pune;9/9/2025;10/7/2021;2310.25;10;;;;
;Sneha;Male;21;Ahmedabad;;27/1/2023;;10;user2203@mail.com;97277659;0097277659;UK
;Rahul;Female;33;Ahmedabad;;;;10;;;;India
C2206;Sneha;Male;;Hyderabad;17/11/2023;27/1/2023;;10;;;;USA
C2207;Rahul;Male;60;;;4/8/2022;1950.61;1;;;;Canada
C2208;Simran;Female;;Pune;;;4454.4;;;9681678942;9681678942;USA
C2209;Kiran;;;Hyderabad;31/5/2022;6/8/2025;;10;;;;Australia
C2210;;Male;;Kolkata;11/1/2021;9/3/2023;;1;;;;Canada
C2211;Neha;Female;;Chennai;21/4/2024;;3255.34;;;932596213;0932596213;Australia
C2212;Sneha;Male;60;Chennai;;13/3/2022;4066.79;10;user2211@mail.com;99656246;0099656246;Australia
C2213;Rahul;Female;19;Hyderabad;26/12/2020;;;1;;983757154;0983757154;Canada
C2214;Simran;Male;;Ahmedabad;9/9/2021;30/6/2025;;10;user2213mail.com;;;Canada
C2215;Priya;Male;70;;;;;;;;;India
C2216;;;;Bangalore;16/6/2023;;;5;;;;UK
C2217;Rahul;Female;;Delhi;;9/8/2025;;1;user2216@mail.com;;;India
C2218;Ankit;Female;;Pune;22/10/2022;;;1;user2217@mail.com;97728339;0097728339;Canada
;Kiran;;;Chennai;5/1/2022;;;10;user2218mail.com;99218473;0099218473;India
;Amit;Female;31;Kolkata;;;;;user2219@mail.com;;;USA
C2221;;Male;;;28/9/2024;;;3;user2220mail.com;9772735613;9772735613;UK
C2222;Amit;;64;Hyderabad;;;;;;;;
C2223;Priya;Male;;Pune;;;;1;;;;USA
C2224;Pooja;;43;Mumbai;;;4053.43;2;;;;Canada
C2225;Amit;;45;Chennai;30/11/2022;;;1;;;;USA
C2226;Neha;Female;;Bangalore;;;;1;user2225@mail.com;9222383833;9222383833;India
;Amit;Female;;;22/12/2022;;;1;user2226@mail.com;948934457;0948934457;UK
C2228;Ravi;Female;;Bangalore;;;;1;;9884617472;9884617472;Canada
C2229;Ankit;Female;;Ahmedabad;11/12/2020;;;1;user2228@mail.com;;;
C2230;Ankit;Male;61;Kolkata;;28/7/2022;;10;user2229mail.com;;;
C2231;Rahul;Male;;Chennai;;;3815.22;10;;;;
;Neha;Female;;Ahmedabad;;;;1;;976991847;0976991847;India
;Neha;;;;12/5/2021;;;4;;;;
C2234;Neha;Male;;Pune;;;;10;user2233@mail.com;936978794;0936978794;Canada
C2235;Amit;Female;;Hyderabad;24/1/2021;14/4/2023;;5;;;;USA
C2236;Ankit;Male;;Delhi;4/6/2021;;;2;user2235@mail.com;9647499715;9647499715;UK
C2237;Ankit;;;;;;581.28;5;;;;Canada
C2238;Neha;Male;62;Hyderabad;;1/12/2023;;;user2237@mail.com;;;
C2239;Amit;Male;36;Delhi;16/7/2024;;;;user2238@mail.com;;;
C2240;Simran;Female;27;Ahmedabad;;;;10;user2239@mail.com;;;USA
C2241;Ravi;;;Delhi;;;2129.12;2;user2240@mail.com;;;
C2242;Sneha;Female;;Chennai;9/3/2022;;2232.67;5;user2241@mail.com;;;
C2243;Sneha;Male;;;;1/2/2022;;10;user2242mail.com;;;USA
;Rahul;Male;;;17/1/2024;;;10;user2243mail.com;9548774265;9548774265;USA
C2245;Neha;Male;;Chennai;;30/8/2023;;4;;9634317681;9634317681;USA
;Amit;Female;;Mumbai;;;;1;;;;Canada
C2247;Priya;;;;27/7/2021;10/7/2022;;1;;;;Australia
C2248;Kiran;Male;;Pune;7/12/2022;9/10/2022;;;;;;USA
C2249;Neha;Female;;;27/2/2021;;2750.12;10;;953264265;0953264265;Australia
C2250;Sneha;;;Chennai;;14/6/2023;;;;;;Australia
C2251;Kiran;;;Bangalore;;;;5;;;;UK
;Ankit;;24;Pune;;;;10;user2251@mail.com;;;
C2253;Pooja;Female;;Kolkata;30/12/2025;;;;user2252@mail.com;;;UK
C2254;Simran;Female;;Mumbai;;;;4;;;;India
C2255;Sneha;Female;;Kolkata;27/9/2020;;268.92;10;;;;India
C2256;Ravi;Male;47;Delhi;27/10/2023;;;10;;;;UK
;Amit;;;Chennai;;;;;user2256mail.com;;;
C2258;Neha;Male;;Delhi;;;;1;;9689817;0009689817;
C2259;Ravi;Male;67;Mumbai;;29/6/2022;;1;;918667899;0918667899;Canada
;Ravi;Male;;Ahmedabad;;;559.06;1;user2259mail.com;99388839;0099388839;Australia
C2261;Rahul;;;Ahmedabad;;;;10;;;;Canada
C2262;Ravi;;29;Delhi;;;;;user2261mail.com;9434947271;9434947271;UK
C2263;Pooja;Female;;Pune;;;;10;;928658467;0928658467;UK
C2264;Simran;Female;;Pune;18/10/2023;;246.48;4;user2263@mail.com;9586746264;9586746264;USA
C2265;;Male;;Delhi;12/2/2021;;;;user2264mail.com;;;Australia
C2266;Pooja;Male;;Mumbai;16/3/2025;;;;;9289679442;9289679442;Australia
C2267;Ravi;Male;;;;;;10;;;;
C2268;Rahul;;;Pune;13/3/2021;17/11/2024;1173.21;10;;;;India
C2269;Rahul;;;Hyderabad;23/1/2025;;;;user2268@mail.com;;;Canada
C2270;Neha;Male;;Mumbai;;1/9/2021;1056.04;;;;;UK
C2271;Priya;Female;;Mumbai;22/12/2020;;;10;;;;Canada
C2272;Priya;;;Mumbai;28/4/2024;;;5;;9931359571;9931359571;India
C2273;Ravi;Female;;Bangalore;;7/7/2022;;1;user2272@mail.com;9284787277;9284787277;
C2274;;Male;;Delhi;25/11/2022;;;;;;;Canada
C2275;Priya;;;;3/8/2023;;537.97;10;user2274@mail.com;91873931;0091873931;Canada
C2276;Amit;Female;;Mumbai;6/4/2022;;;10;;;;USA
C2277;Ankit;Male;;Hyderabad;5/5/2024;;;10;;;;India
C2278;Rahul;Male;58;Pune;;;946.29;5;user2277@mail.com;;;Australia
C2279;Priya;;;Mumbai;;21/2/2024;;1;user2278mail.com;;;UK
C2280;Simran;;;Hyderabad;;18/4/2025;4562.7;1;user2279mail.com;;;Canada
;Kiran;;;Kolkata;6/9/2020;;;1;user2280@mail.com;;;Australia
C2282;Priya;Male;65;Pune;;15/7/2023;;10;;;;India
C2283;Simran;Female;;Pune;28/9/2023;;;;user2282@mail.com;;;Canada
C2284;Simran;Male;;Pune;17/12/2023;;;1;;;;USA
C2285;Kiran;Male;;Chennai;;;;10;;;;Australia
;Sneha;;;Mumbai;;;;10;;;;Canada
C2287;Amit;Female;37;Mumbai;8/11/2021;20/5/2021;;10;;9666381583;9666381583;Canada
C2288;Ankit;Male;;Hyderabad;21/2/2021;;;10;;;;Canada
C2289;;Male;;Pune;11/4/2021;3/5/2023;4589.61;;user2288@mail.com;9716358557;9716358557;
C2290;Pooja;Male;;Bangalore;7/3/2024;;;1;;;;Australia
C2291;Ankit;Female;;Hyderabad;;;;1;user2290@mail.com;;;Canada
;Simran;Female;;Kolkata;;15/6/2021;;1;user2291@mail.com;;;Canada
C2293;Neha;Female;;Ahmedabad;1/2/2021;;;1;;;;
C2294;Priya;;;Pune;24/9/2022;;;1;user2293@mail.com;;;
C2295;Rahul;Male;;;;;;1;;;;India
C2296;Amit;Female;;Hyderabad;24/1/2023;;3544.58;;user2295@mail.com;;;Canada
;Priya;Female;;Delhi;;;;10;;;;Canada
C2298;Neha;Male;;Chennai;;;;1;;;;Canada
C2299;Priya;;35;Mumbai;10/5/2024;29/4/2022;;1;user2298@mail.com;;;
C2300;Sneha;Male;;Pune;21/9/2022;8/8/2023;;10;;991981646;0991981646;USA
C2301;;Female;57;Chennai;;;;;;9566265394;9566265394;Australia
C2302;Priya;Male;;Kolkata;;;;1;user2301@mail.com;;;UK
C2303;Pooja;;;Delhi;22/11/2020;;;10;;;;USA
C2304;Rahul;Male;66;Ahmedabad;;;;;user2303mail.com;9371282419;9371282419;India
;Ravi;Female;;Bangalore;30/10/2025;6/8/2023;;10;user2304@mail.com;;;USA
C2306;Ankit;Male;;Ahmedabad;;;31.2;;user2305mail.com;;;
C2307;Pooja;Female;;Delhi;10/4/2023;;;;;;;UK
C2308;Ankit;Female;58;Ahmedabad;;;;1;user2307mail.com;;;Australia
;Pooja;Female;;Ahmedabad;;;;4;user2308@mail.com;;;Australia
C2310;;Female;;Kolkata;9/5/2021;;;10;user2309@mail.com;941214233;0941214233;
C2311;Ravi;Female;19;Delhi;7/11/2020;;;;user2310mail.com;;;UK
C2312;Ankit;Female;22;Ahmedabad;;;;4;user2311mail.com;;;Canada
C2313;Priya;Male;;Pune;15/11/2022;;426.38;;user2312mail.com;;;India
;Amit;Female;53;Ahmedabad;3/3/2022;;;;;;;Australia
;Priya;Female;;Pune;;;2623.57;1;user2314@mail.com;;;UK
C2316;Simran;Female;;Mumbai;;;;3;user2315mail.com;;;
C2317;Simran;;;Kolkata;21/4/2021;;;10;user2316@mail.com;;;Australia
;Priya;Male;;Hyderabad;6/10/2020;;1427.55;1;user2317mail.com;;;India
C2319;Priya;Female;;Kolkata;3/9/2021;;;10;;;;UK
C2320;Kiran;Female;;;;;;10;user2319@mail.com;9249675839;9249675839;UK
C2321;Neha;Female;27;Chennai;7/3/2022;;;10;user2320@mail.com;9166893876;9166893876;Canada
C2322;;;;Kolkata;23/9/2022;9/4/2023;;5;user2321mail.com;9699969384;9699969384;
C2323;Amit;Male;;Bangalore;;24/2/2023;1477.84;;user2322mail.com;9472971434;9472971434;UK
C2324;;Male;;Ahmedabad;14/1/2026;7/9/2023;;1;user2323mail.com;;;Canada
;Ankit;;;Hyderabad;;;;4;user2324@mail.com;;;
C2326;Pooja;Male;;Hyderabad;;18/8/2025;;5;;;;India
C2327;Ravi;Male;42;Hyderabad;;;;;;;;Australia
C2328;Kiran;Female;;Bangalore;;;4656.23;1;;9449362662;9449362662;Australia
C2329;;Female;;Pune;2/3/2021;16/1/2025;4216.7;10;;;;Canada
C2330;;Female;;Ahmedabad;2/4/2025;;3629.43;;;;;
C2331;Amit;Male;;Hyderabad;14/1/2021;;;10;user2330@mail.com;;;USA
C2332;Pooja;Male;;Chennai;16/11/2024;;;1;;;;USA
C2333;Simran;Female;;Mumbai;;12/4/2023;2751.33;10;user2332mail.com;;;India
C2334;;Female;23;Mumbai;;;;1;;;;Canada
C2335;Ravi;Female;33;Bangalore;;23/11/2021;4347.68;1;;;;
C2336;Rahul;;;Delhi;24/2/2023;30/6/2025;;10;;;;Australia
C2337;Priya;Female;;Kolkata;15/10/2022;1/4/2025;;1;user2336@mail.com;;;USA
C2338;Pooja;Female;39;Chennai;;;596.93;2;;;;
C2339;Neha;;;Chennai;;;3622.28;10;user2338@mail.com;;;UK
C2340;Amit;;69;Kolkata;;;;5;;91265;0000091265;USA
;;Female;;Bangalore;18/11/2024;;4591.21;1;user2340mail.com;;;Canada
C2342;;Female;48;Hyderabad;3/11/2022;;;2;user2341@mail.com;;;Canada
;Simran;Female;;Delhi;;4/6/2025;;1;user2342@mail.com;;;UK
C2344;;Male;61;Hyderabad;;17/6/2021;;4;;;;
C2345;Pooja;Male;38;Mumbai;;;1467.45;;user2344@mail.com;;;India
;Amit;Male;47;Kolkata;1/10/2022;5/7/2023;;;;;;
C2347;;Female;;;2/6/2022;;;;;;;USA
;;Male;;Pune;17/3/2022;1/9/2021;;1;user2347@mail.com;;;Australia
C2349;;Male;;Hyderabad;;;;10;user2348@mail.com;;;Australia
C2350;Neha;Female;52;;27/12/2021;24/9/2021;;1;user2349mail.com;9661136484;9661136484;Australia
C2351;Ankit;Male;62;Pune;;;;5;user2350@mail.com;9817756;0009817756;USA
C2352;Amit;Female;;Pune;;5/4/2023;;10;;;;USA
C2353;;Male;35;Ahmedabad;;;;5;;;;India
C2354;Ankit;;;Pune;25/11/2022;;1465.2;2;;;;Australia
C2355;Pooja;Female;26;Kolkata;;;;1;user2354@mail.com;;;India
C2356;Ravi;;;Hyderabad;16/11/2022;;;4;user2355mail.com;;;India
;Neha;Female;32;;30/3/2022;17/3/2025;;;user2356@mail.com;;;UK
C2358;Rahul;Female;;Kolkata;15/2/2024;20/5/2024;;;;917491524;0917491524;Canada
C2359;Pooja;Male;;Hyderabad;22/8/2020;;;2;;;;India
C2360;Simran;;26;;20/12/2020;;;;;;;UK
C2361;Pooja;;66;Hyderabad;;;;1;;;;India
C2362;Ankit;Male;;Hyderabad;7/8/2025;27/4/2023;;5;;;;India
C2363;Pooja;;;Pune;18/12/2020;10/1/2026;;3;;;;India
;;Male;19;Hyderabad;;;2276.69;10;user2363mail.com;911819263;0911819263;Australia
C2365;Kiran;Female;;Hyderabad;12/11/2022;25/12/2025;216.29;;user2364@mail.com;;;Australia
C2366;Pooja;Male;68;;22/6/2025;7/1/2024;;1;;;;Canada
;Neha;Male;;Bangalore;14/1/2021;;;1;;;;Australia
C2368;Ravi;;;;12/3/2025;;;10;user2367mail.com;9694294791;9694294791;
;Simran;Female;18;Bangalore;26/9/2023;27/9/2023;;1;;9968869329;9968869329;
C2370;Amit;Male;19;;;;;10;user2369@mail.com;963833369;0963833369;Australia
C2371;Amit;Female;;Ahmedabad;;;;;user2370mail.com;;;
C2372;Sneha;Female;;Delhi;22/9/2021;22/10/2023;3726.46;;;;;
C2373;Neha;Female;;Chennai;;;;3;user2372@mail.com;;;Australia
C2374;Neha;;;Bangalore;;7/7/2023;;1;user2373mail.com;;;India
C2375;;Male;;;;;;1;;;;USA
C2376;Ravi;Male;46;Delhi;;;3863.76;10;user2375@mail.com;;;USA
;Sneha;Female;;Hyderabad;7/1/2023;;;1;;;;India
C2378;Sneha;Female;47;Kolkata;;;;1;user2377@mail.com;;;India
C2379;Amit;Female;;Bangalore;14/9/2022;;;10;user2378mail.com;9974393294;9974393294;USA
C2380;Kiran;Female;;Bangalore;;;;1;;9472427662;9472427662;Canada
C2381;Simran;;;Hyderabad;;;;2;user2380@mail.com;9985178591;9985178591;UK
C2382;Neha;;;Kolkata;;11/5/2022;;5;user2381@mail.com;;;
C2383;;Male;32;;;;1693.88;5;user2382@mail.com;9331224937;9331224937;Canada
;Neha;Female;;Ahmedabad;4/10/2020;;;;user2383mail.com;;;UK
C2385;Ankit;Female;49;Mumbai;;30/1/2021;2114.36;1;;9737676645;9737676645;Canada
C2386;Rahul;Male;;Chennai;9/8/2024;14/10/2025;;5;user2385@mail.com;;;USA
C2387;Ravi;Female;;;;;;4;;9966629763;9966629763;
C2388;Pooja;Male;;;9/5/2022;;;;;;;Australia
;Priya;Female;;Mumbai;26/11/2022;;2405.13;;;943543821;0943543821;
;Neha;Male;;Chennai;19/6/2021;;4291.13;1;user2389mail.com;;;USA
C2391;Neha;Male;;Kolkata;27/10/2023;23/1/2024;2026.94;2;user2390mail.com;;;
C2392;Simran;Female;;Delhi;7/6/2023;;;;;9631858;0009631858;
C2393;Ravi;Female;;Pune;17/9/2025;;;10;user2392@mail.com;;;India
;Sneha;;;Chennai;;25/12/2020;;1;user2393@mail.com;;;Canada
C2395;;Male;;Hyderabad;20/4/2021;;;;;9671651852;9671651852;India
C2396;Ravi;Male;;Pune;10/3/2022;;4689.69;10;user2395@mail.com;;;
C2397;Ravi;Female;;Delhi;21/6/2021;17/12/2021;;1;user2396@mail.com;;;Australia
C2398;Amit;Female;;Chennai;;20/10/2020;;3;;;;India
C2399;Simran;Male;;Bangalore;;;;2;user2398mail.com;;;Australia
C2400;Neha;Female;49;Kolkata;;;1304.4;;user2399mail.com;;;Australia
C2401;Neha;Female;;Mumbai;1/10/2021;;;2;user2400@mail.com;;;Australia
C2402;Neha;Male;;Hyderabad;29/7/2022;28/1/2021;;1;;947116643;0947116643;Australia
;Ankit;Male;;Chennai;6/3/2022;;;10;;99656184;0099656184;Canada
C2404;Ravi;Female;;Mumbai;30/12/2022;;;;;;;UK
C2405;Amit;Female;;Kolkata;3/4/2024;13/10/2023;;1;;;;USA
C2406;Rahul;Male;;Chennai;28/6/2025;;;3;user2405@mail.com;92632821;0092632821;Australia
C2407;Simran;;;Chennai;11/6/2021;;;;user2406@mail.com;;;India
C2408;Pooja;Female;61;Hyderabad;21/8/2025;27/11/2023;1174.4;;user2407mail.com;;;
C2409;Simran;Female;54;Delhi;28/8/2023;;4325.55;1;user2408mail.com;933123956;0933123956;Canada
C2410;Ravi;Male;;Hyderabad;11/10/2025;;;1;;;;USA
C2411;Ankit;;;Mumbai;25/2/2023;3/10/2023;;1;user2410@mail.com;;;UK
C2412;Kiran;Male;;;22/5/2025;;30.39;10;;;;UK
;Ankit;Female;;Hyderabad;5/6/2024;19/9/2022;1947.66;10;;;;Canada
C2414;;Male;;;12/3/2022;;4527.52;;;;;USA
C2415;Ravi;;;Hyderabad;26/7/2023;19/4/2022;;3;;;;India
C2416;;;;Chennai;11/8/2021;;;10;user2415@mail.com;;;Australia
;Rahul;Female;65;Mumbai;22/2/2025;20/10/2020;;;user2416@mail.com;985472756;0985472756;India
C2418;Priya;Male;64;Chennai;8/6/2025;7/2/2023;;1;user2417@mail.com;9358537869;9358537869;Canada
C2419;Ankit;;;Hyderabad;2/12/2024;;;10;user2418mail.com;9376258244;9376258244;Canada
C2420;Pooja;Male;;Kolkata;6/6/2024;28/11/2024;;3;;;;Canada
C2421;Sneha;Male;;Bangalore;15/10/2023;;;5;;;;Canada
C2422;Amit;Female;;Kolkata;;1/6/2024;;3;user2421mail.com;;;India
C2423;Kiran;;;Chennai;;2/12/2025;;5;user2422@mail.com;992944428;0992944428;
C2424;Simran;Female;;Kolkata;;;;5;user2423@mail.com;;;Australia
;;Male;;Bangalore;19/11/2022;11/6/2021;;;;;;Canada
;Rahul;Male;;Bangalore;;31/10/2021;;4;user2425@mail.com;;;Canada
;Rahul;;;Mumbai;;8/12/2023;3288.2;4;;;;Canada
C2428;;Female;47;;;;;3;;;;India
C2429;Simran;Female;;Bangalore;16/11/2023;;;1;user2428@mail.com;;;Australia
C2430;Neha;Male;;;;;;10;user2429mail.com;;;India
C2431;Rahul;Male;;Bangalore;;;;1;user2430mail.com;;;India
C2432;Kiran;Female;70;Mumbai;;;4256.36;1;;;;Australia
C2433;Amit;Male;;Mumbai;;;;;;;;
C2434;;Female;;Pune;;;2121.72;4;;;;India
C2435;;;;Delhi;;;;1;user2434@mail.com;;;USA
C2436;;Female;;Ahmedabad;15/7/2024;3/4/2024;3090.85;3;user2435@mail.com;9947613983;9947613983;India
C2437;Ravi;Male;;Kolkata;;;;1;;;;Canada
C2438;Priya;Male;;Mumbai;;8/11/2023;;10;;;;India
C2439;Ankit;Female;;Bangalore;;18/7/2023;;1;user2438@mail.com;988436382;0988436382;Canada
;Pooja;Male;;Hyderabad;2/6/2024;;;;user2439mail.com;;;
;Ankit;Female;;Pune;;24/6/2021;;10;user2440mail.com;;;India
C2442;Ankit;;;Bangalore;1/7/2025;18/3/2025;;1;user2441mail.com;993235389;0993235389;
C2443;Amit;Male;;Hyderabad;;17/11/2024;;2;user2442@mail.com;9224647141;9224647141;UK
C2444;Pooja;Female;;Chennai;;;;3;user2443@mail.com;;;
C2445;Pooja;Female;69;Mumbai;;26/2/2025;;;user2444mail.com;;;USA
C2446;;Male;;Kolkata;30/1/2024;;;1;;;;USA
C2447;Ravi;;;Kolkata;22/4/2025;;925.3;2;;;;UK
;Kiran;Female;;Pune;;12/7/2025;;3;user2447mail.com;;;Australia
;Ankit;;;Delhi;30/10/2022;;;;;;;
C2450;Amit;Female;21;;;9/10/2022;1341.01;1;user2449@mail.com;948131753;0948131753;UK
;Kiran;Female;;;25/1/2023;;4271.62;10;user2450@mail.com;;;India
;Neha;Female;;Hyderabad;;26/12/2022;;5;user2451mail.com;;;USA
C2453;Ravi;Female;28;Mumbai;7/4/2023;14/10/2025;;10;;9769721;0009769721;Australia
C2454;Kiran;Male;;Ahmedabad;28/12/2024;;4623.26;1;user2453@mail.com;;;USA
C2455;Neha;Male;;Bangalore;;25/10/2025;;10;user2454@mail.com;958454891;0958454891;
C2456;Sneha;Male;;Bangalore;2/3/2024;17/5/2024;213.91;;user2455mail.com;;;India
;Ravi;Female;;Delhi;;;;;;;;
;Pooja;Male;;;9/7/2021;30/11/2020;;4;user2457mail.com;;;USA
C2459;Sneha;Female;;Hyderabad;31/3/2025;;656.12;10;user2458@mail.com;;;
C2460;Amit;;;Delhi;22/6/2021;;683.68;10;user2459mail.com;98873334;0098873334;Canada
C2461;;;;Bangalore;;;;;user2460mail.com;;;USA
C2462;Pooja;Male;;Chennai;11/10/2021;2/1/2022;4056.78;;user2461@mail.com;;;India
C2463;Sneha;;58;Kolkata;;;;10;;;;
C2464;Rahul;;;Kolkata;19/9/2024;4/8/2024;;3;user2463mail.com;;;Australia
;Rahul;Female;;Delhi;8/10/2023;2/9/2023;;3;user2464@mail.com;;;UK
C2466;Ankit;Female;;Mumbai;;;;1;;;;
C2467;Simran;Female;;;;14/11/2025;;4;user2466@mail.com;;;USA
;Neha;Female;;Kolkata;27/11/2021;;;3;;;;UK
C2469;Priya;Male;;Kolkata;27/9/2021;;;;user2468mail.com;;;USA
C2470;Sneha;Female;;;18/12/2022;5/4/2021;;1;;;;India
;Rahul;Male;;Kolkata;16/10/2021;;;10;user2470mail.com;9419888647;9419888647;
C2472;;Male;20;Hyderabad;;;;1;user2471@mail.com;;;Australia
C2473;Kiran;;67;Hyderabad;;;;1;user2472mail.com;;;
C2474;Ankit;;;;16/1/2024;;887;1;user2473mail.com;;;Canada
C2475;Ravi;Female;22;Chennai;12/1/2026;;;4;user2474mail.com;925972857;0925972857;Australia
;Neha;Male;;Ahmedabad;;;;5;;;;
C2477;Simran;Male;;;;;;1;user2476@mail.com;;;USA
C2478;Pooja;;25;Kolkata;;18/6/2023;1386.36;4;;;;USA
;Ravi;Male;68;Pune;;23/2/2022;;1;;;;Canada
C2480;;Male;;Kolkata;;;;;user2479@mail.com;;;Canada
C2481;Priya;;43;Delhi;17/5/2025;30/6/2024;;;user2480@mail.com;;;
C2482;;Male;;Bangalore;22/5/2025;6/10/2023;;3;user2481@mail.com;;;Australia
C2483;Sneha;;28;Bangalore;17/12/2020;;;5;;99933575;0099933575;India
;;Male;;Hyderabad;20/6/2024;;;10;user2483mail.com;967941482;0967941482;Australia
;Ankit;;;Mumbai;23/1/2023;;;;;;;Canada
;Pooja;Female;;Pune;15/7/2025;28/10/2022;2648.76;10;user2485@mail.com;;;UK
;Neha;Male;;Bangalore;;28/11/2020;;1;user2486mail.com;912961286;0912961286;
C2488;Sneha;Male;;Ahmedabad;5/8/2023;;;3;;;;Canada
C2489;Ravi;Male;;Kolkata;;;1081.05;3;;;;USA
C2490;Ankit;Male;31;Hyderabad;3/5/2025;20/9/2021;;1;;95998522;0095998522;
;Rahul;;;Ahmedabad;;10/12/2023;;;user2490mail.com;9337187831;9337187831;Australia
C2492;Simran;;;Mumbai;;;;1;;;;
C2493;Sneha;Female;33;Chennai;;;;10;;;;USA
;Ravi;;68;Pune;13/12/2023;;;;user2493@mail.com;;;USA
;Neha;Female;;Mumbai;;;4996.55;;;91543651;0091543651;
C2496;Kiran;Male;;Delhi;11/7/2025;22/9/2025;;10;user2495mail.com;;;UK
C2497;Rahul;Female;;Hyderabad;;;;1;user2496@mail.com;;;Australia
C2498;Rahul;Female;;Mumbai;;;;10;user2497@mail.com;;;India
C2499;Neha;Female;56;Delhi;;;;;user2498@mail.com;;;USA
C2500;Priya;Male;;Hyderabad;13/3/2022;;;5;user2499mail.com;;;India
;Kiran;Male;;Chennai;24/6/2021;27/3/2024;;;user2500@mail.com;946299386;0946299386;USA
;Simran;;41;Kolkata;;;1192.88;10;user2501mail.com;;;USA
C2503;Simran;Male;26;Chennai;15/3/2025;;;;;;;
C2504;Kiran;Male;;Bangalore;;;;10;user2503@mail.com;;;USA
;Rahul;Female;;;;;;;;;;Canada
C2506;;Female;;Hyderabad;;;;1;user2505mail.com;9213192382;9213192382;
C2507;Rahul;Female;;Delhi;;;556.18;1;user2506mail.com;;;India
C2508;;Female;58;Delhi;;;;;;;;India
C2509;Simran;;21;Bangalore;23/8/2023;;;10;user2508mail.com;;;
C2510;Amit;Male;;Kolkata;;17/10/2021;;10;;;;UK
C2511;Pooja;Male;;Bangalore;;;;;user2510mail.com;9695549736;9695549736;USA
C2512;Neha;Female;;Bangalore;;19/2/2024;;10;;;;
C2513;Simran;Female;;;;;;4;user2512mail.com;;;India
C2514;Kiran;;;Bangalore;;26/7/2024;;2;user2513@mail.com;;;
C2515;Pooja;Male;;;2/3/2021;13/4/2023;2050.13;10;user2514mail.com;982345646;0982345646;
C2516;;Female;;Chennai;;;3082.95;10;;;;
C2517;;Male;61;Mumbai;;;;10;user2516@mail.com;;;Australia
;Rahul;Male;59;Pune;9/4/2023;;;10;;;;
C2519;Sneha;Male;;;30/3/2024;;;4;user2518mail.com;9945533812;9945533812;USA
C2520;Pooja;Male;;Bangalore;;;;3;;;;UK
C2521;;Female;39;Bangalore;18/10/2024;;;3;user2520mail.com;;;India
C2522;Sneha;Female;;Bangalore;;23/10/2024;3540.37;;user2521mail.com;969229635;0969229635;
C2523;Simran;Male;;Hyderabad;3/11/2023;19/3/2022;;1;user2522mail.com;9429341768;9429341768;Canada
C2524;Pooja;Female;;Pune;;;;5;;;;
;Kiran;;44;Kolkata;;;87.25;;;;;UK
;Rahul;Male;;Chennai;21/6/2025;;;1;user2525mail.com;;;India
C2527;Pooja;Female;;;;;;10;;97459667;0097459667;India
C2528;Pooja;Male;;Mumbai;27/6/2025;;;10;;;;USA
C2529;Sneha;Female;;Ahmedabad;12/4/2025;;;1;user2528@mail.com;;;UK
C2530;Ankit;Female;;Delhi;15/2/2024;15/3/2022;;;;;;Australia
C2531;Sneha;Female;66;Mumbai;;;;1;user2530@mail.com;9243144317;9243144317;Canada
C2532;Rahul;Female;;Delhi;;16/12/2023;;;user2531@mail.com;911238188;0911238188;India
C2533;Neha;Female;;Mumbai;;;2986.72;4;user2532mail.com;;;
;Kiran;Female;66;;;18/4/2025;;1;;;;USA
C2535;;Female;;Hyderabad;;12/3/2022;;1;;;;
;Kiran;;;;31/7/2024;;2904.61;1;user2535mail.com;94945785;0094945785;Canada
C2537;Kiran;Female;;Hyderabad;6/8/2020;;4471.93;;;957834382;0957834382;USA
C2538;Sneha;Female;;Mumbai;10/5/2023;9/8/2021;;;user2537mail.com;;;
;Pooja;Female;;Bangalore;;;;1;;;;USA
C2540;Priya;;;Kolkata;;;;;user2539@mail.com;9443546567;9443546567;Australia
C2541;Pooja;;;Pune;24/10/2025;;3693.96;10;;;;India
;Amit;Male;;Kolkata;14/10/2020;;4873.4;3;;978296646;0978296646;Australia
C2543;;;;Mumbai;;;;1;;;;USA
C2544;;Male;;Kolkata;;27/4/2025;;3;;;;Australia
C2545;Ravi;Male;;Chennai;;;;10;user2544@mail.com;984874986;0984874986;Canada
C2546;Simran;Female;39;;;;4235.49;1;user2545@mail.com;;;Australia
C2547;Ankit;;;Hyderabad;14/3/2021;;4850.44;1;user2546@mail.com;;;India
;Ravi;Male;51;Ahmedabad;26/3/2025;;3741.91;;;;;
;Rahul;Male;;Chennai;11/12/2024;;;2;user2548mail.com;;;UK
C2550;Simran;Female;;Bangalore;16/2/2025;;;4;user2549mail.com;;;UK
C2551;Priya;Male;;Chennai;4/4/2021;14/7/2021;;;user2550@mail.com;;;USA
C2552;Pooja;;;;25/9/2024;6/11/2024;4574.33;1;user2551mail.com;;;Canada
C2553;Simran;;24;Delhi;;;;10;user2552@mail.com;9263834276;9263834276;India
C2554;Ravi;;;Chennai;;;;3;;95457862;0095457862;India
C2555;;;;Mumbai;;;66.49;1;;;;Canada
C2556;Ankit;Male;69;Pune;;;1420.16;3;;;;India
C2557;Simran;Female;;Delhi;;28/8/2024;;1;;;;
;Sneha;Female;;Ahmedabad;;11/9/2024;;2;;;;USA
C2559;Neha;Female;;Chennai;1/4/2022;1/6/2022;3804.07;1;;935354483;0935354483;Australia
C2560;Ankit;Male;38;Hyderabad;1/9/2025;28/2/2024;;2;user2559mail.com;9878528;0009878528;
C2561;Sneha;Female;28;Pune;24/10/2025;;;1;;;;Australia
C2562;Neha;Male;;Chennai;23/12/2022;;;1;user2561mail.com;;;
C2563;Simran;Female;;Hyderabad;;;;1;user2562@mail.com;;;India
;;;;Ahmedabad;25/3/2025;19/8/2025;1081.02;10;user2563mail.com;;;UK
C2565;Priya;Male;21;Kolkata;;;3954.07;10;;;;India
C2566;Priya;Female;;Ahmedabad;;;4125.62;4;;;;Canada
C2567;Amit;Male;29;;;;;10;user2566@mail.com;;;Australia
;Neha;Female;;Bangalore;8/7/2021;;3575.58;1;;;;
C2569;Neha;;38;Delhi;;;;1;user2568@mail.com;;;Australia
C2570;;Male;;;;;;;;;;USA
C2571;Amit;;68;Delhi;;;;10;;;;Canada
C2572;Amit;Male;;Bangalore;2/3/2024;;;1;;;;
C2573;Pooja;;;Bangalore;;;;10;user2572@mail.com;;;Canada
C2574;Amit;Female;57;Kolkata;;;;1;user2573mail.com;9371844115;9371844115;UK
C2575;Rahul;Female;;Chennai;5/11/2025;;;10;user2574@mail.com;;;India
C2576;Sneha;;55;Delhi;12/10/2024;;;10;;9837314279;9837314279;UK
C2577;Pooja;Male;60;Mumbai;25/1/2024;;;1;;;;Canada
C2578;;Female;;Kolkata;30/5/2023;;;;user2577mail.com;;;UK
;;Female;;Delhi;11/8/2025;;;10;;;;
;Priya;Male;53;Kolkata;11/11/2021;;;1;;;;USA
C2581;Rahul;Male;;Mumbai;20/7/2022;6/6/2022;;;;;;Australia
C2582;Neha;Female;;Delhi;1/3/2022;9/10/2025;;;;98646877;0098646877;Australia
C2583;Rahul;Female;;Mumbai;25/6/2025;;;3;user2582mail.com;9292963368;9292963368;Australia
;Pooja;Male;;Ahmedabad;19/11/2023;;4244.74;5;;;;USA
;Neha;Male;;Mumbai;15/5/2023;12/9/2021;;1;;;;India
;Priya;Female;;Hyderabad;28/12/2022;;4072.85;1;;;;Australia
C2587;Neha;Female;;Pune;14/6/2023;;;1;;;;Australia
C2588;Sneha;Female;;Pune;11/3/2022;4/9/2023;;10;user2587mail.com;;;Australia
C2589;;Female;;Kolkata;7/4/2023;;;;;;;Australia
C2590;Amit;Female;;Mumbai;1/2/2022;25/12/2025;;1;;;;USA
C2591;Kiran;Male;;Ahmedabad;;7/7/2021;3092.66;;user2590@mail.com;;;
C2592;Simran;Female;38;Chennai;;;;2;user2591@mail.com;91455116;0091455116;USA
C2593;Pooja;Female;;Pune;24/2/2022;;;10;user2592@mail.com;;;
C2594;Priya;Male;;Ahmedabad;;6/1/2024;;;user2593mail.com;97665633;0097665633;USA
C2595;Ravi;Female;;Kolkata;;;;1;user2594@mail.com;;;
C2596;Ravi;Male;23;Delhi;17/6/2023;;;10;user2595mail.com;;;Canada
C2597;Priya;;;Pune;;;;;;;;UK
C2598;Neha;;;Pune;;;;10;user2597mail.com;;;UK
;Kiran;;;Delhi;;;;3;;;;Canada
C2600;;Female;52;Delhi;17/9/2022;;;;user2599mail.com;;;UK
C2601;Rahul;Male;;Bangalore;5/10/2020;;;;user2600@mail.com;;;UK
C2602;Ravi;Female;;Chennai;;;3966.77;;;;;Australia
C2603;Neha;Male;;Hyderabad;;21/8/2023;1450.67;10;;;;Canada
C2604;Simran;;;Mumbai;;8/3/2022;;4;;;;UK
C2605;Kiran;Female;;Bangalore;18/8/2021;15/4/2022;;1;user2604@mail.com;;;UK
;Sneha;Female;;Kolkata;;14/9/2020;;;user2605mail.com;988142127;0988142127;
;Amit;Male;60;Hyderabad;17/2/2023;;;1;;;;Canada
;Pooja;Male;;;20/11/2021;;14.99;4;;;;Canada
;Priya;Male;;Ahmedabad;30/11/2020;4/1/2026;;;;;;Canada
C2610;Ankit;;;Mumbai;18/2/2023;16/2/2025;;;;;;India
;Ankit;Female;44;Ahmedabad;;;;;user2610mail.com;;;UK
;Simran;Female;;Ahmedabad;31/10/2022;;;10;user2611mail.com;9972224973;9972224973;UK
C2613;Pooja;Male;;Chennai;;;4879.08;3;;;;UK
C2614;Kiran;Male;;;;;;;user2613@mail.com;;;Canada
;Sneha;;;Ahmedabad;;;;4;user2614@mail.com;;;Canada
C2616;Sneha;Male;;Hyderabad;;22/7/2025;;3;user2615@mail.com;;;Australia
C2617;;Male;;Bangalore;;;404.87;;user2616mail.com;9886713946;9886713946;Canada
;Priya;;;Kolkata;27/12/2025;;;1;user2617@mail.com;;;Canada
C2619;Ankit;Male;;Chennai;10/1/2024;;;1;user2618mail.com;;;India
C2620;Ravi;;27;Delhi;;;;1;;9175141622;9175141622;USA
C2621;Neha;Male;62;Hyderabad;28/8/2021;26/2/2021;;10;user2620@mail.com;9972465694;9972465694;UK
C2622;Ravi;Female;;Kolkata;22/9/2023;;696.95;1;user2621mail.com;977463691;0977463691;UK
C2623;Rahul;;;;;13/2/2025;3043.67;10;;;;Canada
C2624;Pooja;Male;;;;;4700.4;;user2623mail.com;;;UK
;Priya;Male;;Bangalore;6/3/2022;;;1;user2624mail.com;;;Australia
C2626;Neha;Male;50;Pune;;;;1;user2625mail.com;;;UK
C2627;Pooja;Male;;;4/8/2022;;;;;976689983;0976689983;India
;;Female;;Delhi;12/8/2021;7/10/2025;;;;;;
C2629;Ravi;;42;Delhi;;;3358.04;10;;9193121636;9193121636;Australia
C2630;Kiran;Female;;Bangalore;21/2/2021;27/2/2023;;10;user2629mail.com;;;
C2631;Neha;Male;55;Mumbai;2/7/2024;;364.06;;;;;Canada
C2632;;Female;;Ahmedabad;17/5/2022;;;;user2631mail.com;;;Canada
C2633;Ankit;Male;54;Kolkata;;26/5/2024;;5;;;;
;Priya;Male;;Bangalore;20/9/2020;;;1;;;;Canada
C2635;;Male;;Mumbai;19/3/2022;;;1;;;;
;;Female;;Bangalore;;1/7/2022;;;;99581345;0099581345;
C2637;Simran;Male;;Ahmedabad;3/12/2025;;;;;;;India
C2638;;Male;;Ahmedabad;24/11/2023;;;1;user2637@mail.com;;;
;Amit;;;Ahmedabad;;;;1;user2638mail.com;;;USA
C2640;Ravi;Male;24;Delhi;29/1/2023;;;10;user2639mail.com;;;India
C2641;Simran;;28;Hyderabad;22/3/2022;;;1;;941995935;0941995935;Australia
C2642;Simran;Female;;Bangalore;;18/10/2020;;1;;;;USA
C2643;;Male;;Kolkata;6/2/2025;4/12/2024;;2;user2642@mail.com;;;Australia
C2644;Pooja;Male;;Delhi;;;;10;user2643mail.com;912213481;0912213481;Canada
C2645;Amit;Male;;Bangalore;2/2/2025;;;10;;;;Canada
C2646;Pooja;Male;65;Mumbai;14/1/2023;;;1;;9571974722;9571974722;Canada
;Priya;Female;;Bangalore;;;;10;;;;
C2648;Neha;Male;38;Hyderabad;;20/11/2024;;4;;;;Canada
;Simran;Male;;;;11/5/2023;;;user2648@mail.com;;;USA
C2650;Simran;Female;;Kolkata;1/11/2024;;;10;;9351626576;9351626576;
;Rahul;;;Ahmedabad;25/10/2020;;;10;;;;Canada
;Ankit;;;Kolkata;;;;1;;9242142419;9242142419;Australia
C2653;;Female;18;Delhi;11/2/2022;;;1;;944891351;0944891351;UK
;;;;Hyderabad;12/4/2024;;;4;;;;USA
C2655;Ankit;Male;;Chennai;;;288.7;10;;;;Canada
C2656;;Female;;Kolkata;;;;;user2655@mail.com;;;Australia
C2657;;Male;58;Hyderabad;6/12/2020;;;1;user2656@mail.com;9113642;0009113642;
C2658;Sneha;Male;29;;19/8/2021;16/12/2021;;5;;;;Canada
C2659;Simran;;;;;;;1;user2658mail.com;9172952589;9172952589;USA
C2660;Priya;Female;;Pune;23/9/2021;14/7/2025;;;user2659mail.com;;;Canada
C2661;Neha;Male;;;;;;;user2660mail.com;;;USA
C2662;Ravi;Female;31;Mumbai;;;2801.47;1;user2661mail.com;;;India
C2663;Simran;Female;;;;;;3;;;;India
;;Male;49;Pune;4/9/2020;;996.42;10;;;;USA
;;Female;;Delhi;28/1/2022;;;10;;926429514;0926429514;UK
C2666;Pooja;Male;;Kolkata;;;3414.89;3;user2665@mail.com;;;India
;Ravi;Female;;Kolkata;;;;1;;;;
C2668;Ravi;;55;;;;4663.27;10;user2667mail.com;;;UK
C2669;Rahul;Male;;Chennai;;;;2;user2668@mail.com;;;Australia
C2670;;Female;19;Pune;;;3287.68;10;user2669mail.com;;;USA
C2671;Amit;Female;;Kolkata;9/8/2023;;;10;user2670mail.com;;;USA
C2672;Kiran;Female;;Pune;;21/10/2021;3592.46;1;user2671mail.com;;;USA
C2673;Ravi;Female;;Bangalore;4/7/2024;;;10;;963662673;0963662673;USA
;Amit;;;Pune;8/5/2025;;;1;user2673mail.com;9869939677;9869939677;USA
C2675;Simran;Female;37;Mumbai;15/4/2021;;;;;9333797;0009333797;Australia
;Amit;Male;;Chennai;;;1459.97;1;user2675@mail.com;;;USA
C2677;Sneha;Female;;Bangalore;;;;10;user2676@mail.com;;;Australia
C2678;Neha;Male;;Hyderabad;7/3/2022;;;1;;;;UK
;Ravi;Male;;Ahmedabad;18/9/2020;;;4;user2678@mail.com;9361678647;9361678647;
C2680;Pooja;Male;;Chennai;;13/8/2023;;2;;;;Canada
;;;;Mumbai;3/11/2021;;;1;;;;UK
C2682;Neha;Male;49;Hyderabad;;;1381.25;1;;;;
C2683;Pooja;Male;59;Delhi;;12/2/2024;3493.24;5;;94874522;0094874522;
C2684;Sneha;;;Mumbai;;30/4/2021;1740.2;1;;;;Australia
C2685;;Male;;Bangalore;;;;10;;;;Canada
C2686;Sneha;Male;;Mumbai;;;;1;user2685@mail.com;966176833;0966176833;USA
;Priya;Male;;Kolkata;;14/7/2021;1254.35;;;96534952;0096534952;USA
C2688;Kiran;Female;53;Chennai;;;802.43;2;;;;India
C2689;Ravi;Female;;;;;;10;user2688mail.com;9123373866;9123373866;UK
;Kiran;Female;;Kolkata;6/8/2023;;;;;;;
C2691;Simran;Male;;Pune;26/5/2022;;;10;user2690@mail.com;942988379;0942988379;India
C2692;Rahul;;;Pune;;;983.32;1;;;;UK
;Kiran;Female;;Kolkata;5/9/2020;;;10;;;;UK
;Ravi;Male;46;Ahmedabad;;;1757.18;;;;;India
C2695;;;;Mumbai;;;919.06;;user2694mail.com;;;
C2696;Simran;Male;;Pune;7/8/2022;;3549.23;3;;9313671297;9313671297;
;Kiran;;;Chennai;;17/7/2023;;;;;;Canada
C2698;Pooja;;;Ahmedabad;;;;1;user2697mail.com;;;UK
C2699;;;;Kolkata;26/4/2023;;;;user2698mail.com;;;USA
C2700;Ravi;Male;;Chennai;;;4030.82;2;;967293825;0967293825;UK
C2701;Kiran;;;Delhi;;24/3/2022;994.95;;user2700@mail.com;;;USA
;Ravi;;;Kolkata;25/2/2022;;;1;;9528965124;9528965124;
;Sneha;Female;;Mumbai;28/3/2022;;171.35;1;user2702mail.com;;;Australia
;Priya;Male;;Bangalore;7/6/2022;1/1/2021;;;;9642887672;9642887672;India
C2705;Neha;Female;;Chennai;3/1/2022;18/9/2023;;2;user2704@mail.com;;;USA
C2706;Ankit;Male;62;Mumbai;;6/10/2023;;1;user2705@mail.com;;;UK
C2707;;;;Mumbai;;21/2/2025;;1;;9169421944;9169421944;India
C2708;Simran;Male;;Hyderabad;;;;1;user2707mail.com;9292658564;9292658564;Canada
;;;;Ahmedabad;;;;1;;;;Canada
C2710;;Female;;Chennai;;;2552.45;4;;;;
C2711;Amit;Male;;Delhi;2/9/2020;;;10;;;;UK
C2712;Pooja;;37;Pune;;30/12/2023;;3;user2711@mail.com;;;
;Sneha;Male;;Bangalore;21/6/2021;;529.03;10;user2712@mail.com;;;Canada
C2714;;Male;33;Pune;;;;2;;;;Canada
C2715;Ravi;Male;42;Kolkata;19/9/2022;;548.25;1;;;;UK
C2716;;Female;68;Hyderabad;;;;;;;;
;;Male;19;Hyderabad;19/3/2024;4/8/2022;4173.1;;user2716mail.com;;;India
;Ankit;Female;;;;;;10;user2717@mail.com;;;
C2719;Ankit;Male;;;25/12/2021;;4154.62;1;user2718@mail.com;;;India
C2720;Kiran;Female;;Ahmedabad;;;;1;;959734926;0959734926;USA
C2721;Ankit;Male;;Hyderabad;;;;3;user2720mail.com;;;UK
C2722;;Female;;;;;;1;;;;USA
C2723;Ravi;;;Mumbai;;;3611.42;10;user2722mail.com;;;USA
;;Female;;Mumbai;15/9/2025;;;2;user2723@mail.com;;;Australia
C2725;Neha;Female;;;5/12/2020;;;;;;;India
C2726;Neha;Female;;Hyderabad;3/7/2024;;;10;;;;
C2727;Pooja;Male;;Kolkata;;;;10;user2726@mail.com;9796276389;9796276389;Australia
C2728;Sneha;Female;;Pune;;;2282.27;1;user2727mail.com;;;India
C2729;Ankit;Male;;;;;;1;user2728@mail.com;9475311613;9475311613;UK
;Ravi;Male;;Mumbai;;;;1;;964376918;0964376918;USA
C2731;Priya;;;Pune;12/9/2020;;604.87;2;;;;India
C2732;Ankit;Female;;Ahmedabad;23/3/2022;;;4;user2731@mail.com;;;Australia
;Kiran;Male;;Ahmedabad;;14/11/2023;;1;user2732mail.com;98993613;0098993613;India
C2734;Rahul;Female;;Bangalore;;;;2;user2733mail.com;9231751323;9231751323;
C2735;Ravi;;;Kolkata;;16/5/2025;;;;;;India
C2736;Neha;Male;;Chennai;26/7/2023;;3779.31;1;;;;India
C2737;;Male;49;Chennai;30/1/2025;;;1;user2736@mail.com;;;Australia
C2738;Rahul;;;;25/9/2023;;;4;;;;Australia
;Ravi;Female;19;Kolkata;;16/2/2023;;;user2738@mail.com;978413895;0978413895;
C2740;Ravi;Female;;Kolkata;;10/7/2022;2004.24;3;;;;UK
C2741;Ravi;Male;;Kolkata;;;661.38;4;;;;
C2742;Kiran;Female;;Bangalore;8/11/2024;;;1;;;;India
C2743;Ankit;;64;Ahmedabad;;;;5;user2742mail.com;;;Australia
C2744;Priya;Male;;Chennai;13/10/2023;4/1/2023;;5;user2743@mail.com;;;Australia
;;Male;;Ahmedabad;27/11/2023;;;1;;;;India
C2746;Ravi;Female;;Kolkata;;19/10/2021;;1;;;;Canada
;Ankit;Female;;Kolkata;4/5/2025;;;;user2746mail.com;9566181817;9566181817;India
;;Female;64;Mumbai;;;;;;;;Australia
;Priya;Female;;Ahmedabad;18/6/2025;21/2/2024;;10;;912635813;0912635813;UK
C2750;Simran;Female;45;Chennai;;;;10;user2749@mail.com;;;Australia
C2751;Priya;;57;Pune;;;1443.47;10;user2750mail.com;;;UK
C2752;Simran;Female;;Kolkata;;;;10;;9279877114;9279877114;USA
;Simran;;;Delhi;1/2/2024;;;;;969346425;0969346425;UK
C2754;Ravi;;;Kolkata;28/9/2022;24/12/2024;;1;user2753mail.com;;;India
;Kiran;Male;;Kolkata;;9/8/2020;;1;user2754@mail.com;;;
C2756;Rahul;;;Mumbai;20/7/2024;17/12/2025;;;;;;India
;Neha;Male;;Pune;27/3/2022;;695.96;3;;;;Canada
;Sneha;Female;;Kolkata;6/11/2023;8/10/2021;;;;;;UK
C2759;Simran;Male;;Pune;27/7/2023;;;10;;;;
;Priya;Male;;Kolkata;;13/1/2021;4448.11;3;user2759mail.com;9177648181;9177648181;Australia
C2761;Neha;;62;Delhi;27/10/2021;25/1/2023;;10;;;;Australia
C2762;;Female;;Chennai;7/10/2021;;;1;;9789367889;9789367889;India
;Rahul;;;Mumbai;;;;5;user2762@mail.com;;;Canada
C2764;Rahul;Male;46;Kolkata;;;;1;user2763mail.com;922116293;0922116293;Australia
;Amit;;;;;3/8/2025;;;;;;USA
C2766;;;20;Pune;;;2882.25;;;;;
;Simran;Male;;Ahmedabad;;16/6/2025;4161.42;3;user2766mail.com;;;
C2768;Kiran;Male;;Hyderabad;9/11/2022;;;1;user2767mail.com;93113992;0093113992;
C2769;Amit;Female;18;Ahmedabad;;10/12/2021;;5;user2768mail.com;9459176915;9459176915;Canada
C2770;Priya;;;Mumbai;6/8/2025;;47.18;3;;9944737;0009944737;Australia
C2771;Priya;Male;;Kolkata;24/3/2024;;;5;;;;UK
C2772;;;;Ahmedabad;22/5/2022;10/10/2023;3154.67;1;user2771@mail.com;;;UK
C2773;Pooja;Female;;Ahmedabad;7/11/2021;18/5/2023;;1;;9835557183;9835557183;UK
;Kiran;Male;37;Pune;;;;2;user2773@mail.com;;;
C2775;Simran;Female;45;Ahmedabad;28/9/2022;;;3;user2774mail.com;;;Canada
C2776;Ankit;Male;;Chennai;;;;;user2775mail.com;;;Australia
C2777;;;;Delhi;;;1426.54;;;;;UK
C2778;;Female;;Delhi;;2/12/2024;;3;;;;Australia
C2779;Rahul;;;Bangalore;10/9/2024;;1586.21;10;user2778@mail.com;;;USA
;;;;Ahmedabad;18/8/2023;23/1/2021;;;;;;USA
C2781;Amit;Female;49;Hyderabad;;8/8/2025;;;;;;UK
C2782;Neha;Female;;;10/11/2020;;;;user2781mail.com;9854578377;9854578377;Australia
C2783;Sneha;Male;;Delhi;;4/10/2020;;5;user2782mail.com;;;
C2784;Ravi;Female;;Bangalore;29/4/2021;26/1/2024;;;;9991269577;9991269577;India
;Priya;Male;;Hyderabad;;;;5;;919655619;0919655619;
C2786;Priya;Female;;Mumbai;4/5/2022;;;;user2785@mail.com;;;USA
;Ravi;;18;;;4/1/2023;;10;;;;UK
C2788;Priya;;30;Ahmedabad;;;;;user2787mail.com;9612821;0009612821;India
C2789;Pooja;Female;;Mumbai;22/9/2020;;;1;user2788@mail.com;94826287;0094826287;Canada
C2790;Amit;Male;29;Delhi;8/12/2024;;;3;user2789mail.com;;;Australia
C2791;Priya;Female;;Pune;;20/7/2024;;4;;;;Canada
;Simran;Female;44;Pune;;;2416.33;3;user2791@mail.com;;;Canada
C2793;;Female;;Bangalore;;16/2/2024;;2;;;;UK
C2794;;Female;;Bangalore;4/7/2021;9/6/2024;;5;;;;UK
C2795;;Male;;;26/6/2025;;;1;user2794mail.com;;;Australia
C2796;Priya;Female;;Mumbai;;1/4/2021;;;user2795mail.com;9488485262;9488485262;India
;Priya;Male;44;Chennai;31/8/2024;8/7/2022;45.07;10;;;;Australia
C2798;Ankit;Female;;Kolkata;7/2/2022;27/4/2021;;10;user2797@mail.com;;;
C2799;Ravi;Female;39;;13/11/2024;;;1;;9179235616;9179235616;UK
C2800;Pooja;Male;;Delhi;;;781.14;2;user2799mail.com;;;UK
C2801;Amit;Female;;Kolkata;20/3/2023;;3212.13;2;;;;India
C2802;;Female;54;Hyderabad;;7/3/2022;;1;user2801@mail.com;9968387632;9968387632;Canada
;Amit;Female;;Mumbai;;;;10;;91864;0000091864;UK
C2804;Sneha;Male;;Chennai;4/12/2023;23/10/2024;;5;;;;UK
C2805;Simran;;;;;20/7/2023;;;;;;India
C2806;;Female;37;Mumbai;;;;;user2805mail.com;;;UK
C2807;Rahul;;;Chennai;;10/4/2021;;1;;;;
C2808;;Male;;Ahmedabad;7/5/2025;6/2/2023;;1;user2807mail.com;;;India
C2809;Amit;Male;;Ahmedabad;;28/8/2024;1141.75;1;user2808@mail.com;;;
C2810;Kiran;;;Kolkata;;13/1/2022;;2;;;;
C2811;Simran;Female;49;;19/7/2023;;;5;;;;UK
;Ankit;;;Delhi;;;;;;;;Australia
C2813;Ravi;Male;;;;;;1;;;;Canada
C2814;;Female;;Chennai;;11/6/2023;;2;;;;
C2815;Priya;Male;;;;;;;;9998826529;9998826529;India
C2816;Neha;;;Pune;;;246.52;;user2815@mail.com;;;Canada
C2817;Kiran;Female;;Kolkata;;6/5/2022;;2;;;;
C2818;Rahul;;;Pune;;;42.02;4;;;;UK
C2819;Pooja;Male;44;Ahmedabad;;;;;user2818@mail.com;;;
C2820;Simran;Male;;Kolkata;;19/5/2021;;;user2819@mail.com;;;UK
C2821;Sneha;Male;;Bangalore;;;;;user2820@mail.com;9246375328;9246375328;USA
C2822;Ravi;Female;;Ahmedabad;;;;1;;;;UK
;Priya;Male;;Mumbai;26/3/2025;;4143.97;;user2822mail.com;;;UK
;Ravi;Female;40;Delhi;11/2/2021;;;1;;;;India
;Kiran;Male;;Delhi;22/2/2021;;197.61;;user2824mail.com;;;USA
C2826;Simran;;;Kolkata;5/11/2024;;;10;user2825mail.com;946952622;0946952622;India
C2827;Neha;Male;;;18/8/2021;;;;;9463635413;9463635413;UK
C2828;Priya;;;;;;305.17;10;user2827@mail.com;;;
C2829;Priya;Male;;Bangalore;12/9/2020;;;3;;913738358;0913738358;UK
C2830;;;68;Mumbai;;15/9/2022;;3;user2829mail.com;;;India
;Rahul;Male;;Kolkata;1/12/2021;;;10;user2830mail.com;;;Australia
C2832;Sneha;Female;;Hyderabad;5/8/2023;;;3;;;;Australia
;Pooja;Female;;Delhi;;;;10;;;;
C2834;Simran;Male;54;Ahmedabad;;;;;;;;
C2835;Simran;Female;;Delhi;;;;10;user2834@mail.com;;;
;Kiran;Male;;;;;;1;user2835mail.com;;;India
;Kiran;Male;;Mumbai;;;;10;;;;USA
C2838;Neha;Female;;Delhi;29/8/2022;;;10;user2837@mail.com;;;USA
C2839;;Female;;Kolkata;22/6/2024;;;;;;;USA
;Neha;Female;;;;;;;user2839mail.com;9399469;0009399469;Australia
;Pooja;Female;;Pune;30/12/2023;22/5/2021;2778.12;;user2840@mail.com;;;UK
;Kiran;Male;;Mumbai;6/6/2021;8/3/2025;;1;;;;USA
;Ravi;Female;;Pune;26/12/2023;;;;user2842mail.com;;;Australia
C2844;Priya;Male;;Chennai;;;;;;;;Canada
;Kiran;Male;41;Pune;;;2709.18;;user2844@mail.com;;;India
C2846;Amit;;;Hyderabad;;;;1;user2845mail.com;;;Canada
;Priya;Female;;Kolkata;;12/8/2022;;1;user2846@mail.com;;;Canada
C2848;Simran;Female;48;Hyderabad;14/9/2021;;;10;;;;UK
C2849;Rahul;;;Mumbai;;;;;user2848mail.com;;;USA
C2850;Priya;Female;;Kolkata;;16/11/2022;;;user2849mail.com;;;India
C2851;;Male;35;Delhi;;;;10;;;;USA
C2852;Neha;;;Bangalore;;;;4;;93274296;0093274296;India
C2853;Ravi;Male;;Delhi;;;;3;;9312162464;9312162464;India
C2854;Ravi;;;;;4/10/2021;;1;;;;Australia
;Sneha;;;;23/6/2024;;;;;;;Canada
C2856;Neha;Male;;Chennai;;;;10;user2855@mail.com;9139324398;9139324398;
;Ravi;;;Hyderabad;;26/11/2025;;3;;94196776;0094196776;USA
C2858;Pooja;Male;;;;17/1/2023;;10;user2857mail.com;;;India
;Pooja;Male;25;Hyderabad;;10/11/2020;;10;;;;
;Neha;Female;;Ahmedabad;9/11/2024;;;3;user2859@mail.com;;;India
C2861;Sneha;Male;;Kolkata;26/8/2025;;2085.06;2;user2860@mail.com;;;USA
C2862;Priya;;;Delhi;;31/5/2023;;;user2861mail.com;;;
C2863;;;;Delhi;;4/9/2025;;10;user2862mail.com;;;USA
C2864;Ravi;;;Pune;25/12/2022;;;;user2863mail.com;;;Australia
;Ankit;Male;44;Chennai;1/4/2025;1/12/2021;585.69;1;;;;UK
;Simran;Female;;Hyderabad;6/5/2025;;;1;;979172981;0979172981;USA
;Sneha;Female;;Delhi;28/12/2023;26/8/2021;;10;user2866@mail.com;;;Australia
C2868;Kiran;Female;;Chennai;;;;10;user2867mail.com;;;Canada
C2869;Simran;Male;;Pune;24/4/2023;;;1;user2868@mail.com;993171619;0993171619;India
;Pooja;Female;;Delhi;;;;10;;;;UK
C2871;Neha;;;Kolkata;;3/7/2024;;;user2870mail.com;928313535;0928313535;Australia
C2872;;;35;Ahmedabad;;;;;;;;India
C2873;Simran;Female;;Ahmedabad;;;;;;;;Australia
C2874;Ankit;Male;;Chennai;26/3/2023;12/2/2025;1033.93;;user2873mail.com;971599678;0971599678;Canada
C2875;Neha;Male;;Ahmedabad;;;;10;user2874mail.com;;;USA
C2876;Priya;Male;58;Delhi;25/12/2023;22/3/2023;;1;;;;
;Priya;;44;Hyderabad;18/10/2024;;678.09;10;;;;
C2878;;Female;;Kolkata;20/1/2021;;;10;;;;USA
C2879;Amit;Female;;;2/10/2022;;;1;;975757142;0975757142;Canada
C2880;Ankit;;;Chennai;;;;10;user2879@mail.com;954471542;0954471542;UK
C2881;;;65;Delhi;;11/9/2024;;1;;;;UK
C2882;Neha;Male;;Ahmedabad;;;;5;user2881mail.com;;;Australia
C2883;;;18;Bangalore;4/11/2020;;;;;9528899112;9528899112;Australia
C2884;Ankit;Male;63;Delhi;21/9/2021;;4309.07;1;user2883@mail.com;9235146;0009235146;India
C2885;Rahul;Female;18;;;;;3;user2884@mail.com;;;Canada
C2886;Rahul;Male;;Pune;4/2/2025;23/10/2025;;1;user2885mail.com;;;USA
;Sneha;Female;;Pune;;;;10;user2886@mail.com;;;India
C2888;Rahul;Male;;Pune;;;675.9;2;;91729322;0091729322;India
C2889;Ravi;;;Delhi;;;;10;;9881181189;9881181189;USA
C2890;Ravi;Male;;Mumbai;26/7/2021;1/1/2024;;2;user2889@mail.com;;;Australia
C2891;Sneha;;;Delhi;;1/5/2024;3672.82;;;;;Australia
;Neha;Female;;Hyderabad;27/4/2022;30/1/2025;;1;user2891@mail.com;;;Canada
C2893;Ravi;Female;30;Mumbai;19/7/2023;6/12/2020;;1;user2892mail.com;925858428;0925858428;UK
C2894;Ravi;Male;;Delhi;;11/12/2020;;2;user2893@mail.com;95215934;0095215934;UK
C2895;Ravi;;;Hyderabad;;29/3/2022;;;;9983583755;9983583755;UK
C2896;Neha;Female;;Kolkata;;;1673.29;1;user2895mail.com;;;Australia
;;Male;38;Hyderabad;;27/4/2021;;1;;;;Australia
;Rahul;Female;20;Kolkata;28/8/2023;;;1;;;;Canada
;Ankit;;;Kolkata;25/6/2023;;;1;;;;USA
;;Male;;Ahmedabad;30/9/2024;;;2;;;;UK
;Priya;;;Chennai;12/3/2023;28/2/2023;381.4;1;user2900mail.com;95119484;0095119484;
C2902;Kiran;Male;;Delhi;;;;10;user2901mail.com;;;UK
C2903;Neha;Male;;Mumbai;;21/2/2021;;5;;;;USA
;Neha;Male;;Chennai;4/4/2022;;;;;96197193;0096197193;UK
C2905;;;;Delhi;;31/5/2023;;1;user2904@mail.com;9647447351;9647447351;Australia
C2906;Rahul;;;Pune;;12/12/2023;;;;;;Canada
C2907;Ravi;Male;59;Delhi;15/7/2025;;;;user2906@mail.com;941299235;0941299235;Australia
;Rahul;Female;;Delhi;;;;1;;962679274;0962679274;
C2909;;Male;;Ahmedabad;23/2/2025;22/12/2021;;10;;;;USA
C2910;Ravi;;36;Mumbai;21/2/2022;;3192.7;10;user2909@mail.com;;;Canada
;Neha;Female;;Pune;;;;3;user2910mail.com;;;Australia
C2912;Pooja;Male;32;Hyderabad;23/11/2022;19/2/2024;;1;;935992785;0935992785;India
C2913;Ravi;Male;;Kolkata;13/1/2025;6/1/2023;;;user2912@mail.com;;;Australia
C2914;Kiran;Female;;Kolkata;;;;1;;;;Canada
C2915;Simran;Male;;;6/5/2025;;;1;;;;India
C2916;Priya;;;Delhi;;;;10;;9544866381;9544866381;USA
C2917;Ravi;Female;;Delhi;;;;1;user2916mail.com;998254978;0998254978;USA
C2918;Ravi;Female;;Delhi;18/10/2022;;;3;user2917@mail.com;;;UK
;;Male;;Pune;;;;1;;;;UK
C2920;Ravi;Female;;Pune;8/6/2023;2/5/2024;;;user2919mail.com;;;
C2921;Amit;;;Kolkata;;;;5;user2920@mail.com;;;Australia
C2922;Priya;;27;Chennai;10/6/2023;2/9/2025;;10;;;;India
C2923;Ravi;Male;;Ahmedabad;;;;;user2922@mail.com;;;India
;Sneha;Female;;Mumbai;20/3/2021;;;;user2923mail.com;;;Canada
C2925;Ravi;;64;Kolkata;22/12/2025;;;;user2924mail.com;;;
;Neha;Female;;Mumbai;1/3/2023;;;10;user2925@mail.com;;;USA
C2927;;Female;;;16/4/2021;5/2/2024;;;user2926@mail.com;;;UK
C2928;Pooja;Female;;Chennai;;;4206.93;1;;9399416352;9399416352;Australia
C2929;Ankit;Female;18;Ahmedabad;;;4075.32;;;;;India
C2930;Kiran;;;Hyderabad;;29/8/2023;;4;;;;India
C2931;Neha;Male;;Hyderabad;14/1/2023;;;3;;;;Canada
C2932;;Female;;Bangalore;;;;;user2931mail.com;;;Australia
C2933;Amit;Female;;;29/11/2025;22/5/2023;;;user2932mail.com;;;Canada
C2934;;;;Ahmedabad;;12/12/2020;;1;user2933mail.com;9496394994;9496394994;Australia
C2935;Priya;;;Pune;;23/10/2024;;1;user2934@mail.com;;;
C2936;Sneha;Male;32;Kolkata;25/5/2022;;836.38;;;;;Canada
C2937;Rahul;Female;;Kolkata;;;;4;user2936@mail.com;9782637;0009782637;USA
;Ankit;Female;;Hyderabad;17/1/2025;;;10;;;;Australia
;Ankit;;;Bangalore;15/5/2023;;;1;;;;USA
C2940;Neha;Male;;Chennai;30/1/2023;28/7/2022;;1;;915923358;0915923358;USA
C2941;Rahul;Female;;Kolkata;21/12/2022;3/10/2022;901.64;1;;;;
C2942;Kiran;Male;;Bangalore;;23/2/2023;811.92;1;;;;
C2943;Rahul;;;Mumbai;;;;1;user2942mail.com;;;UK
;Simran;;;Ahmedabad;;;;10;user2943mail.com;;;
C2945;Priya;;;Mumbai;17/9/2023;;;;;;;India
;;Male;;Bangalore;18/3/2022;29/10/2022;4626.98;1;user2945@mail.com;974543166;0974543166;Australia
;Ankit;Male;20;Mumbai;;;;;;;;
;Sneha;Female;52;Chennai;4/11/2024;;4467.26;2;user2947mail.com;;;India
C2949;Kiran;Female;;Ahmedabad;9/3/2022;2/9/2022;;10;user2948@mail.com;;;Australia
;Pooja;Male;47;Delhi;;6/12/2020;;1;;;;USA
C2951;Neha;Female;;;;;;10;;;;UK
;;;;Chennai;19/12/2022;;;1;;;;USA
;Kiran;;;Mumbai;;4/8/2025;;;;;;USA
;Ravi;Female;;;;;;1;user2953mail.com;;;USA
C2955;Neha;Female;69;;3/11/2023;;;10;user2954@mail.com;;;Australia
;Kiran;Male;;Ahmedabad;;;;1;user2955@mail.com;;;India
C2957;Ravi;Female;;Ahmedabad;27/8/2020;4/12/2025;;10;user2956@mail.com;;;USA
;Simran;;;Pune;22/9/2025;26/5/2024;;;user2957mail.com;;;
C2959;Amit;Male;;Ahmedabad;;23/12/2024;;10;user2958@mail.com;;;
C2960;Neha;;;Pune;;;;10;user2959mail.com;;;
C2961;Amit;Female;;Chennai;;;;10;;;;Canada
;Kiran;Female;;Pune;;16/7/2025;;10;user2961@mail.com;977926976;0977926976;USA
;;Female;49;;25/9/2021;;;;user2962@mail.com;;;
C2964;Amit;;;Chennai;22/3/2024;11/5/2023;;;user2963@mail.com;;;India
C2965;Ravi;Female;;Chennai;;1/3/2021;4097.76;;user2964mail.com;;;Australia
;Pooja;Female;;Bangalore;;;;5;user2965@mail.com;;;
C2967;Ravi;Female;39;Mumbai;19/10/2020;;;1;user2966mail.com;;;Canada
C2968;Priya;Male;;Hyderabad;4/7/2022;22/11/2022;;1;;;;UK
;Priya;Female;64;Bangalore;10/4/2021;18/10/2025;;5;user2968@mail.com;;;UK
C2970;;Female;;Mumbai;6/11/2023;;;4;;;;India
;Rahul;Male;;Hyderabad;15/1/2026;;841.97;10;user2970mail.com;;;India
C2972;Simran;Male;;Bangalore;;;4038.94;1;;;;UK
C2973;;Male;49;Bangalore;7/11/2024;;2614.41;3;user2972@mail.com;;;Australia
C2974;Neha;Male;;;16/8/2025;;2122.95;10;;9973179681;9973179681;India
C2975;Rahul;Female;28;Bangalore;;;;10;user2974@mail.com;;;Australia
C2976;Ravi;Male;68;Mumbai;9/12/2025;;;3;user2975@mail.com;;;Canada
C2977;Rahul;Male;;Mumbai;;;3415.38;2;user2976mail.com;;;UK
C2978;;Female;;;30/10/2024;;;3;;;;UK
C2979;Rahul;Female;;Hyderabad;;13/12/2023;;1;user2978@mail.com;;;Australia
C2980;Neha;Female;35;;2/3/2022;;2570.76;;user2979mail.com;98222821;0098222821;Canada
C2981;Kiran;Male;57;;;16/2/2022;;10;;;;USA
C2982;Priya;Male;;;;26/4/2023;;1;;;;India
C2983;Pooja;Female;;Bangalore;;;;10;;;;India
C2984;Kiran;;;Ahmedabad;;;;10;user2983mail.com;;;Australia
C2985;Pooja;;;Pune;;;;1;;;;UK
C2986;;;;Chennai;;20/1/2022;;10;;;;USA
;Kiran;;;Kolkata;;;3335.32;;user2986@mail.com;;;Canada
C2988;Simran;;;Pune;26/5/2022;;2712.94;10;;9177777962;9177777962;Canada
C2989;Simran;Female;;Ahmedabad;2/10/2023;3/7/2025;;10;user2988mail.com;98617624;0098617624;UK
C2990;Rahul;;;Mumbai;30/1/2021;;1935.06;3;;;;
C2991;Amit;Female;41;Bangalore;10/11/2025;7/2/2022;;1;;;;UK
C2992;Pooja;;;Pune;15/2/2023;;2249.55;;user2991mail.com;;;India
C2993;Rahul;Male;;Kolkata;31/8/2022;;3541.94;1;;;;Australia
;Amit;;;Ahmedabad;;10/2/2024;510.86;1;;9774367398;9774367398;
C2995;Sneha;Female;;Bangalore;;20/1/2024;;5;;;;Canada
C2996;Priya;Female;;;11/9/2020;11/2/2022;797.59;;user2995mail.com;9155728371;9155728371;Australia
C2997;Pooja;Male;;Mumbai;14/7/2024;;;1;;;;USA
C2998;Neha;Female;51;Bangalore;28/8/2022;;;;;9383213134;9383213134;USA
C2999;Simran;Female;;Pune;;;4386.46;1;user2998mail.com;;;Australia
C3000;Priya;Female;61;Kolkata;24/1/2023;;;1;user2999@mail.com;;;Canada
C3001;;Female;;Hyderabad;11/12/2021;;;1;user3000@mail.com;941781977;0941781977;UK
C3002;Neha;;38;;19/12/2023;;;1;user3001@mail.com;;;
C3003;;Male;40;Mumbai;13/9/2020;;;5;;;;Canada
C3004;Ankit;;;;28/9/2022;12/8/2022;;;user3003@mail.com;957357419;0957357419;USA
C3005;Kiran;;20;Mumbai;;;;2;;;;Australia
C3006;Kiran;Male;;Ahmedabad;;5/8/2025;;2;user3005mail.com;;;USA
C3007;Priya;Female;35;Chennai;;30/4/2022;;5;user3006mail.com;;;Australia
C3008;Priya;Male;;Hyderabad;;;;;user3007mail.com;;;
C3009;;;;Mumbai;;;3105.14;10;;9431166329;9431166329;UK
C3010;Rahul;;;Chennai;;;;10;user3009@mail.com;;;UK
C3011;;Male;;;8/6/2021;23/9/2023;;10;user3010mail.com;;;India
C3012;Ankit;Female;;;11/2/2024;;;10;user3011mail.com;;;Canada
;;Female;;;;20/4/2024;2154.39;;user3012@mail.com;;;Australia
C3014;Ravi;Male;;Delhi;7/1/2023;;;3;user3013mail.com;9545919114;9545919114;Australia
C3015;Rahul;;;Ahmedabad;6/4/2024;;;1;;;;Australia
C3016;Ravi;Male;;Hyderabad;19/10/2021;;;1;user3015mail.com;;;
;Priya;Male;;Kolkata;29/4/2021;;;1;user3016@mail.com;;;
C3018;;Male;34;;13/7/2023;;;10;;;;Canada
C3019;Simran;Male;;;;;;2;user3018mail.com;;;USA
;Simran;;;Ahmedabad;3/4/2025;;;3;user3019mail.com;;;
C3021;Simran;Female;;Bangalore;24/1/2021;2/1/2021;;3;;;;Canada
;Amit;Female;;Pune;;9/10/2024;1473.36;1;user3021@mail.com;;;Australia
C3023;;Male;;Kolkata;11/8/2024;19/3/2025;3562.99;1;;;;UK
C3024;;Male;;Ahmedabad;;24/9/2022;1753.34;1;user3023@mail.com;;;
;Ravi;Female;;Hyderabad;13/4/2023;;;3;user3024@mail.com;;;Australia
C3026;;;;Mumbai;18/11/2024;11/1/2025;98.25;10;user3025mail.com;9967391393;9967391393;UK
;Kiran;Female;;Mumbai;;;2468.75;;;9559856865;9559856865;UK
C3028;Ankit;Male;;Chennai;2/4/2025;;2569.83;1;;9343999627;9343999627;India
C3029;Ravi;Male;;Mumbai;17/8/2021;;;4;user3028mail.com;9753771287;9753771287;USA
C3030;;;;Ahmedabad;;8/10/2024;;1;user3029@mail.com;9295975252;9295975252;UK
C3031;Ankit;;;Mumbai;30/4/2023;;633;1;user3030@mail.com;91228866;0091228866;USA
C3032;;;;Ahmedabad;;17/11/2021;;1;;;;India
;Rahul;;;Ahmedabad;;27/8/2024;;;;;;
C3034;;Male;32;Chennai;24/9/2023;;294.58;;;;;USA
C3035;Priya;Female;;Bangalore;;21/8/2024;;1;user3034@mail.com;;;USA
C3036;Amit;Female;37;Hyderabad;;;1967.67;10;;;;USA
C3037;Simran;Male;;Pune;;;;5;user3036mail.com;9793858571;9793858571;
;Simran;;;Bangalore;14/2/2022;8/11/2020;3982.93;;;;;Canada
C3039;Sneha;;30;Pune;9/1/2026;;;4;;972922571;0972922571;India
;;Male;;Ahmedabad;5/8/2022;;953.09;;;;;UK
C3041;Kiran;Female;42;Ahmedabad;22/8/2025;;;;user3040mail.com;;;UK
C3042;;Male;58;Hyderabad;17/9/2021;;;10;;;;
C3043;Amit;Male;;Delhi;;;4836.29;10;;;;India
C3044;Priya;Male;;Pune;16/3/2025;23/11/2024;3320.85;1;user3043mail.com;9588778162;9588778162;India
;;Male;;Bangalore;;;;1;;;;UK
C3046;Ankit;;;Hyderabad;;12/7/2021;;10;;9789932533;9789932533;India
C3047;Amit;Female;;Hyderabad;;;;1;;;;UK
;Neha;Male;;Pune;;;;2;;;;
C3049;Pooja;Female;;Bangalore;;;;10;user3048@mail.com;;;India
C3050;Ankit;Male;;Pune;;10/8/2023;;10;;9456188177;9456188177;USA
;;Female;;Chennai;;;;5;user3050mail.com;;;India
C3052;Neha;Female;;Pune;23/1/2026;2/2/2024;;1;user3051mail.com;;;Canada
;;Female;;Hyderabad;;;1144.9;1;user3052@mail.com;;;Australia
C3054;Priya;Male;;Kolkata;;;;10;;;;UK
C3055;Ravi;Male;;Chennai;;4/2/2021;;1;user3054mail.com;;;Australia
C3056;;Male;37;Hyderabad;14/1/2026;3/10/2022;;1;;;;Australia
;Amit;Male;;Chennai;;18/10/2022;;1;;;;USA
;Sneha;Male;;Mumbai;26/11/2024;;;;;;;UK
C3059;Ravi;Female;;Delhi;9/10/2022;22/3/2024;;;;;;Canada
C3060;Pooja;Male;44;Pune;;;;4;user3059@mail.com;;;UK
C3061;;Male;;Ahmedabad;;3/4/2021;4120.04;1;;;;India
;Rahul;Male;30;Delhi;;;;;;929295771;0929295771;UK
C3063;;Female;;;17/8/2022;29/8/2023;;4;user3062@mail.com;;;USA
;;;69;Ahmedabad;2/10/2024;;;;;;;Australia
C3065;Simran;;;Mumbai;;;3182.31;2;user3064mail.com;9317692327;9317692327;
C3066;Ankit;Female;36;Bangalore;;;;1;user3065mail.com;;;USA
C3067;Ankit;Female;;Pune;;22/9/2020;4420.42;1;user3066mail.com;;;Australia
;Sneha;Female;;Kolkata;15/4/2021;;3900.07;1;;986158164;0986158164;USA
C3069;Neha;Male;49;Pune;;20/7/2023;2955.95;1;;;;USA
C3070;;;;Hyderabad;;;;;;96391787;0096391787;India
C3071;Ravi;Male;47;Mumbai;;31/1/2022;;5;;;;UK
;Sneha;Female;;Hyderabad;;;;3;;97284525;0097284525;India
C3073;Amit;Female;;Pune;;;92.53;1;;;;Canada
C3074;Ravi;Male;;Kolkata;;;;10;;;;Australia
C3075;Amit;Male;43;Delhi;;;;3;user3074@mail.com;;;India
C3076;Ankit;Female;;Hyderabad;;13/11/2024;;;user3075mail.com;;;Canada
C3077;Ankit;Male;;Ahmedabad;17/9/2020;;1939.42;1;user3076@mail.com;;;Canada
;Pooja;;;Delhi;;;;1;user3077mail.com;;;USA
C3079;Priya;Female;;Chennai;22/4/2025;;;5;;;;Australia
C3080;Simran;Female;30;Bangalore;;26/4/2022;;1;user3079mail.com;;;USA
C3081;Pooja;Female;;Hyderabad;18/9/2023;;;;;;;Canada
C3082;Sneha;Female;;Kolkata;8/11/2022;;;;user3081@mail.com;949898925;0949898925;
C3083;Pooja;Female;42;;;20/12/2024;;1;;;;UK
C3084;Pooja;Female;28;Pune;;29/12/2025;;;user3083@mail.com;;;UK
C3085;Sneha;Male;;Delhi;;;;;user3084@mail.com;;;Canada
C3086;Neha;Male;41;Bangalore;3/3/2023;29/11/2024;4034.72;4;;;;USA
C3087;Priya;;;;;;3296.93;3;user3086@mail.com;;;
;Sneha;Male;;Pune;17/8/2025;10/11/2021;4992.32;1;;;;
C3089;Priya;Female;24;Mumbai;13/7/2022;;;10;;;;Canada
C3090;Amit;Male;;Chennai;16/9/2022;;;1;;9295371;0009295371;Australia
;Neha;;;Delhi;14/9/2024;21/8/2024;;1;;;;Canada
C3092;Simran;Male;;Ahmedabad;;;;10;;;;USA
;Kiran;Male;;Kolkata;29/12/2025;;;10;user3092mail.com;;;UK
C3094;Priya;Male;;Mumbai;1/8/2024;;10.31;1;user3093mail.com;;;India
C3095;Sneha;Female;;Bangalore;12/11/2023;15/9/2023;;;user3094mail.com;;;USA
C3096;Amit;;;Hyderabad;12/12/2021;;;1;user3095mail.com;;;UK
C3097;;Female;;Kolkata;9/8/2021;27/2/2025;;10;;;;USA
;Ankit;Male;;Mumbai;;;;3;user3097mail.com;;;Canada
C3099;;Female;;Bangalore;28/3/2023;;;10;user3098mail.com;;;
;Sneha;Female;34;Bangalore;;;;1;;;;USA
C3101;Simran;;;Chennai;27/6/2022;;;;;;;Australia
C3102;;Female;;Hyderabad;;;4837.06;1;;;;Canada
C3103;Sneha;Male;;Delhi;;6/4/2021;;1;;954141299;0954141299;Canada
;Pooja;Female;;Delhi;;;;1;;;;Australia
C3105;Kiran;Male;;Pune;14/8/2023;2/6/2023;2452.95;5;;;;
;;Male;41;Ahmedabad;15/5/2024;21/10/2023;;1;user3105mail.com;;;
C3107;Neha;Female;;Hyderabad;21/7/2023;9/6/2022;;1;user3106mail.com;;;UK
C3108;Neha;Male;;Bangalore;;;318.1;3;user3107mail.com;9821572817;9821572817;India
C3109;;Female;43;;;;;4;;;;UK
C3110;Neha;Female;56;Pune;;30/4/2023;3787.77;10;;911866757;0911866757;UK
C3111;Ankit;Male;;Pune;22/5/2023;1/3/2021;;10;user3110mail.com;;;Canada
C3112;Pooja;;;;;5/1/2025;4301.25;10;;;;UK
;Rahul;Female;25;Pune;;17/10/2025;;;;;;India
C3114;Priya;Female;;Pune;25/7/2023;;1664.52;1;user3113@mail.com;943546977;0943546977;
C3115;Kiran;Male;43;Ahmedabad;;24/10/2021;;5;user3114@mail.com;;;Australia
C3116;Ankit;Female;;Delhi;1/12/2020;7/7/2025;;1;user3115mail.com;;;
C3117;Priya;Female;;Chennai;18/6/2025;2/7/2024;;2;user3116@mail.com;;;
;Pooja;Male;49;Pune;;7/6/2022;;;;;;Australia
C3119;Amit;;;;;;;;;;;Canada
;;;;Hyderabad;;6/3/2021;;10;user3119mail.com;;;Australia
C3121;Amit;Female;;;8/9/2023;;;10;user3120mail.com;;;UK
;Kiran;;;Delhi;;6/5/2023;800.37;1;;;;
C3123;Rahul;;55;Kolkata;9/8/2024;;;1;user3122mail.com;;;India
C3124;Sneha;Male;;Mumbai;;10/3/2024;927.31;1;;924687824;0924687824;
;Sneha;;60;Mumbai;;;;1;user3124mail.com;;;Canada
C3126;Priya;Male;;Ahmedabad;;13/7/2022;;10;;;;UK
C3127;Sneha;Female;;Bangalore;;;;;user3126mail.com;;;UK
;;Female;;Hyderabad;16/5/2023;20/11/2022;;1;;;;UK
C3129;Pooja;Female;;Hyderabad;4/7/2023;2/9/2025;;10;;9679195446;9679195446;UK
C3130;Amit;Female;;Mumbai;;12/11/2021;;10;;;;Australia
C3131;;;;Bangalore;5/10/2021;;;;;98489846;0098489846;Australia
C3132;Pooja;Female;;Delhi;14/1/2021;;866.15;1;;942348348;0942348348;UK
C3133;Rahul;Female;26;Pune;;18/8/2024;;10;;;;UK
C3134;Simran;;49;Mumbai;;;;10;user3133mail.com;;;USA
C3135;Neha;Male;49;Hyderabad;;;;1;;;;Canada
C3136;Sneha;Female;;Chennai;;;1675.42;1;user3135mail.com;9377446611;9377446611;Canada
C3137;;Female;;Delhi;;4/1/2025;1974.76;10;user3136mail.com;;;India
C3138;Kiran;Male;;Bangalore;;14/1/2023;;;;;;Australia
C3139;Amit;Female;;Kolkata;;;;10;;;;USA
C3140;Sneha;Female;52;;6/2/2023;;176.98;10;;;;UK
C3141;Rahul;Male;;Bangalore;;;4507;;user3140@mail.com;;;Australia
C3142;Rahul;;51;Mumbai;;;2769.97;10;user3141mail.com;9166252879;9166252879;
C3143;Kiran;Male;;Chennai;1/3/2021;29/9/2021;;10;user3142mail.com;;;
C3144;Neha;Male;;Hyderabad;29/1/2024;;;10;;979884265;0979884265;
C3145;;Female;41;Kolkata;31/1/2023;21/12/2022;;1;;;;
C3146;Kiran;Female;;Ahmedabad;27/5/2024;;;1;;;;Canada
;;;21;Chennai;16/5/2025;;;;;;;Canada
C3148;Ravi;;65;Hyderabad;30/10/2023;;;;user3147mail.com;982615671;0982615671;Canada
C3149;Pooja;Male;70;Kolkata;;;;1;;976646562;0976646562;USA
C3150;Rahul;;;Chennai;;;;2;user3149@mail.com;921953118;0921953118;India
C3151;Sneha;Male;;;;11/12/2024;2469.79;1;user3150@mail.com;;;India
C3152;;Female;;Kolkata;;;;;;912346536;0912346536;UK
C3153;Simran;Female;;Kolkata;;;;10;user3152mail.com;967713383;0967713383;UK
C3154;;;;Pune;7/11/2024;;3966.39;4;;;;India
C3155;Neha;Female;;Hyderabad;;25/8/2024;;1;;;;Canada
C3156;Priya;Male;;Delhi;28/12/2024;;1011.03;;;;;UK
C3157;Ravi;;;Mumbai;23/5/2022;26/10/2023;1870.52;10;;97753348;0097753348;
;Sneha;;;Chennai;;;;10;user3157@mail.com;;;Canada
C3159;;Male;;Bangalore;;;;10;user3158@mail.com;;;Australia
C3160;Simran;Male;;Mumbai;25/5/2024;;;10;;;;USA
C3161;;;51;Bangalore;;;;1;user3160mail.com;914158945;0914158945;USA
C3162;Neha;Male;;Mumbai;23/9/2025;17/12/2023;3103.42;10;user3161mail.com;;;Australia
C3163;;Female;;Hyderabad;;;;;;9323633755;9323633755;UK
C3164;Rahul;Female;;Kolkata;28/8/2023;11/9/2020;;1;user3163mail.com;;;Australia
C3165;Amit;Male;;Ahmedabad;;;;;;;;USA
C3166;Ravi;;;Hyderabad;17/9/2022;;;10;;;;USA
C3167;Ankit;Female;;Chennai;;;;1;;9982756467;9982756467;Australia
;Priya;;;Kolkata;;23/10/2020;;1;;;;Canada
C3169;;Female;;;21/6/2021;;;10;user3168mail.com;;;UK
C3170;Ravi;Male;;Ahmedabad;;;;10;user3169mail.com;;;Australia
;Ravi;Female;;Ahmedabad;;;2388.78;;user3170mail.com;;;UK
C3172;Neha;Female;;Pune;;20/6/2021;;1;;9146555;0009146555;
;Simran;Male;;Pune;20/11/2020;;1357.66;1;;;;UK
C3174;Neha;;;Hyderabad;8/6/2025;;;10;;9127996824;9127996824;Canada
;Priya;Male;;Hyderabad;;;;3;;;;
C3176;Ravi;Female;;Delhi;;;4068.17;5;user3175mail.com;;;Canada
C3177;Rahul;;;Ahmedabad;29/3/2022;;3769.87;;user3176mail.com;;;USA
C3178;Kiran;Male;;Hyderabad;15/9/2020;;;1;user3177@mail.com;;;Canada
C3179;Amit;Male;25;Bangalore;;14/6/2022;;;;;;
C3180;Neha;Female;;Ahmedabad;21/11/2024;;2094.51;;user3179@mail.com;;;
;Ravi;;43;Chennai;;21/10/2020;;10;user3180@mail.com;;;Canada
C3182;Pooja;Female;;;;;;10;;971426285;0971426285;Australia
C3183;Ankit;;29;Bangalore;24/7/2025;;;;user3182@mail.com;;;Canada
C3184;Pooja;Male;;Hyderabad;;;;;user3183mail.com;;;Canada
;Kiran;Female;;Bangalore;;25/9/2025;;10;user3184@mail.com;;;Canada
C3186;Neha;Female;69;Pune;27/4/2023;16/3/2025;;;user3185mail.com;;;USA
C3187;Neha;;22;Mumbai;20/12/2023;;;3;;;;Canada
C3188;Rahul;Male;;Delhi;7/8/2024;;3942.99;1;;986968213;0986968213;Australia
;Priya;Male;;Hyderabad;;;;;;;;USA
C3190;Simran;Female;;Delhi;;1/4/2021;;3;user3189mail.com;9635344155;9635344155;
;Kiran;Male;;Mumbai;;;;;;976147362;0976147362;India
C3192;Rahul;Female;;Delhi;14/1/2024;;;10;;;;UK
C3193;Neha;Female;;Mumbai;;;915.11;10;;;;
C3194;Kiran;Female;59;Pune;14/11/2025;;;;;973543228;0973543228;USA
C3195;;Male;;Kolkata;28/1/2023;;3957.82;5;user3194mail.com;922866435;0922866435;Canada
C3196;Neha;;;Kolkata;;;;10;;9659874668;9659874668;India
;;Male;;Chennai;;13/8/2025;;;user3196@mail.com;;;USA
C3198;Kiran;Male;;;;10/9/2025;4300.64;3;;;;India
C3199;Amit;Female;;Ahmedabad;;;711.22;;user3198mail.com;;;India
C3200;Pooja;Female;;Bangalore;6/12/2022;;;10;user3199@mail.com;;;USA
C3201;Amit;Male;;;25/11/2020;;;1;user3200@mail.com;;;UK
C3202;Neha;Male;19;Hyderabad;;19/4/2021;;10;;;;India
C3203;Simran;;34;Bangalore;12/6/2022;;;1;user3202@mail.com;;;Canada
;;Female;;Pune;1/7/2024;;643.18;3;user3203mail.com;9589749618;9589749618;USA
C3205;;Male;;Bangalore;;;;10;user3204mail.com;;;India
C3206;Priya;;;;6/12/2024;14/8/2022;;10;user3205mail.com;;;India
;;Female;;Pune;21/11/2023;;;5;user3206@mail.com;;;Australia
C3208;Sneha;;;Kolkata;8/3/2021;;;;user3207@mail.com;91466267;0091466267;UK
;Sneha;;;;;;;1;;;;Canada
C3210;Sneha;Male;;Delhi;15/3/2023;;;;;;;
C3211;;Male;;Kolkata;21/1/2025;25/12/2022;;;user3210mail.com;;;Canada
;Priya;Female;;Hyderabad;;;;10;;;;Canada
C3213;Ankit;Female;;Bangalore;;;510.72;;;9727557355;9727557355;
C3214;Sneha;Female;;Delhi;4/8/2023;;;10;;9173441388;9173441388;USA
C3215;Simran;;;Mumbai;;;;4;;;;UK
;Rahul;Male;60;Pune;4/4/2022;30/11/2023;;5;user3215@mail.com;95624377;0095624377;USA
C3217;Pooja;Male;;Bangalore;22/5/2021;;3749.78;2;user3216mail.com;;;India
C3218;Priya;Male;19;Ahmedabad;8/11/2022;;;1;;;;
;Sneha;Male;53;Pune;3/2/2025;;;2;;;;UK
;Sneha;Female;;Kolkata;18/11/2020;;1489.83;4;user3219mail.com;;;Australia
C3221;Rahul;Male;;Hyderabad;;;;;;;;
;;Male;;;;1/7/2022;230.95;1;user3221@mail.com;;;
C3223;Neha;Male;;Bangalore;;;;2;;;;USA
C3224;;Male;;Ahmedabad;;16/8/2020;;3;;;;USA
;Rahul;Female;;Chennai;;27/8/2022;3487.32;1;;9216711177;9216711177;
;Simran;Female;;Ahmedabad;10/3/2021;;;1;;;;Australia
C3227;Rahul;Male;66;;;;;2;;;;
;;Female;;Mumbai;;;;1;;;;India
;Priya;Male;;Chennai;25/6/2024;;;4;user3228mail.com;;;India
C3230;Rahul;Female;26;Ahmedabad;;;;10;;;;
;Amit;Female;;Pune;7/4/2021;23/9/2022;;1;user3230mail.com;;;India
;Kiran;Male;;Hyderabad;4/12/2024;25/6/2024;;;user3231mail.com;9644458339;9644458339;Canada
C3233;Ravi;Male;;Chennai;1/9/2025;;3929.08;1;user3232mail.com;;;
;Pooja;;;Delhi;;;;10;;;;India
;;Female;;Kolkata;27/2/2024;12/5/2025;;10;;97784943;0097784943;India
;;Female;19;Mumbai;1/11/2023;;;3;;941135948;0941135948;India
;Amit;;;Kolkata;;26/8/2024;;2;;;;USA
C3238;Neha;Female;;;;;2219.59;4;;;;Australia
C3239;Neha;Male;;Hyderabad;;;;1;;975462694;0975462694;USA
C3240;Neha;;;;;;4221.85;10;;;;
C3241;Priya;Male;;Mumbai;17/11/2024;;;10;;;;USA
C3242;Rahul;;;Bangalore;;;4956.77;3;;;;Canada
C3243;Sneha;Female;52;Ahmedabad;20/4/2021;8/12/2023;;10;user3242mail.com;91236187;0091236187;
C3244;Pooja;;;;28/11/2021;;;10;user3243mail.com;;;Canada
;Pooja;Male;;Bangalore;2/6/2025;12/11/2021;;;user3244@mail.com;;;Australia
C3246;Kiran;Female;;Pune;28/9/2020;;;;user3245mail.com;;;Australia
;Neha;Male;;Pune;7/11/2022;;;2;;9367623382;9367623382;India
C3248;Priya;Male;62;Bangalore;23/12/2024;;;10;;9316734556;9316734556;UK
;Ravi;Female;;Hyderabad;;;;1;;;;India
C3250;Simran;Male;33;Hyderabad;20/1/2023;;688.65;;;9878357176;9878357176;USA
C3251;Ravi;Female;53;Chennai;3/12/2020;;;1;;;;Australia
;;;;Ahmedabad;;;;10;user3251mail.com;;;USA
;Ankit;;;Pune;14/1/2026;;;10;user3252@mail.com;;;USA
C3254;Neha;Male;;Delhi;13/2/2022;;;10;;;;India
C3255;Kiran;;;Delhi;;;;1;user3254@mail.com;;;Canada
C3256;Rahul;Male;;Pune;;13/5/2021;;5;;;;USA
C3257;Rahul;Female;;Kolkata;30/6/2025;;;10;user3256@mail.com;9164656978;9164656978;India
;;;;Mumbai;;;;10;;;;USA
;Simran;Female;34;Mumbai;;30/1/2024;227.43;1;;;;Canada
C3260;;;;Bangalore;2/11/2021;;253.48;2;user3259mail.com;;;
;Neha;Female;67;Hyderabad;;;;10;user3260mail.com;;;Canada
C3262;;Male;34;Ahmedabad;;;;5;;;;Canada
C3263;Priya;Male;;;7/4/2024;8/3/2022;4482.09;;;;;Canada
C3264;;Male;;Mumbai;18/8/2021;;930.7;10;user3263@mail.com;;;
;Neha;Female;40;Delhi;29/6/2025;;;10;user3264@mail.com;;;USA
C3266;Kiran;;;Ahmedabad;21/4/2021;;;5;;99911888;0099911888;
C3267;Priya;Male;;;11/2/2021;;;2;;;;UK
C3268;Sneha;;69;Hyderabad;;;;1;user3267mail.com;;;
C3269;Kiran;Female;51;Ahmedabad;17/3/2021;28/9/2025;4862.87;10;;;;India
C3270;Ankit;Female;;Chennai;30/8/2020;5/6/2021;3061.26;;user3269@mail.com;;;India
;;;;Ahmedabad;;;1904.01;;;;;Australia
C3272;Amit;;19;;11/9/2024;;1888.88;;;;;Canada
C3273;Amit;Female;20;Pune;30/5/2025;;;5;user3272mail.com;;;UK
C3274;;Female;;Mumbai;23/3/2025;6/3/2022;;5;user3273@mail.com;;;UK
C3275;Kiran;Female;;Delhi;9/1/2021;;;10;user3274mail.com;;;Canada
;Sneha;Female;;Hyderabad;5/10/2022;;;10;user3275mail.com;;;UK
C3277;Neha;;;Mumbai;;;;10;user3276mail.com;;;Canada
C3278;Neha;;;Ahmedabad;27/8/2021;14/11/2023;;10;;;;Australia
;Neha;Male;44;Hyderabad;2/10/2022;18/2/2021;;10;user3278@mail.com;;;UK
C3280;Pooja;;;Bangalore;24/6/2025;1/12/2022;;10;user3279mail.com;;;UK
;Priya;Male;;Hyderabad;21/2/2023;14/10/2020;;4;;9999498711;9999498711;India
C3282;;;33;Bangalore;;;;1;;9185817856;9185817856;USA
;Sneha;;;Kolkata;;;;1;;;;USA
;Rahul;Male;;Delhi;;31/8/2021;376.69;;;;;Canada
C3285;Pooja;;;Ahmedabad;18/12/2021;;;;user3284@mail.com;971162645;0971162645;Canada
C3286;Sneha;Male;;Mumbai;21/11/2025;;;5;user3285mail.com;9883611318;9883611318;USA
C3287;Simran;;38;Hyderabad;;;;1;user3286mail.com;;;Canada
C3288;Rahul;Male;30;Hyderabad;;;;10;user3287@mail.com;9542871663;9542871663;UK
C3289;Priya;Female;;Delhi;;2/8/2022;;10;;9412544927;9412544927;Canada
C3290;Priya;Female;;Mumbai;;;;;;;;USA
C3291;Priya;Male;;Mumbai;6/10/2022;;;10;user3290mail.com;967115129;0967115129;USA
C3292;Priya;Female;;Pune;;14/8/2022;;4;;;;UK
C3293;Pooja;;;Bangalore;;;1633.16;2;;;;India
;Ankit;;;Delhi;;;;1;;;;
;Neha;Male;;Chennai;30/8/2024;;;1;;93184114;0093184114;
C3296;Neha;;;Pune;22/10/2025;28/5/2022;;;;;;USA
C3297;;Female;;Kolkata;;11/3/2022;;10;user3296@mail.com;;;USA
C3298;Neha;Male;39;Bangalore;;14/5/2025;;1;user3297mail.com;94499998;0094499998;USA
C3299;Sneha;;;Hyderabad;;;3619.45;10;user3298mail.com;;;
;Ankit;Male;;Kolkata;;16/6/2022;2803.81;1;user3299mail.com;;;UK
C3301;Ankit;;;Pune;;9/2/2022;;1;;;;UK
C3302;Rahul;Male;50;Kolkata;;;;1;;;;UK
C3303;Rahul;Female;;Bangalore;;16/3/2021;;;;9437326416;9437326416;UK
C3304;;;56;Ahmedabad;;13/11/2021;;;;984355289;0984355289;UK
C3305;Ravi;Male;47;Delhi;16/6/2022;;;1;;;;
;Neha;Female;;Pune;30/1/2023;;;10;user3305@mail.com;;;Canada
;Kiran;;51;;7/10/2024;;;1;user3306mail.com;;;Canada
C3308;Kiran;;45;Ahmedabad;7/10/2025;;462.14;1;;;;Australia
;;;33;Delhi;2/7/2022;;3064.63;10;;;;India
;Kiran;;;;14/5/2023;;1755.33;1;user3309mail.com;;;Australia
C3311;Neha;Female;;Bangalore;;;;1;;984131449;0984131449;Australia
C3312;Sneha;Female;;Pune;;;4514.08;4;;988381497;0988381497;
C3313;Amit;Male;;Chennai;;;;;;;;
C3314;;Male;60;Pune;;9/9/2025;;5;;;;USA
;Pooja;Female;;Hyderabad;;;1053.8;3;user3314@mail.com;994426295;0994426295;UK
C3316;Rahul;;;Delhi;19/3/2022;;;1;user3315mail.com;9952481842;9952481842;Canada
C3317;Rahul;;;Bangalore;20/6/2024;;;1;user3316mail.com;;;Canada
C3318;Amit;Male;;;28/3/2023;;;10;;943299573;0943299573;Australia
C3319;Amit;Female;;Bangalore;;4/6/2025;;;user3318@mail.com;;;India
C3320;Ankit;Female;;Chennai;2/6/2023;;;1;;;;Australia
C3321;Sneha;;;Hyderabad;;;;1;user3320@mail.com;;;USA
;Priya;Female;57;Hyderabad;20/7/2023;;3885.49;1;;;;USA
C3323;Neha;;;;10/2/2024;7/9/2020;;2;user3322@mail.com;;;
C3324;Kiran;;28;Mumbai;9/8/2025;12/1/2026;1230.67;10;user3323mail.com;947863943;0947863943;
C3325;Sneha;Male;;Ahmedabad;7/4/2023;;;2;;;;
C3326;Pooja;;;Mumbai;;6/11/2022;;10;user3325@mail.com;;;Australia
C3327;Rahul;Female;;Hyderabad;30/10/2025;;3667.25;;user3326mail.com;;;Canada
C3328;Priya;Female;;;12/8/2023;19/6/2021;4376.16;1;;;;Australia
C3329;Pooja;Male;;Pune;;24/11/2021;238.72;1;;;;
;Ankit;Female;;Delhi;16/12/2025;;;5;user3329mail.com;989332268;0989332268;Australia
C3331;;;;Mumbai;22/1/2024;2/4/2024;;1;;;;India
C3332;Ankit;Male;;Hyderabad;;11/3/2024;2104.77;1;;9863139319;9863139319;Australia
C3333;Simran;Female;;Ahmedabad;;;;;;;;
C3334;Rahul;Female;;Hyderabad;4/1/2025;22/10/2023;;10;;;;
C3335;Priya;Female;;Chennai;16/1/2026;22/1/2026;;1;user3334@mail.com;92582342;0092582342;UK
C3336;Ankit;Female;;Ahmedabad;;;1145.13;;;;;Canada
C3337;Rahul;Female;;Mumbai;11/5/2024;;2783.52;5;;;;Canada
C3338;Kiran;Female;;Hyderabad;;;2236.72;10;user3337@mail.com;;;UK
C3339;Ankit;Male;65;Delhi;15/10/2025;;;1;;;;Australia
C3340;Priya;Female;;Pune;10/2/2025;20/7/2022;;10;;;;Canada
C3341;;Female;70;Mumbai;10/10/2020;14/5/2022;;;;;;India
C3342;Kiran;Male;;Ahmedabad;;13/9/2020;;;;9938862774;9938862774;
;Priya;Male;;;;3/1/2026;2643.14;10;user3342mail.com;;;UK
C3344;;Female;;Hyderabad;28/7/2024;;;1;;939823587;0939823587;India
C3345;Kiran;Male;;Chennai;;;;10;user3344mail.com;;;Canada
C3346;Sneha;;;Bangalore;16/2/2022;;;10;;;;Canada
;Priya;Male;;Bangalore;11/10/2021;13/4/2025;227.6;10;user3346@mail.com;9754183754;9754183754;USA
C3348;Ankit;Male;;Delhi;22/12/2024;19/11/2023;;;user3347mail.com;96754175;0096754175;Australia
C3349;;Male;25;Hyderabad;;;;;user3348@mail.com;;;
;Ravi;Female;;Pune;;17/8/2020;297.29;3;;;;India
C3351;Neha;Female;;Ahmedabad;;7/8/2020;;4;user3350mail.com;;;USA
C3352;Amit;;;Ahmedabad;;;;;user3351@mail.com;;;
C3353;Pooja;;63;Ahmedabad;;1/4/2021;4149.46;1;;;;Australia
C3354;Neha;Female;;Delhi;27/10/2021;;;1;;;;Australia
C3355;Pooja;;;Chennai;;;;;;;;Canada
C3356;Priya;Female;;Chennai;23/4/2022;19/12/2024;3582.91;1;user3355mail.com;;;USA
C3357;Neha;;;Kolkata;14/8/2024;19/2/2025;1865.4;;;;;USA
C3358;Sneha;;;Bangalore;25/4/2023;;;;;9362519126;9362519126;
C3359;;Male;62;;12/11/2024;3/5/2024;;5;user3358mail.com;;;
;Rahul;Female;;Bangalore;;16/7/2023;;1;user3359mail.com;;;Canada
;Amit;Female;;Hyderabad;;15/5/2021;;1;;;;USA
C3362;Rahul;;;Mumbai;24/8/2024;;;;;97585813;0097585813;Australia
;Amit;Male;;Pune;;;;;;;;UK
C3364;Simran;Female;;;22/10/2021;;;;;9581334478;9581334478;USA
C3365;Rahul;Female;;Hyderabad;;;;4;user3364@mail.com;;;India
C3366;Ankit;;40;Pune;4/3/2024;;;;user3365mail.com;;;Canada
;Neha;Female;;Delhi;20/8/2024;;;;;;;Australia
C3368;Kiran;Male;32;;;29/5/2022;;10;user3367mail.com;;;Canada
C3369;Simran;Female;49;Mumbai;;;;1;;;;USA
C3370;Neha;Female;;Kolkata;29/9/2025;;;;;;;Australia
C3371;Rahul;Female;;;;;2047.52;10;;;;USA
C3372;Kiran;Male;;Mumbai;7/7/2023;;;10;;;;
C3373;Priya;Female;;Pune;;;;1;user3372@mail.com;;;UK
C3374;Priya;;;Mumbai;;22/11/2021;352.4;1;user3373mail.com;;;India
C3375;Priya;Male;;Bangalore;;;;2;;9658859;0009658859;Australia
C3376;Amit;Male;;Chennai;15/12/2023;;;1;user3375mail.com;9892536;0009892536;Australia
C3377;;Male;;Delhi;;;;1;user3376mail.com;;;Canada
C3378;;;;Mumbai;11/8/2022;14/8/2022;4157.56;10;;;;Canada
;Rahul;Male;;Ahmedabad;14/6/2024;;;;user3378mail.com;999144818;0999144818;Canada
C3380;Rahul;Female;;Mumbai;;23/5/2023;;2;;;;UK
;Simran;;;Mumbai;;;;1;;;;Australia
C3382;Pooja;Male;;Hyderabad;;;;1;;;;India
;;;;Chennai;;;2178.52;;user3382@mail.com;;;
;;Male;;Kolkata;19/10/2023;;;10;user3383@mail.com;992585748;0992585748;USA
C3385;;Female;;Chennai;21/6/2024;;;;user3384@mail.com;;;Canada
;Ravi;Female;;Delhi;;11/8/2022;;4;user3385@mail.com;;;Australia
;Priya;Female;;Ahmedabad;;7/11/2022;;;user3386mail.com;933498258;0933498258;India
C3388;Amit;;;Ahmedabad;22/10/2025;;;5;;;;UK
C3389;Priya;Male;;Kolkata;;;;5;;;;USA
C3390;Amit;;;Pune;17/8/2024;;;1;user3389@mail.com;;;India
C3391;;;;Chennai;21/9/2023;;;;user3390mail.com;;;India
C3392;Ankit;Female;39;Chennai;;7/8/2022;988.83;10;;;;USA
C3393;Simran;Female;;Kolkata;9/7/2025;;;1;;;;USA
C3394;Rahul;Male;;Kolkata;;;;4;user3393@mail.com;9619174322;9619174322;UK
C3395;Ankit;Male;;Pune;;;;1;;;;UK
C3396;Sneha;;;Mumbai;14/8/2022;;2643.71;10;user3395mail.com;;;India
C3397;Sneha;;;;25/12/2020;;;1;user3396mail.com;;;UK
C3398;Ankit;Female;;Chennai;11/12/2025;;;10;;;;Canada
C3399;Amit;Female;;Kolkata;27/6/2021;;;10;user3398mail.com;;;
;Pooja;Male;;;2/11/2021;5/9/2021;1608.69;1;user3399mail.com;97764956;0097764956;India
C3401;;;20;Ahmedabad;16/9/2025;26/6/2024;;5;user3400mail.com;;;USA
C3402;Ankit;Male;;Delhi;;;;;;;;Canada
C3403;Amit;Female;;Mumbai;;;;5;user3402@mail.com;;;India
C3404;Ravi;;;Ahmedabad;;;;;;;;India
C3405;Neha;Female;31;Kolkata;27/7/2025;;957.84;5;;;;India
C3406;Rahul;Female;;Delhi;;;;2;;;;UK
;Neha;Male;;;29/1/2023;21/2/2024;2823.49;;user3406@mail.com;923876267;0923876267;Canada
;Kiran;Female;;Bangalore;;;;;;;;USA
C3409;Ankit;Male;;Ahmedabad;;6/4/2023;;;;;;
C3410;Priya;Male;61;Bangalore;25/11/2021;;;1;;;;USA
C3411;Simran;Female;;Mumbai;;;;1;;;;Australia
C3412;Priya;Male;;Bangalore;12/9/2022;;;;;;;Australia
;Simran;Male;;Mumbai;;;;;;;;
C3414;Neha;Female;38;;23/4/2023;;3854.82;2;user3413mail.com;;;India
C3415;Kiran;Male;;Mumbai;22/7/2021;;;;user3414mail.com;9928926386;9928926386;
C3416;Ravi;Female;32;Hyderabad;;;;;;;;UK
C3417;Priya;Female;;;;30/9/2024;;10;;91339566;0091339566;Australia
C3418;Sneha;Female;;Hyderabad;19/2/2024;19/8/2025;;5;user3417mail.com;;;Australia
;;Male;;Bangalore;17/10/2024;13/4/2023;1492.24;2;;;;India
C3420;;Male;;Ahmedabad;7/1/2025;;;10;;;;Canada
C3421;Neha;;;Delhi;;;;;;;;Australia
C3422;Rahul;Female;;Kolkata;30/12/2020;27/6/2022;2802.76;10;user3421mail.com;;;USA
C3423;Rahul;Female;65;Bangalore;15/12/2025;;;5;user3422@mail.com;969225333;0969225333;Australia
C3424;Pooja;Female;;Hyderabad;;16/2/2023;;2;;97956165;0097956165;USA
C3425;;Male;64;Delhi;13/1/2021;7/3/2023;;1;user3424mail.com;;;Canada
;Ravi;Male;;Kolkata;8/11/2022;;;1;;915594794;0915594794;UK
C3427;Simran;;;;;29/7/2024;;10;;9472617267;9472617267;Australia
C3428;;;;Ahmedabad;;;;10;user3427@mail.com;;;Canada
C3429;Neha;Female;54;Hyderabad;;25/7/2024;1690.11;10;user3428@mail.com;9255627742;9255627742;
;;Male;;Mumbai;26/8/2023;;;1;user3429mail.com;9134142328;9134142328;Australia
C3431;Ankit;Female;;Bangalore;11/10/2022;6/12/2025;1285.78;10;;;;Canada
C3432;Ankit;Female;;Hyderabad;19/2/2025;15/8/2022;4700.04;3;user3431mail.com;;;
C3433;Ravi;Female;;Kolkata;;9/2/2021;;;user3432@mail.com;;;India
C3434;Amit;Male;;Ahmedabad;10/4/2024;;;1;user3433mail.com;;;USA
C3435;Neha;Male;;Ahmedabad;4/5/2023;14/1/2023;;1;user3434@mail.com;;;
C3436;Sneha;Female;;Bangalore;10/9/2024;;;1;user3435@mail.com;;;Australia
C3437;;;;;17/1/2026;19/10/2020;;10;user3436@mail.com;;;
C3438;;Male;18;Hyderabad;27/12/2020;;4893.38;1;;;;Australia
;Neha;;;Hyderabad;28/3/2025;;;;user3438@mail.com;953392316;0953392316;India
C3440;Amit;Male;;;;;;;;931343266;0931343266;Australia
;Ravi;;;Kolkata;;;;;user3440@mail.com;;;UK
C3442;Simran;Female;;Hyderabad;;;;;user3441mail.com;;;
C3443;Ravi;Male;53;Delhi;;;;;user3442mail.com;;;Australia
;Ravi;Female;66;;16/12/2023;;;;;;;India
C3445;Kiran;Female;;Hyderabad;14/4/2023;9/12/2021;;10;;;;UK
C3446;;Male;25;Kolkata;22/3/2025;;;1;user3445mail.com;;;UK
C3447;Neha;;;Bangalore;;;;;;9889215683;9889215683;
C3448;Simran;;;;26/2/2024;1/4/2022;;10;user3447mail.com;;;UK
C3449;Kiran;Male;;Delhi;15/7/2024;;708.5;2;user3448mail.com;;;USA
;Amit;Female;63;;;30/6/2025;;10;;;;Canada
C3451;;Male;;;;;;;;9759433352;9759433352;Canada
C3452;Sneha;Female;;;;22/3/2023;;2;user3451@mail.com;;;India
C3453;Ravi;Male;29;Chennai;;21/9/2022;;2;;;;UK
C3454;Kiran;;;;;21/2/2024;;1;user3453@mail.com;;;UK
C3455;;;;Delhi;8/6/2023;23/2/2023;;1;;;;Australia
C3456;Priya;Female;39;;;;;5;;;;USA
C3457;Rahul;;;Hyderabad;;29/9/2022;;;;9955851392;9955851392;UK
;Sneha;Male;;Ahmedabad;;;4318.89;10;;9322565136;9322565136;India
C3459;Priya;Female;;;26/5/2023;;;10;;;;
C3460;;Female;;;4/11/2020;;;1;;;;Canada
C3461;Amit;;;Bangalore;26/12/2023;;;10;;;;
;Kiran;;;Kolkata;;10/8/2022;;1;;;;Canada
C3463;;Female;;Bangalore;;;109.07;10;;;;USA
C3464;;Male;;Mumbai;26/4/2024;25/8/2024;;4;user3463@mail.com;;;Australia
C3465;;Female;;Delhi;;16/4/2022;;3;;;;India
C3466;;;;Chennai;24/8/2024;;;10;;;;
C3467;Ankit;Male;;Bangalore;;;;1;;911417127;0911417127;India
C3468;Ravi;Female;;Chennai;25/4/2023;;;3;user3467mail.com;;;India
C3469;Sneha;Female;;Kolkata;;7/11/2024;656.48;1;;962163396;0962163396;USA
;Priya;;30;Mumbai;;19/4/2025;;1;user3469mail.com;975561911;0975561911;UK
C3471;Ravi;Male;;Pune;10/8/2025;;3833.02;;user3470@mail.com;;;Canada
C3472;Simran;Male;;Hyderabad;9/9/2024;18/11/2021;;2;;;;UK
C3473;;Male;;;;;;1;user3472mail.com;;;UK
C3474;Rahul;Female;30;Kolkata;;29/10/2022;;3;;;;USA
C3475;Rahul;Female;;;3/1/2021;;;4;;;;Australia
;;Female;55;Ahmedabad;18/4/2023;;;1;user3475mail.com;9382181285;9382181285;USA
C3477;Pooja;Male;;Kolkata;;30/12/2021;1544.04;1;;;;Canada
;Priya;Male;;Pune;24/2/2024;;;10;;;;India
;Sneha;;;Mumbai;2/10/2023;26/4/2024;4260.1;;;;;USA
C3480;Amit;;;Chennai;;;1556.01;1;;;;
C3481;Rahul;;43;Chennai;13/9/2025;;;5;;;;USA
C3482;Rahul;Male;59;Pune;;;;4;user3481@mail.com;;;Australia
;Simran;;;Hyderabad;3/8/2021;20/5/2023;;10;;;;India
;Simran;Female;;Mumbai;2/4/2024;;2997.83;4;;;;UK
C3485;Simran;Female;;Ahmedabad;17/4/2025;;1781.99;1;;;;Australia
C3486;Simran;Female;;Chennai;15/6/2024;30/3/2023;;;;9968166;0009968166;Australia
C3487;Kiran;Female;;;;30/11/2022;;2;;;;Canada
C3488;;Female;;Mumbai;4/12/2022;7/6/2022;;5;;;;
C3489;Rahul;;;;;;;;;9128539198;9128539198;USA
C3490;Ankit;;;Mumbai;;;;1;;;;UK
;Kiran;Female;;;12/2/2022;17/5/2025;;1;user3490mail.com;;;Canada
C3492;Ankit;Female;44;Ahmedabad;18/9/2025;;1151.93;1;user3491@mail.com;;;
C3493;Simran;;;Bangalore;;19/1/2022;118.24;3;;;;USA
C3494;Ravi;Female;;Delhi;1/5/2025;16/8/2020;;1;;;;Canada
C3495;Simran;Male;;Hyderabad;2/1/2021;;;;;;;India
;Amit;;;Delhi;;;;10;user3495@mail.com;;;Canada
C3497;;;;Bangalore;28/3/2022;16/10/2022;;;user3496@mail.com;;;USA
C3498;Ankit;Female;23;Bangalore;27/11/2024;20/5/2023;;;;;;UK
C3499;Priya;Male;;Hyderabad;4/11/2022;22/7/2022;;2;user3498@mail.com;9874469735;9874469735;USA
C3500;Simran;Female;22;;;8/2/2023;;;user3499mail.com;9449622584;9449622584;Australia
C3501;Neha;Male;;Hyderabad;17/4/2021;;;1;user3500@mail.com;;;UK
C3502;Kiran;;28;Kolkata;;;1316.46;10;user3501@mail.com;;;
C3503;Sneha;Female;;;2/10/2024;;;1;user3502@mail.com;9664821829;9664821829;USA
C3504;;Female;;Delhi;;;2368.7;10;user3503@mail.com;916878266;0916878266;
;Ravi;Male;;Ahmedabad;23/8/2020;29/12/2021;;;;;;UK
C3506;Simran;Male;47;Kolkata;4/12/2023;;;10;user3505@mail.com;;;Australia
C3507;Pooja;Female;40;Ahmedabad;7/2/2024;;;3;user3506mail.com;925177927;0925177927;Canada
C3508;Simran;Female;;Delhi;;;;;user3507@mail.com;9694844988;9694844988;
;;Female;18;Ahmedabad;23/8/2025;;;;;;;UK
C3510;Amit;Male;;;;;;10;user3509@mail.com;;;UK
C3511;Neha;Male;40;Delhi;18/7/2023;25/12/2025;;10;;;;Canada
C3512;Kiran;;;Delhi;;;513.36;;user3511@mail.com;989126327;0989126327;
C3513;Priya;Male;;Delhi;23/5/2023;;;10;;;;USA
C3514;Neha;;47;Delhi;;1/7/2023;;1;user3513mail.com;;;India
C3515;Ravi;Male;;Bangalore;12/12/2025;20/3/2025;885.24;5;user3514@mail.com;;;USA
C3516;;Female;;Bangalore;27/9/2024;17/8/2025;;1;;9794437;0009794437;Canada
;Amit;Female;65;Bangalore;;7/7/2022;;10;;;;
C3518;Kiran;Male;70;Chennai;18/10/2025;17/2/2024;;1;;;;Canada
;;Female;;;;18/11/2021;;1;user3518mail.com;;;India
;Ravi;Female;64;Hyderabad;21/11/2020;28/11/2023;;10;;;;Canada
C3521;Kiran;Male;;Pune;;;;1;;;;India
C3522;Rahul;Female;24;Hyderabad;11/5/2024;;1186.6;10;;;;India
C3523;;Male;;Delhi;;;;;user3522@mail.com;;;Canada
C3524;Neha;Male;;Hyderabad;;;;;user3523@mail.com;;;India
;Priya;Male;;Ahmedabad;;;;;user3524@mail.com;;;UK
;Neha;Female;19;Kolkata;;10/6/2024;;10;user3525@mail.com;;;UK
C3527;Sneha;Male;25;Kolkata;28/10/2023;26/10/2022;;10;user3526mail.com;;;
C3528;Simran;Male;41;Mumbai;28/5/2025;;;;;;;USA
;;Female;;Bangalore;2/7/2023;26/12/2022;;;user3528@mail.com;;;USA
C3530;Priya;Female;;Ahmedabad;13/2/2023;;;4;;991734678;0991734678;
;;;;Chennai;;;2181.69;5;;;;Canada
C3532;Neha;Male;48;Pune;16/5/2022;;;1;;926929858;0926929858;UK
;Sneha;Female;58;Hyderabad;8/4/2022;;;1;;;;UK
C3534;Kiran;;29;Ahmedabad;2/10/2020;5/10/2022;;10;user3533mail.com;;;UK
C3535;Amit;Female;;Delhi;24/9/2020;;1914.11;10;;;;
;Ankit;Female;;Mumbai;28/12/2022;;;1;user3535mail.com;9418567635;9418567635;Canada
;;;;;10/6/2022;12/11/2021;;4;user3536@mail.com;;;Australia
C3538;Sneha;Female;53;Pune;19/5/2021;12/7/2024;;;;929282631;0929282631;India
C3539;Rahul;Male;30;Bangalore;15/10/2024;;;1;;;;USA
C3540;Priya;Male;;;11/4/2022;17/12/2021;;1;user3539@mail.com;98935864;0098935864;UK
C3541;;Male;;Pune;19/8/2025;;;2;;;;Australia
C3542;Sneha;Male;;Chennai;;;;1;;9897723127;9897723127;Canada
C3543;Sneha;Female;;Hyderabad;;;;1;user3542mail.com;;;
C3544;Ankit;Male;;Chennai;27/6/2024;8/11/2022;;3;user3543mail.com;;;Australia
C3545;Simran;Female;;Pune;20/9/2021;;;10;user3544mail.com;;;Australia
;;Male;;Kolkata;;;;;user3545@mail.com;;;India
C3547;Pooja;Female;;Delhi;;10/9/2021;;1;user3546@mail.com;;;USA
C3548;Rahul;;;Ahmedabad;20/3/2025;15/4/2023;;;user3547mail.com;;;USA
C3549;Simran;Female;;Ahmedabad;18/7/2024;;;4;user3548mail.com;948754234;0948754234;
C3550;Simran;;;Kolkata;24/8/2021;12/8/2020;;;;;;USA
C3551;Simran;Female;;Delhi;27/11/2022;;;1;;;;USA
C3552;Amit;Female;;Chennai;;;;1;user3551mail.com;;;UK
C3553;Sneha;Female;61;Mumbai;;1/12/2023;;;user3552@mail.com;9231954;0009231954;
C3554;Simran;;;Mumbai;;27/8/2021;4472.8;;user3553mail.com;;;Australia
C3555;Priya;;;Pune;2/3/2021;;2875.03;1;user3554mail.com;9744925839;9744925839;
;Ravi;Male;;Pune;;;4362.71;;user3555@mail.com;;;Australia
C3557;Ravi;;;Mumbai;;;30.76;5;;;;
C3558;Rahul;Male;;Bangalore;;6/2/2024;;10;user3557@mail.com;956213288;0956213288;Australia
C3559;Priya;Female;;Mumbai;14/11/2023;;;1;user3558@mail.com;9919934149;9919934149;
C3560;Rahul;;;Delhi;;;2581.62;10;;;;Canada
C3561;Priya;;;Chennai;14/10/2022;;;3;user3560@mail.com;;;Canada
C3562;Rahul;Male;;;;;;3;;;;Australia
;Rahul;Male;;Chennai;;21/11/2024;2163.36;10;;;;USA
C3564;Rahul;Male;;Bangalore;3/8/2024;;;10;;;;Canada
;Rahul;Male;41;Delhi;6/7/2024;;;10;user3564mail.com;;;UK
C3566;Priya;;;;23/5/2021;;;1;user3565mail.com;;;India
;Sneha;Female;;Delhi;;;;1;user3566@mail.com;;;
C3568;Sneha;Female;;;;5/5/2022;;10;user3567mail.com;9363385715;9363385715;UK
C3569;;;;Bangalore;;16/11/2021;;3;;;;Australia
;Ravi;Male;;Pune;13/12/2024;;;10;;;;Australia
C3571;Pooja;Male;;Ahmedabad;19/8/2023;;;;;935781784;0935781784;
C3572;;;;Delhi;5/11/2025;;;1;user3571@mail.com;954297844;0954297844;India
;Ravi;Female;;Kolkata;;;;;user3572@mail.com;;;UK
C3574;Simran;Male;;Delhi;3/2/2021;;4262.42;;;;;USA
;Pooja;Male;;Pune;19/2/2021;13/7/2025;;10;user3574@mail.com;;;Australia
C3576;Kiran;;;Bangalore;;;;2;;;;Canada
C3577;Ankit;;;Delhi;;9/11/2023;;;;;;UK
C3578;Ankit;Male;;Chennai;27/11/2021;;;1;user3577@mail.com;;;
C3579;Ankit;;61;Mumbai;;31/8/2024;4328.18;;user3578@mail.com;9141552642;9141552642;Australia
C3580;Ankit;;;Bangalore;1/11/2023;27/11/2021;;1;;;;UK
C3581;;Female;;Bangalore;;29/4/2024;;;;;;USA
C3582;Priya;Female;;Mumbai;;;;4;user3581@mail.com;;;India
C3583;Rahul;Female;;Bangalore;7/6/2021;;;;user3582@mail.com;;;India
C3584;Sneha;Male;56;Chennai;;;;10;;9427656524;9427656524;UK
C3585;Amit;Female;;Kolkata;4/6/2021;;;;;94325393;0094325393;Canada
;Rahul;;;Hyderabad;3/1/2023;7/8/2020;;1;user3585mail.com;;;India
C3587;Amit;Male;;Bangalore;;18/8/2023;;5;user3586@mail.com;;;
C3588;Neha;Female;;Chennai;;;;;;;;India
;Ravi;;;Ahmedabad;;20/11/2024;;;;;;USA
;Amit;Female;39;Hyderabad;12/12/2020;17/2/2022;;10;user3589mail.com;;;India
C3591;Kiran;Female;;Mumbai;;;;;;;;Canada
C3592;Pooja;Male;;Pune;6/1/2023;;;10;;;;UK
C3593;Priya;Female;;Pune;21/7/2024;2/2/2024;;;;919976427;0919976427;UK
C3594;Rahul;Female;;Bangalore;2/1/2023;15/5/2021;251.96;5;;;;Australia
C3595;;Male;;Hyderabad;;2/1/2025;;2;;;;
C3596;Amit;Male;;;28/12/2023;12/9/2024;;2;user3595@mail.com;;;India
C3597;Ankit;Female;;;4/11/2024;11/6/2024;;4;user3596mail.com;;;Canada
;Simran;;;Pune;;;4266.6;2;;98697359;0098697359;UK
;Sneha;Female;;Delhi;19/4/2021;;;;user3598mail.com;;;Canada
;Ankit;Male;35;Pune;;;;;user3599@mail.com;;;
;Pooja;Female;63;;;11/1/2023;1129.35;10;;;;India
C3602;Sneha;Male;62;Bangalore;;;226.59;1;user3601@mail.com;9382365697;9382365697;Canada
C3603;Ravi;Male;;Hyderabad;28/2/2021;;;10;user3602mail.com;;;UK
;Ankit;;;Pune;;29/10/2025;3433.37;10;;;;Canada
C3605;Neha;Female;48;Bangalore;8/8/2021;10/9/2020;287.59;5;user3604mail.com;989159873;0989159873;UK
C3606;Amit;Female;;Bangalore;;;;;user3605mail.com;;;
C3607;;Male;;Pune;;;;10;;9329715749;9329715749;USA
;Simran;;;Mumbai;30/11/2024;;;10;user3607mail.com;;;Canada
C3609;Neha;Male;;Bangalore;;;;;;9621736617;9621736617;USA
;Amit;;;Hyderabad;;16/2/2021;;1;user3609@mail.com;;;
C3611;Amit;Female;;Ahmedabad;22/3/2025;;;1;user3610mail.com;;;Australia
C3612;Pooja;Male;;Bangalore;;;940.3;;;;;USA
C3613;;;;Pune;;;;10;user3612@mail.com;;;India
C3614;Kiran;Female;65;Hyderabad;;20/6/2022;;;;;;UK
C3615;Simran;Male;;Pune;;;4362.73;1;user3614@mail.com;;;Australia
;Amit;Female;66;;;;3614.75;1;;9646797499;9646797499;India
C3617;;Male;;Ahmedabad;1/11/2025;22/6/2024;;1;;93461752;0093461752;USA
C3618;Rahul;Male;;Hyderabad;;26/9/2025;;;user3617@mail.com;;;USA
C3619;Amit;Male;41;Pune;11/10/2020;27/2/2023;;;;965654916;0965654916;India
C3620;Amit;Female;25;Bangalore;22/3/2025;21/10/2024;;;;931148283;0931148283;Australia
C3621;Ankit;Female;;Ahmedabad;;;;1;user3620@mail.com;;;Australia
C3622;;Female;;Delhi;13/11/2025;8/3/2025;;10;user3621mail.com;;;Australia
C3623;Simran;;19;Bangalore;;;3180.67;1;;;;Australia
C3624;Simran;Male;;Ahmedabad;;;;;user3623@mail.com;;;India
C3625;;Male;;Ahmedabad;;;;2;user3624mail.com;;;UK
C3626;Kiran;Male;;Ahmedabad;;6/10/2024;;3;;949786514;0949786514;Australia
C3627;Rahul;;;Bangalore;;;;;user3626@mail.com;;;Australia
C3628;;Female;;Kolkata;;1/8/2022;;10;;;;Canada
C3629;Neha;;;Chennai;;;;;user3628@mail.com;;;UK
C3630;Amit;Female;27;Kolkata;8/7/2022;;1568.91;10;user3629mail.com;;;USA
;Ankit;;;Delhi;5/9/2022;9/11/2021;;1;user3630@mail.com;;;Canada
C3632;Kiran;Male;18;Delhi;5/5/2022;6/7/2024;;3;;9147231373;9147231373;UK
C3633;Kiran;Female;27;;;;;1;user3632mail.com;;;Canada
C3634;Amit;Female;59;Ahmedabad;;;;1;user3633@mail.com;91631829;0091631829;India
C3635;Amit;Male;;;;;4866.38;;;;;
C3636;Rahul;Male;;Kolkata;;;;2;;;;UK
C3637;Ravi;Female;37;Delhi;23/9/2020;;;2;user3636@mail.com;;;Australia
C3638;Simran;Male;;;16/1/2021;;3063.55;1;user3637mail.com;;;USA
;Kiran;Female;;Mumbai;;;;1;user3638@mail.com;;;Australia
C3640;Neha;Male;;Chennai;;24/11/2020;;;;;;UK
C3641;Ravi;Male;;Delhi;6/11/2025;;866.53;3;;;;Australia
C3642;;Female;;Ahmedabad;16/6/2021;;;10;;9161645;0009161645;
;;Female;;Bangalore;;;;;;;;
C3644;Neha;Female;36;Mumbai;;;;1;;;;
C3645;Neha;Female;;Ahmedabad;;5/12/2022;;;;9841314414;9841314414;
C3646;Priya;Female;;Pune;;;;3;;;;Canada
;Kiran;;;Ahmedabad;30/10/2021;;;1;user3646@mail.com;9814548762;9814548762;India
C3648;Simran;Male;;Bangalore;;22/5/2022;;10;user3647@mail.com;9714425266;9714425266;India
C3649;Neha;Female;47;Pune;18/9/2022;26/10/2020;;3;;9487326;0009487326;Australia
C3650;Neha;;;Chennai;22/12/2021;;;1;user3649@mail.com;;;India
C3651;Kiran;;;Pune;;;;;user3650@mail.com;;;Canada
C3652;Ankit;;;Mumbai;;4/12/2021;2614.63;3;;;;Canada
;Ravi;;;Pune;;;;10;user3652@mail.com;;;India
C3654;Amit;Female;;Bangalore;4/4/2024;;;1;user3653@mail.com;;;
C3655;Ravi;;;Hyderabad;;;;10;user3654@mail.com;;;Canada
C3656;Ravi;Male;38;Bangalore;;28/3/2021;;1;;;;
C3657;Sneha;Female;;Bangalore;18/1/2021;;;3;user3656@mail.com;;;Canada
C3658;Kiran;Female;;Mumbai;;7/11/2025;207.65;10;;;;
C3659;;;;Pune;16/8/2022;29/8/2023;;1;user3658mail.com;;;UK
C3660;Ankit;;;Bangalore;13/7/2022;;1151.28;1;user3659@mail.com;;;India
C3661;Neha;;48;Bangalore;;25/5/2025;;10;;922333796;0922333796;USA
C3662;Amit;;59;Chennai;28/2/2022;10/3/2025;;10;;;;Australia
C3663;;;;Pune;;;;4;user3662@mail.com;;;Australia
C3664;;Male;30;Kolkata;;30/6/2021;;4;;9914553112;9914553112;India
C3665;Ankit;;;Kolkata;;3/1/2023;;1;;;;
;Pooja;;;Pune;;;;;;9933634787;9933634787;India
C3667;Pooja;Female;;Hyderabad;;31/7/2023;;10;user3666mail.com;9494225265;9494225265;UK
C3668;Sneha;Female;;Ahmedabad;27/11/2023;;3945.49;;;;;Australia
C3669;Kiran;Female;44;Mumbai;16/5/2023;10/5/2023;889.95;1;;94466376;0094466376;UK
C3670;Simran;;;Pune;10/8/2020;;;1;user3669@mail.com;;;UK
C3671;Sneha;Female;;Hyderabad;16/5/2025;29/9/2022;;10;;9784618328;9784618328;Canada
C3672;Rahul;Male;;Delhi;;;;;user3671mail.com;;;Australia
;Rahul;Male;;Delhi;;24/8/2020;;2;user3672@mail.com;957546517;0957546517;India
;Priya;Female;;Chennai;15/11/2025;19/9/2020;;1;user3673mail.com;;;USA
C3675;Kiran;Male;;Chennai;;;;;;;;UK
;Simran;;;Ahmedabad;31/1/2025;;;;user3675@mail.com;;;Canada
C3677;Amit;Male;56;Bangalore;;;;2;;959482463;0959482463;
C3678;;Male;24;Delhi;;;3557.56;5;user3677@mail.com;9246344559;9246344559;UK
C3679;Simran;;;Pune;;26/11/2022;;;;;;UK
C3680;Amit;Female;;Bangalore;;;3350.79;10;;;;Canada
C3681;Pooja;Male;;Ahmedabad;16/7/2022;;;;user3680mail.com;;;Australia
C3682;Amit;;53;Mumbai;;;;1;user3681@mail.com;;;UK
C3683;Priya;Male;;Delhi;;1/12/2022;;10;;9338763132;9338763132;Australia
C3684;Amit;Male;;;;;;1;;;;Australia
C3685;Kiran;Female;;Chennai;9/2/2023;22/9/2023;;10;user3684mail.com;;;USA
;Amit;Male;;;;;;1;user3685mail.com;;;Australia
;Ravi;Female;;Delhi;;22/8/2022;2301.13;3;;;;Canada
C3688;Priya;Female;;Bangalore;6/2/2021;25/10/2023;;10;user3687mail.com;;;Canada
C3689;Priya;Female;;Chennai;26/8/2025;17/5/2021;;;user3688mail.com;916742192;0916742192;Australia
C3690;;Female;;Hyderabad;;;;;user3689@mail.com;;;Canada
C3691;Amit;Female;61;Bangalore;;24/11/2025;3939;10;user3690@mail.com;;;India
C3692;Rahul;;;Pune;26/1/2026;;;;user3691mail.com;;;India
C3693;Amit;Male;42;Pune;27/2/2023;20/7/2021;;;user3692mail.com;;;USA
C3694;Neha;;;Kolkata;31/10/2021;;;5;;;;Australia
C3695;Neha;Male;;Bangalore;;;;;;;;USA
C3696;Neha;Male;;Kolkata;;;;1;user3695@mail.com;;;UK
C3697;;Male;;;;;3144.32;1;user3696mail.com;964414849;0964414849;India
C3698;Rahul;Female;;;9/4/2023;;;5;;;;Australia
;Pooja;Female;;Pune;10/1/2023;;2483.59;1;;;;Australia
C3700;Simran;Female;;Mumbai;5/8/2025;;3753.55;1;;;;
C3701;;Male;;Chennai;19/5/2024;;;;user3700mail.com;;;
;;Male;;Hyderabad;;;;1;user3701mail.com;;;Australia
C3703;Ankit;Female;;Bangalore;;18/7/2023;;3;user3702@mail.com;;;India
C3704;Ravi;Female;18;;;;913.29;;;;;UK
C3705;Pooja;Male;;Chennai;2/9/2021;27/10/2022;3359.33;1;user3704@mail.com;;;Canada
C3706;Amit;Male;;Hyderabad;8/6/2022;;1345.77;;;;;USA
;;Male;;Delhi;;31/8/2022;2370.84;;user3706mail.com;;;Canada
C3708;Simran;Female;;Mumbai;;;;;;9885383844;9885383844;Australia
C3709;Sneha;Male;;Pune;;;;1;;;;
;;Female;;Mumbai;15/1/2022;21/2/2021;;3;;9146147253;9146147253;UK
C3711;Ravi;;;Bangalore;;20/8/2021;;10;user3710@mail.com;;;USA
C3712;Neha;Female;;Hyderabad;;;;10;;9675482271;9675482271;USA
;Neha;Male;39;Bangalore;22/4/2022;;;;;;;Australia
C3714;Pooja;;;Chennai;;;2714.1;1;;;;USA
C3715;Amit;Male;;Hyderabad;;;;;;;;Canada
;Rahul;Female;;Chennai;;28/4/2022;;;user3715mail.com;;;USA
;Sneha;Female;53;Hyderabad;26/7/2023;21/7/2024;983.51;10;user3716mail.com;;;
C3718;;Male;24;Ahmedabad;10/12/2023;26/9/2022;;;user3717mail.com;9528735449;9528735449;India
C3719;Sneha;;28;Kolkata;;;598.99;10;;999822732;0999822732;Australia
;Ankit;Female;29;Kolkata;19/10/2025;;;;;;;Australia
;Ravi;;;Bangalore;;13/10/2020;;10;user3720@mail.com;;;India
C3722;Kiran;Male;;Pune;;;;5;user3721@mail.com;;;Australia
C3723;Ankit;Female;;Kolkata;;;;1;user3722@mail.com;93778862;0093778862;Canada
C3724;Sneha;Male;;Mumbai;;20/5/2025;1042.56;1;user3723mail.com;;;UK
C3725;;Female;25;Delhi;4/9/2020;;;1;user3724@mail.com;;;UK
C3726;Amit;Male;;Kolkata;16/2/2024;;;3;user3725mail.com;;;India
C3727;Sneha;Male;;Bangalore;12/1/2022;14/1/2024;;5;;;;Canada
C3728;Sneha;Female;;Ahmedabad;;;;1;;;;
C3729;Priya;Female;;;;;;1;;;;India
C3730;Neha;Female;;;;;;2;;;;
C3731;Amit;Female;;Delhi;1/5/2023;;503.87;1;;;;Australia
C3732;Kiran;;;;;10/10/2020;138.75;2;user3731mail.com;;;India
C3733;Ravi;Female;59;Mumbai;11/5/2021;;;10;user3732mail.com;;;
C3734;Kiran;Male;;Kolkata;;29/2/2024;;;;;;Australia
C3735;Rahul;Female;;;13/12/2023;;;10;user3734@mail.com;;;Canada
C3736;Neha;;;Mumbai;;;4863.85;10;;;;
C3737;Ravi;Female;;Kolkata;15/4/2025;;;;user3736mail.com;9471772549;9471772549;Australia
C3738;Neha;Male;69;Hyderabad;25/11/2021;;;10;;;;
C3739;Neha;Female;;Delhi;;;2076.94;1;;;;USA
C3740;Ankit;Male;;Bangalore;;;;3;;94635952;0094635952;USA
C3741;Rahul;Female;47;Delhi;;;;3;;;;Australia
C3742;Rahul;;;Chennai;7/12/2022;20/1/2024;;5;;;;India
C3743;Ankit;Male;66;Ahmedabad;;21/8/2020;;1;user3742mail.com;;;UK
C3744;Rahul;Female;;Delhi;15/5/2025;;3883.32;2;user3743mail.com;;;Australia
C3745;;Male;;Ahmedabad;20/5/2021;30/3/2024;2505.13;5;;;;Australia
;Ravi;Female;;Delhi;;17/5/2024;1327.29;1;;;;UK
C3747;Ravi;Female;69;Delhi;19/10/2020;4/8/2023;;5;;;;UK
C3748;;;;Bangalore;;16/3/2024;;;user3747@mail.com;;;UK
C3749;Rahul;;;Ahmedabad;;;;1;;;;Australia
C3750;Kiran;;;Chennai;;;;;user3749@mail.com;97672883;0097672883;Australia
C3751;Simran;Male;;Delhi;3/8/2024;;;;user3750@mail.com;918442519;0918442519;India
;Priya;Male;;Kolkata;;;;;user3751@mail.com;;;India
C3753;;Male;;;11/12/2022;;;;user3752@mail.com;93614497;0093614497;Canada
C3754;Simran;Male;;Chennai;;;;2;user3753@mail.com;;;India
C3755;Ankit;;;Pune;5/8/2021;17/8/2024;;10;user3754mail.com;;;USA
C3756;;Female;;Chennai;24/4/2023;16/3/2022;;10;user3755mail.com;9297827775;9297827775;Canada
;Simran;Female;;Hyderabad;8/10/2022;21/7/2024;;10;user3756@mail.com;;;Canada
C3758;Kiran;Female;;Ahmedabad;;11/9/2022;;4;;933459873;0933459873;
C3759;Neha;Female;;Mumbai;;;;10;;;;
C3760;Rahul;Male;;Pune;;;;;;;;UK
C3761;;Male;;Chennai;20/1/2025;;;1;;;;UK
C3762;Priya;Male;;Hyderabad;13/10/2021;;;10;user3761mail.com;;;India
;Neha;Female;;Ahmedabad;;22/8/2023;;;;;;Canada
C3764;Priya;Male;;Mumbai;4/7/2022;;;1;;9964247774;9964247774;Australia
C3765;Amit;Male;;Chennai;;;;1;user3764mail.com;;;Canada
C3766;;Male;67;Ahmedabad;;;3705.51;3;;937663469;0937663469;Australia
;Sneha;Female;;;18/9/2025;;;1;;;;Canada
C3768;Pooja;;;;19/6/2022;23/12/2024;;4;;;;UK
C3769;Rahul;Female;18;Mumbai;13/11/2022;;4284.28;10;;;;India
C3770;Sneha;Female;66;Kolkata;18/7/2022;;954.85;1;user3769mail.com;995586129;0995586129;Australia
;Sneha;Male;;Chennai;;;;5;;978312332;0978312332;Australia
;Ankit;Female;;Delhi;13/3/2024;;3076.11;2;user3771mail.com;;;Canada
C3773;Priya;Female;;Hyderabad;27/10/2020;;1639.23;;user3772@mail.com;9868734837;9868734837;India
;;Male;;Ahmedabad;;24/6/2022;;10;user3773mail.com;;;UK
C3775;;Female;;Hyderabad;15/10/2022;;3803.1;;user3774mail.com;;;UK
;Pooja;;;Mumbai;14/11/2022;23/10/2025;;1;;;;Australia
C3777;Sneha;Male;;Ahmedabad;17/3/2021;;;1;user3776@mail.com;;;UK
C3778;Simran;;;Ahmedabad;9/4/2025;;;1;user3777mail.com;;;Australia
C3779;Kiran;Female;22;Delhi;;;424.92;1;;;;India
C3780;Priya;Female;;Delhi;;;;1;user3779mail.com;;;Canada
C3781;Ankit;Female;;Hyderabad;27/9/2020;;;10;;;;
C3782;Amit;;;Chennai;;;;;user3781@mail.com;998986525;0998986525;Canada
C3783;Rahul;Male;;Mumbai;21/4/2022;10/11/2023;;10;user3782@mail.com;;;
C3784;Pooja;Male;;Hyderabad;18/2/2023;17/8/2023;302.42;1;;;;
C3785;Simran;Female;;Chennai;11/8/2024;;;1;;;;Australia
C3786;;Female;;Pune;;20/7/2022;;5;user3785mail.com;;;
C3787;Ravi;;;Bangalore;27/2/2025;;4530.78;10;;;;Australia
;Amit;Male;28;;;26/2/2025;;10;;;;Canada
C3789;Kiran;Female;;Pune;18/8/2021;15/6/2023;4202.05;10;;;;Canada
C3790;;Female;;;;;;5;user3789mail.com;;;UK
C3791;Priya;Male;;Ahmedabad;19/4/2023;31/10/2025;;1;;;;USA
;Amit;Male;;Delhi;14/8/2022;21/10/2024;;10;;;;
;Rahul;Female;;Mumbai;;;;2;user3792mail.com;;;UK
C3794;Simran;Male;;Chennai;;20/12/2024;;;;946793257;0946793257;
C3795;Amit;Female;49;Mumbai;11/10/2020;;;5;;93825567;0093825567;Australia
;Amit;;41;Hyderabad;7/8/2022;;;;user3795@mail.com;;;USA
C3797;Rahul;Male;;;8/6/2023;;;1;;;;
C3798;Simran;Female;42;;19/11/2025;;;10;;;;
;;Female;;Bangalore;;28/1/2023;;;;;;UK
C3800;;Female;;Kolkata;15/7/2024;;;5;user3799mail.com;;;
C3801;Kiran;;;Ahmedabad;;;1197.21;1;;;;
C3802;Sneha;Female;;Kolkata;;;;1;;;;UK
C3803;Amit;Female;60;Chennai;2/1/2022;17/1/2026;4600.93;1;user3802mail.com;9923959679;9923959679;
C3804;;Male;;Pune;2/8/2024;;3807.97;10;;911963737;0911963737;UK
C3805;Pooja;Female;;Bangalore;26/10/2022;;;;;;;
C3806;Neha;;68;Chennai;;19/11/2023;4126.51;10;;99742284;0099742284;Canada
C3807;Kiran;Male;44;Hyderabad;;;4005.85;1;;;;India
;Kiran;Male;;;;18/2/2024;;10;user3807mail.com;985767464;0985767464;UK
C3809;Ankit;Male;;;;2/11/2020;;1;;;;Australia
C3810;Simran;Male;;;29/3/2021;;;1;;;;UK
C3811;Neha;Male;;Hyderabad;;;;5;;915549248;0915549248;
;Kiran;Female;;Pune;;;;1;user3811mail.com;;;Australia
C3813;Amit;;59;Delhi;;;;;;9263621273;9263621273;Australia
C3814;Ravi;;;Chennai;;;;10;user3813@mail.com;9217245261;9217245261;Canada
C3815;Simran;;65;Pune;28/1/2023;;;5;user3814@mail.com;;;USA
;Sneha;Female;;Ahmedabad;;;;;;;;
C3817;Kiran;Male;;Pune;;;;1;user3816mail.com;;;USA
;Ravi;;;Hyderabad;27/8/2022;;;;;;;Australia
C3819;Rahul;Female;56;Pune;;30/6/2025;;10;user3818mail.com;9823797969;9823797969;
C3820;Kiran;Male;63;Mumbai;;;;;;;;Canada
C3821;Rahul;Female;;Pune;22/2/2023;;1320.62;5;;;;Australia
C3822;Sneha;Male;;Chennai;;24/6/2021;;1;;;;UK
C3823;Rahul;Male;;Kolkata;10/7/2024;5/8/2022;4818.62;1;user3822mail.com;;;India
C3824;Sneha;Male;;Pune;;;;1;user3823mail.com;;;Australia
C3825;Sneha;Male;;Ahmedabad;;;;10;;;;USA
C3826;Pooja;Female;39;Bangalore;;10/11/2023;;;;;;India
C3827;Kiran;Male;;Mumbai;;8/8/2024;1535.71;10;;923765842;0923765842;USA
C3828;Priya;Male;;Kolkata;18/10/2024;;;4;user3827mail.com;918293167;0918293167;Australia
C3829;Sneha;;;Bangalore;1/10/2022;;;5;user3828mail.com;;;Australia
C3830;Sneha;;58;Bangalore;1/9/2021;;;1;user3829mail.com;;;
C3831;;Female;;Kolkata;23/2/2025;;;10;;;;USA
;Priya;Male;;Hyderabad;;;;10;user3831@mail.com;;;Canada
C3833;Priya;Female;;Bangalore;;;;1;;;;UK
C3834;Pooja;Female;;Delhi;25/9/2020;;;;;93749211;0093749211;Canada
;Neha;Female;;Ahmedabad;;;;1;user3834@mail.com;;;Canada
C3836;Amit;Male;;Delhi;;;4992.4;4;;;;USA
C3837;Ankit;;;;;30/3/2024;;;;;;UK
;Neha;Female;;Pune;16/11/2023;15/3/2025;;1;user3837mail.com;;;India
;Sneha;Male;21;Ahmedabad;18/1/2025;24/9/2022;;5;user3838mail.com;;;USA
C3840;Priya;Male;;;;;;10;;;;Canada
C3841;Kiran;Male;;Hyderabad;;26/4/2024;;1;user3840@mail.com;;;
C3842;Kiran;Male;;Bangalore;13/2/2023;;1887.07;1;user3841mail.com;;;UK
C3843;Pooja;Female;;Delhi;;;1697.58;1;user3842mail.com;964425578;0964425578;USA
;Kiran;Male;;Delhi;5/12/2024;;;10;;983377998;0983377998;Australia
;Kiran;;;Hyderabad;;;;10;;9434665393;9434665393;USA
;Rahul;Female;;Ahmedabad;7/12/2024;;;10;;916678891;0916678891;Australia
C3847;Rahul;Female;;Bangalore;;;;1;;;;USA
C3848;Sneha;;;Ahmedabad;;;;1;user3847@mail.com;;;UK
C3849;Pooja;Male;;Delhi;31/7/2025;27/5/2021;;;user3848mail.com;;;Australia
C3850;Kiran;Female;;Chennai;;17/1/2022;;10;user3849@mail.com;;;UK
C3851;Simran;Male;;Bangalore;30/8/2024;;;;;;;USA
C3852;Kiran;Female;;Ahmedabad;27/4/2024;;;1;user3851mail.com;98534363;0098534363;UK
C3853;Ankit;;36;;;13/12/2024;2666.07;5;user3852@mail.com;9522384313;9522384313;
;Rahul;;;Delhi;30/8/2024;;;3;user3853mail.com;;;Australia
C3855;Pooja;Male;38;Chennai;20/12/2024;;;;user3854@mail.com;;;India
C3856;Rahul;Male;;Chennai;12/3/2024;;;1;;9488914684;9488914684;
;Kiran;Male;;Delhi;28/12/2025;;3178.28;10;user3856mail.com;;;USA
C3858;Kiran;;;Delhi;;;;10;user3857mail.com;;;USA
C3859;Ravi;;;Mumbai;22/12/2020;18/5/2021;;;user3858@mail.com;;;
C3860;Ankit;Male;;Mumbai;23/10/2025;;;;;;;Australia
C3861;Amit;Female;;Kolkata;9/11/2020;;;10;;;;UK
C3862;Ravi;Male;;Ahmedabad;;26/10/2022;;3;user3861mail.com;;;USA
;Priya;Male;;Chennai;;;;2;user3862@mail.com;99228721;0099228721;UK
C3864;;Male;;Bangalore;;;3696.02;10;;97736579;0097736579;
C3865;Neha;;;Hyderabad;28/12/2021;;;;;;;USA
C3866;Kiran;Male;;;28/3/2022;7/2/2022;;3;user3865mail.com;;;USA
;;;19;Chennai;;;4399.06;4;;;;India
C3868;Rahul;;55;Delhi;30/10/2023;16/3/2021;;10;;9824926665;9824926665;USA
C3869;Ravi;Male;;Hyderabad;;;2579.87;;user3868mail.com;;;Australia
;Ankit;Male;;Pune;22/2/2023;20/7/2022;;;user3869mail.com;991511794;0991511794;UK
C3871;Kiran;Male;;Kolkata;;;296.71;3;user3870mail.com;;;USA
;Neha;Male;50;Pune;;;3755.86;10;;9454293657;9454293657;Canada
C3873;Sneha;Female;;Kolkata;16/5/2021;;;4;user3872@mail.com;;;India
;Sneha;Female;;Kolkata;;;;1;;;;UK
C3875;Kiran;Female;;Delhi;;;979.07;4;user3874mail.com;9465828411;9465828411;
;;Male;;Bangalore;8/12/2024;;4631.43;;user3875@mail.com;;;UK
;Simran;;47;Ahmedabad;8/1/2024;27/8/2020;;;;988786358;0988786358;UK
;Ravi;;;Pune;;13/8/2022;;10;;;;India
;Priya;Female;19;Pune;;;;10;user3878@mail.com;;;Canada
C3880;Sneha;Male;;Mumbai;1/1/2022;9/2/2022;;1;user3879@mail.com;9456722744;9456722744;
;Rahul;Male;;Hyderabad;13/1/2023;26/4/2024;;10;user3880@mail.com;;;India
;Amit;Male;;Kolkata;17/7/2025;1/11/2025;;1;;;;USA
C3883;;Female;;Ahmedabad;;30/6/2023;;1;;;;UK
C3884;Amit;Male;;Kolkata;31/8/2020;;;3;user3883@mail.com;;;USA
C3885;Simran;;;Kolkata;;;357.54;;user3884mail.com;;;
;Simran;Male;;Ahmedabad;17/1/2022;;;;user3885mail.com;94765641;0094765641;UK
;Pooja;Female;;Kolkata;21/8/2022;;;1;;;;
C3888;Ravi;Male;;Pune;24/2/2021;;2527.01;10;user3887@mail.com;;;India
C3889;;Female;21;Kolkata;13/6/2024;;2148.1;1;user3888@mail.com;;;USA
C3890;Ravi;Male;;Hyderabad;9/10/2024;29/8/2020;;10;user3889mail.com;;;Canada
C3891;Simran;;;Mumbai;7/10/2022;12/11/2025;;;user3890@mail.com;;;
C3892;Simran;Male;;Delhi;;4/2/2022;;1;;;;USA
C3893;Simran;;;;9/7/2025;;;3;user3892@mail.com;;;India
;;Female;;Pune;19/3/2023;11/4/2022;;1;user3893@mail.com;;;
;Amit;Male;;Delhi;;;;2;;;;USA
C3896;Pooja;Male;33;Kolkata;12/6/2023;2/9/2020;;1;user3895mail.com;;;Australia
C3897;Simran;Male;;Delhi;23/6/2022;;;;user3896mail.com;;;
C3898;Pooja;Female;59;Ahmedabad;7/7/2022;29/10/2021;;;;;;Canada
C3899;Rahul;Male;;Hyderabad;24/6/2021;;47.89;3;;;;Australia
C3900;Sneha;;;Bangalore;8/9/2022;19/7/2024;;2;;9465357777;9465357777;India
C3901;Kiran;Female;;Hyderabad;30/10/2024;;;;user3900@mail.com;9358382591;9358382591;
C3902;;Male;;;13/9/2020;15/11/2025;;10;user3901@mail.com;;;Canada
C3903;Simran;Female;52;Kolkata;;17/1/2021;;10;user3902mail.com;;;Australia
C3904;Amit;;41;Delhi;;;;;;;;UK
C3905;Priya;Female;;Mumbai;12/5/2023;;;;user3904mail.com;;;USA
C3906;Rahul;Male;;Mumbai;;6/1/2023;;1;;;;India
;Neha;Male;68;Ahmedabad;6/12/2021;25/10/2021;;;;;;Canada
C3908;Priya;Female;;Mumbai;;;;4;;;;
C3909;;Female;;Pune;4/9/2025;;;4;;92736237;0092736237;
;Ravi;;;;30/4/2021;;;2;user3909@mail.com;929791289;0929791289;UK
C3911;;Male;;Pune;;;;;user3910@mail.com;;;Australia
;Sneha;Male;;;;;;;;;;Australia
;Simran;Female;;Bangalore;;;;10;user3912@mail.com;;;Canada
C3914;;;;;;;;10;user3913mail.com;;;
C3915;Amit;Male;57;;;;1802.39;4;user3914@mail.com;;;India
;Simran;Male;;Chennai;;;;1;;;;Canada
C3917;Ankit;Female;39;Kolkata;12/1/2022;;3387.66;10;user3916@mail.com;9353674977;9353674977;India
C3918;Priya;Male;;Kolkata;;16/10/2025;4802.54;3;user3917mail.com;;;India
C3919;;;;Mumbai;27/2/2024;;;1;;;;India
C3920;Rahul;Female;56;Pune;17/1/2025;;;;user3919mail.com;9566163849;9566163849;Australia
C3921;Ankit;Male;;Bangalore;;;;1;user3920mail.com;;;
C3922;Pooja;;;Kolkata;;;3381.59;1;;;;USA
;Pooja;Male;;Delhi;;;1766.24;;user3922mail.com;;;Australia
C3924;Sneha;Male;;Delhi;26/10/2023;;;5;;;;India
;;Male;53;Ahmedabad;;;;3;;9776712147;9776712147;Australia
C3926;Ravi;Female;30;Delhi;;;;10;user3925@mail.com;;;India
C3927;Simran;Male;;Ahmedabad;;22/6/2025;;2;;;;
;Priya;Male;;Kolkata;11/4/2021;;;1;user3927mail.com;;;UK
C3929;;Female;;Delhi;16/1/2024;;;10;;;;UK
C3930;Kiran;;54;Hyderabad;;;1588.5;3;user3929@mail.com;945349523;0945349523;UK
C3931;Pooja;Male;;Mumbai;9/12/2023;26/12/2025;1407.28;1;;969339611;0969339611;Canada
C3932;Pooja;;;Mumbai;14/2/2021;;;1;user3931mail.com;;;UK
;Sneha;Male;;Mumbai;23/3/2024;;2494.53;;;;;UK
C3934;Ravi;Male;;;;;4575.83;10;user3933@mail.com;;;Canada
C3935;;Male;;Ahmedabad;29/6/2021;;;1;;;;UK
;Kiran;Male;60;Bangalore;;;;10;;;;India
;Sneha;;;Delhi;;;;4;user3936mail.com;;;UK
C3938;;;;Kolkata;;;;1;;;;
;Priya;Female;;Pune;;8/12/2024;;10;;;;Canada
C3940;Priya;Male;;Chennai;;;;3;;9972394776;9972394776;USA
C3941;Sneha;Female;;Chennai;;;;10;;911394218;0911394218;Canada
C3942;Ravi;Female;;Bangalore;4/6/2024;10/6/2025;;10;user3941mail.com;;;Australia
C3943;Rahul;Male;69;Kolkata;15/2/2024;;;10;user3942mail.com;;;
C3944;;Male;;Bangalore;;6/12/2025;;4;user3943@mail.com;;;Australia
C3945;;Female;52;Bangalore;17/7/2024;;;5;user3944mail.com;;;India
C3946;;Female;;;5/11/2024;;;1;;;;UK
C3947;Ravi;Male;45;Hyderabad;;20/2/2022;3859.96;10;;;;UK
C3948;Amit;;;Bangalore;;;;;user3947mail.com;9838715825;9838715825;USA
C3949;Amit;Male;;Mumbai;22/6/2021;;;1;;;;USA
C3950;Ankit;;;Chennai;1/6/2025;;;;user3949mail.com;9181264814;9181264814;USA
C3951;Simran;Male;;Pune;31/12/2024;;;10;user3950@mail.com;;;Canada
C3952;Amit;Female;;Mumbai;18/1/2022;9/10/2025;;1;;;;UK
C3953;;;;Chennai;;22/2/2025;1104.29;10;user3952@mail.com;;;
C3954;Pooja;Male;;Ahmedabad;;;;1;user3953@mail.com;;;USA
C3955;Rahul;;;Delhi;;3/12/2022;;10;user3954@mail.com;9437951815;9437951815;India
C3956;;Female;47;Delhi;;1/5/2022;1030.64;2;;;;USA
;Simran;Female;;Kolkata;17/4/2021;;2812.22;1;;978195418;0978195418;UK
;Neha;;;Hyderabad;15/12/2021;;2700.59;;;;;India
;Simran;Female;;Kolkata;4/8/2023;28/2/2025;;1;user3958mail.com;;;UK
C3960;Ravi;Female;69;Hyderabad;;;;;;;;Canada
C3961;Neha;;21;;;27/10/2025;;3;;;;
C3962;;Male;;Hyderabad;;;;;user3961mail.com;;;Australia
;Sneha;Female;;Bangalore;29/6/2023;;;;;9191365774;9191365774;USA
C3964;Sneha;Male;;Hyderabad;12/3/2021;14/4/2022;1570.41;;;;;
C3965;;;;Hyderabad;29/12/2021;;2835.63;1;user3964@mail.com;;;USA
C3966;Amit;Male;;Kolkata;;;;3;user3965@mail.com;;;UK
;Amit;Female;;Bangalore;;17/11/2023;;1;;;;Canada
C3968;Ankit;;47;;17/3/2023;10/5/2025;3829.81;10;;;;
C3969;Amit;Male;;Bangalore;;;4089.73;4;;;;USA
C3970;;Male;;Bangalore;29/1/2025;;;1;user3969mail.com;;;USA
;Priya;Male;56;Delhi;;;;10;;;;
C3972;Amit;;59;;;;;2;user3971mail.com;969689143;0969689143;Australia
C3973;Pooja;Female;;Bangalore;23/5/2023;;;10;user3972mail.com;;;India
C3974;Amit;;;Mumbai;23/10/2020;;;10;user3973@mail.com;;;
C3975;Pooja;Male;;Ahmedabad;9/9/2023;15/4/2024;;2;;;;USA
C3976;Simran;;;Kolkata;26/10/2024;;;10;user3975mail.com;;;
;Pooja;Female;;Ahmedabad;10/2/2023;;;1;user3976@mail.com;;;UK
C3978;;Male;;Mumbai;3/8/2024;;;1;;;;UK
C3979;Amit;Male;;Ahmedabad;14/11/2022;;3640.91;2;;995395681;0995395681;UK
;;;;Mumbai;14/5/2021;;;5;user3979@mail.com;;;USA
C3981;Ravi;Female;;Hyderabad;;;2896.46;2;;;;
C3982;Priya;Female;;Pune;;;4447.81;1;;91721493;0091721493;Canada
C3983;Kiran;;;Mumbai;24/8/2021;;2990.65;;user3982@mail.com;;;
C3984;Priya;Female;;Chennai;4/5/2022;21/5/2025;;3;;9655847753;9655847753;Australia
;Sneha;Male;;Hyderabad;;;;1;user3984@mail.com;;;India
C3986;;Female;61;Delhi;5/2/2021;;3079.71;5;user3985mail.com;;;India
C3987;Neha;Male;;Kolkata;15/10/2021;;;10;user3986@mail.com;;;
;Kiran;Female;;Ahmedabad;20/1/2023;15/1/2021;;10;;;;UK
C3989;Neha;Female;;Kolkata;;;507.95;1;;;;India
C3990;Kiran;Male;57;Kolkata;;;495.88;;user3989mail.com;;;Canada
C3991;Neha;;;Ahmedabad;;;;;;965564232;0965564232;Australia
C3992;Ankit;Female;;Ahmedabad;11/1/2025;;;2;user3991@mail.com;;;USA
;Kiran;Male;35;Kolkata;;;;;;;;Australia
C3994;Amit;Male;;Hyderabad;;;;1;;;;India
;Amit;Male;;Bangalore;;30/7/2025;;1;;97722861;0097722861;UK
;Rahul;Male;;Pune;;;;10;;;;Australia
;Priya;Male;;Delhi;;5/7/2022;;10;user3996@mail.com;9844444848;9844444848;
C3998;Neha;;;Ahmedabad;24/9/2024;1/1/2021;2984.94;;;;;Australia
C3999;Amit;Male;;Mumbai;21/2/2025;;;10;;;;Canada
;;Female;;Chennai;27/4/2025;;4197.11;1;;;;Canada
;;Female;;Chennai;;;4094.87;;;;;India
C4002;Kiran;;;Kolkata;;30/7/2021;;10;;912479314;0912479314;Canada
;Ankit;;;Pune;14/4/2022;;;5;;99266831;0099266831;UK
;Pooja;;;Delhi;22/11/2020;25/1/2023;;;user4003mail.com;;;USA
C4005;Ankit;Male;;;1/4/2021;2/10/2022;;10;user4004@mail.com;969463325;0969463325;India
C4006;Amit;;;Chennai;;7/9/2024;2616.07;3;user4005mail.com;;;Australia
C4007;Simran;Female;;Mumbai;5/10/2021;31/3/2024;;10;;986766459;0986766459;Canada
C4008;Amit;;;Chennai;;;;10;user4007mail.com;;;UK
C4009;Priya;Male;36;Kolkata;;;;10;user4008@mail.com;;;India
;Ankit;;;Pune;22/4/2025;30/10/2024;2711.38;10;;;;
;Amit;Female;;Hyderabad;12/2/2023;8/1/2024;;1;;;;
C4012;Neha;;47;;;;;1;;;;UK
C4013;Kiran;;;Pune;8/3/2025;;2525.94;4;user4012@mail.com;;;Canada
C4014;Simran;;;Hyderabad;9/3/2021;;;1;user4013@mail.com;9435689283;9435689283;Australia
C4015;Neha;Male;;;;;1012.5;;user4014@mail.com;;;
;Pooja;Female;;Delhi;19/5/2025;;;;;9693664466;9693664466;UK
C4017;Amit;Male;;Bangalore;22/2/2023;;;10;;9155823981;9155823981;Australia
C4018;Kiran;Male;;Hyderabad;;;3878.97;1;user4017@mail.com;;;Australia
;Sneha;Female;69;Pune;;;2261.92;3;;97967278;0097967278;USA
C4020;Amit;Female;;Mumbai;;18/1/2025;;1;user4019mail.com;9521697261;9521697261;UK
C4021;Priya;Female;;Kolkata;;25/11/2022;1117.91;10;user4020mail.com;;;
;Rahul;Male;;Chennai;30/9/2025;;;10;;;;
C4023;Sneha;Male;;Chennai;;26/5/2025;;3;user4022@mail.com;;;USA
;;Male;40;Hyderabad;10/3/2022;19/9/2021;;10;user4023mail.com;;;
C4025;Ravi;Male;;Bangalore;4/2/2021;;;;;;;
C4026;Amit;Female;;Mumbai;3/7/2021;;;1;;;;Australia
C4027;Amit;;32;;;;;4;;;;USA
C4028;Ankit;;25;;;;;4;;;;India
C4029;Simran;Male;69;Mumbai;;;;10;user4028@mail.com;;;Canada
C4030;Pooja;Male;;Hyderabad;;21/9/2024;;;;;;Canada
;Rahul;Female;;Hyderabad;30/9/2024;;2553.66;;;;;USA
C4032;Ankit;Male;;Bangalore;;;;1;user4031@mail.com;981119925;0981119925;USA
C4033;Kiran;Male;;Pune;18/2/2023;1/8/2021;;1;user4032@mail.com;;;USA
C4034;Rahul;Female;;Delhi;;14/10/2022;;10;user4033mail.com;;;UK
;;;;Kolkata;;;3773.47;10;user4034mail.com;;;Canada
C4036;Simran;;;Bangalore;;;;1;user4035mail.com;;;Canada
C4037;Simran;Female;58;Bangalore;14/4/2021;19/7/2024;881.08;5;;986792983;0986792983;Australia
C4038;Rahul;Male;;Mumbai;3/4/2023;;1841.27;10;user4037mail.com;9362957655;9362957655;Canada
C4039;Neha;;56;Pune;;;;10;;;;India
;Rahul;Male;;Pune;11/2/2025;;2428.08;10;user4039mail.com;;;USA
C4041;Kiran;Male;;Pune;;;647.41;;user4040mail.com;949428199;0949428199;India
C4042;Ankit;Female;;Hyderabad;31/10/2023;;;1;user4041mail.com;;;USA
C4043;;Male;;Kolkata;;;;1;;;;India
;Neha;Female;;Hyderabad;22/11/2022;;;3;;;;Australia
;Sneha;Male;;Chennai;29/11/2022;;;;;;;Canada
;Pooja;;54;Bangalore;17/10/2020;10/5/2025;;;user4045@mail.com;;;USA
C4047;;Male;;Chennai;;;;10;user4046@mail.com;;;
C4048;Pooja;Male;;Kolkata;31/12/2024;;;10;user4047@mail.com;;;
C4049;Rahul;Male;;Chennai;14/11/2023;;;10;;;;USA
;Neha;Male;;Pune;10/8/2024;;;10;;9472386847;9472386847;India
;Ankit;;;Chennai;26/7/2022;28/2/2025;;10;;931551749;0931551749;Australia
;Neha;Male;;Kolkata;28/3/2025;;455.26;1;user4051mail.com;;;USA
C4053;Amit;Male;;Mumbai;;;;;user4052@mail.com;;;Canada
C4054;Rahul;;;Kolkata;;;2039.53;;;;;Canada
C4055;Priya;Female;;Pune;;;;;;;;
C4056;Ankit;Male;;Chennai;;;;;user4055mail.com;;;USA
;Sneha;Female;;Ahmedabad;;;;1;;;;Australia
C4058;Priya;Female;;Mumbai;;;;10;user4057@mail.com;;;UK
C4059;Ankit;Male;26;Chennai;13/6/2021;;2324.81;5;user4058@mail.com;;;India
;Simran;Female;;Pune;30/3/2024;;;10;;;;Canada
C4061;Ravi;Female;;Chennai;13/7/2022;17/7/2022;;5;user4060@mail.com;;;USA
C4062;Kiran;;;Chennai;28/7/2021;19/11/2025;;10;user4061mail.com;993493754;0993493754;
C4063;Ankit;Male;;Mumbai;23/11/2020;12/9/2025;;10;;;;USA
;Sneha;Male;;Ahmedabad;;;;10;user4063@mail.com;;;
C4065;Ankit;Female;43;;;;;10;user4064mail.com;;;Australia
;Sneha;Female;;Kolkata;;;;10;user4065mail.com;941273823;0941273823;India
C4067;Pooja;;;Delhi;;25/6/2023;;1;;;;UK
C4068;Kiran;Female;22;Pune;;12/9/2021;;5;user4067@mail.com;;;
C4069;Ravi;;;Pune;;;2628.73;;user4068mail.com;;;UK
C4070;Simran;Male;;Bangalore;2/12/2023;14/7/2022;424.11;3;user4069@mail.com;;;Canada
C4071;Neha;Female;;Hyderabad;24/7/2021;;;;user4070mail.com;;;USA
C4072;Simran;Male;;Hyderabad;;30/3/2025;3332.36;4;;;;Australia
C4073;Kiran;Male;;Bangalore;;;;;;;;India
C4074;Simran;Male;20;Hyderabad;18/9/2024;6/12/2025;;4;user4073@mail.com;96127889;0096127889;Canada
C4075;Simran;Female;;Kolkata;8/12/2020;;;;user4074mail.com;;;Canada
C4076;Amit;;50;Kolkata;10/8/2023;;2533.1;3;;;;India
C4077;Amit;Male;43;Kolkata;;;;4;;;;Australia
C4078;;Female;48;Bangalore;1/2/2022;1/10/2024;4367.83;10;user4077@mail.com;;;USA
C4079;Sneha;Male;45;Hyderabad;;;4353.08;3;;;;
C4080;Ankit;Female;23;;;;;1;;939692443;0939692443;India
C4081;Sneha;;38;Delhi;4/3/2022;;;1;user4080mail.com;;;UK
;Rahul;Female;69;Kolkata;2/11/2023;;;10;user4081@mail.com;;;Canada
C4083;Amit;Male;;Chennai;12/11/2025;;;3;;;;UK
C4084;Sneha;Female;40;Mumbai;;;;3;user4083mail.com;;;Australia
C4085;Ravi;Female;;Mumbai;23/12/2023;;249.32;10;user4084mail.com;;;USA
;Kiran;;;Kolkata;;;2843.81;4;user4085mail.com;;;India
C4087;Pooja;Female;;Delhi;14/6/2025;;;10;;;;Australia
;;Male;;Mumbai;9/7/2024;;4144.4;1;;;;USA
;Sneha;Male;35;Kolkata;;;;;user4088@mail.com;;;UK
C4090;Priya;Female;;Hyderabad;;26/10/2024;;1;user4089mail.com;9878352126;9878352126;USA
C4091;;;;Hyderabad;;;1360.18;;;;;Australia
C4092;Pooja;Female;;Delhi;5/6/2024;17/6/2023;;10;user4091mail.com;;;Canada
C4093;Ankit;Female;37;Kolkata;9/6/2024;15/11/2021;;10;;;;Australia
C4094;Kiran;Male;;Kolkata;;;646.8;2;user4093mail.com;;;Canada
;Ankit;Male;;Delhi;14/1/2021;;;10;;;;
;Rahul;Male;;Ahmedabad;;3/3/2025;1096.59;1;user4095mail.com;;;
C4097;Rahul;;30;Bangalore;;16/9/2020;;10;user4096mail.com;;;Australia
C4098;Pooja;Female;38;Delhi;;;3262.12;5;;;;
C4099;;Female;;Bangalore;15/3/2024;;4520.98;5;;9566782919;9566782919;USA
C4100;Neha;Male;;Mumbai;11/6/2022;;;10;user4099mail.com;93288124;0093288124;
;;Male;;Chennai;20/2/2024;;4293.74;5;user4100mail.com;;;UK
;;;;Chennai;;28/10/2020;1434.07;10;;;;
C4103;;;;;;;;;user4102@mail.com;;;USA
C4104;Priya;Male;38;Kolkata;;;83.43;2;;9443731924;9443731924;Australia
C4105;;Male;;Hyderabad;12/9/2020;27/1/2021;;5;user4104@mail.com;9874571543;9874571543;Australia
C4106;Sneha;Female;;;;13/11/2025;;10;user4105mail.com;;;
C4107;Ankit;;;Ahmedabad;;;4692.77;10;;;;USA
C4108;;;;;30/3/2024;;;10;user4107mail.com;;;Australia
C4109;Kiran;Female;;Bangalore;25/11/2025;;;4;user4108mail.com;;;UK
C4110;;Female;;Chennai;;;4142.18;5;user4109mail.com;9893478138;9893478138;Australia
;Sneha;;;Pune;;;;1;user4110@mail.com;;;India
C4112;;Male;;Delhi;;18/12/2023;;1;;;;India
;Simran;Male;37;;14/7/2025;;;10;;;;Australia
C4114;Neha;Female;;Bangalore;9/12/2021;16/12/2023;;1;;;;Canada
C4115;Sneha;;;;26/3/2022;;;1;user4114@mail.com;;;USA
;Priya;Male;;Bangalore;10/11/2023;;163.26;1;user4115@mail.com;968728855;0968728855;
C4117;Ravi;;35;Hyderabad;24/12/2021;;;10;user4116@mail.com;;;Australia
C4118;Ankit;Female;38;Chennai;;13/9/2023;2828.75;3;user4117mail.com;;;India
C4119;Kiran;Male;;Chennai;;;2793.23;10;user4118@mail.com;;;Australia
C4120;Ankit;;43;Bangalore;17/10/2020;15/9/2022;;1;user4119mail.com;99414584;0099414584;Australia
C4121;Simran;Female;;Pune;;;;2;user4120@mail.com;;;
C4122;Rahul;Male;65;Pune;20/11/2024;19/11/2020;3205.77;10;user4121@mail.com;;;
C4123;;;;;;12/10/2024;;10;;;;India
C4124;Pooja;;;Ahmedabad;;7/5/2022;;;;;;USA
;Rahul;Female;;Pune;;9/6/2022;;1;;;;Canada
C4126;Priya;Female;;Mumbai;;;;10;;;;Canada
C4127;Pooja;;;Mumbai;;11/10/2024;3333.3;10;user4126mail.com;;;India
C4128;Rahul;;42;Chennai;10/3/2022;;;10;user4127mail.com;;;Canada
C4129;Rahul;Male;;;5/3/2022;28/4/2023;;1;;;;Canada
C4130;Neha;Male;53;Kolkata;;;4575.57;10;user4129@mail.com;;;UK
;Rahul;Female;;Pune;;;;1;user4130mail.com;;;
C4132;Simran;;;Pune;26/3/2022;14/7/2022;;10;;97535513;0097535513;
;Pooja;Male;;Pune;8/4/2023;23/10/2024;;1;;;;Canada
C4134;Ankit;Male;69;;22/9/2021;;4005.08;10;user4133mail.com;96143126;0096143126;
;Ankit;Female;;Hyderabad;;;;10;user4134@mail.com;;;USA
;Rahul;;;Ahmedabad;;;2623.81;;user4135mail.com;92235594;0092235594;
;Pooja;Female;;Hyderabad;;;2809.6;10;user4136@mail.com;;;Canada
;Rahul;Male;;Kolkata;;;1639.77;;user4137@mail.com;;;
;Priya;Male;;Pune;;;;1;user4138@mail.com;946696777;0946696777;USA
C4140;;Female;;Kolkata;9/3/2022;8/1/2024;856.76;1;user4139@mail.com;;;Australia
C4141;Kiran;Male;;;7/10/2025;29/10/2023;;;;;;India
C4142;Sneha;Male;;Mumbai;;;4963.94;10;user4141mail.com;;;UK
C4143;Pooja;Male;30;Hyderabad;19/7/2025;;2083.48;10;user4142@mail.com;967998653;0967998653;UK
C4144;Priya;Male;;Mumbai;;1/1/2026;4992.81;4;user4143@mail.com;974157349;0974157349;UK
C4145;Ankit;Male;;Delhi;5/9/2021;;;10;user4144mail.com;;;India
C4146;Sneha;Female;;Delhi;10/11/2020;25/3/2025;1594.18;;;944951895;0944951895;Australia
C4147;Rahul;Male;;Ahmedabad;;;;10;user4146@mail.com;;;
C4148;;Male;36;Kolkata;16/7/2022;;;10;user4147@mail.com;;;Australia
C4149;Kiran;Female;;Pune;22/8/2021;;;;;9958245248;9958245248;
;Amit;Male;;Chennai;;;;1;;;;Australia
C4151;Neha;Female;;Mumbai;;7/1/2022;4004.97;4;;;;India
C4152;Sneha;Male;;Pune;3/2/2024;;;1;;981839864;0981839864;USA
C4153;Amit;Female;;Delhi;;;;1;user4152@mail.com;;;India
C4154;Priya;Male;;Ahmedabad;;6/8/2020;;1;user4153mail.com;;;Australia
C4155;Neha;Male;;Hyderabad;18/1/2023;;3293.82;10;;;;USA
;Ankit;Male;;Mumbai;;;;3;;9931715;0009931715;UK
C4157;Ankit;Female;;Chennai;;;;10;;;;UK
C4158;Pooja;Male;;Bangalore;;14/11/2025;;;;;;USA
C4159;Priya;Female;;Kolkata;4/3/2024;;;1;;;;UK
;Neha;Female;36;Kolkata;;;2719.35;10;;;;USA
C4161;Amit;Female;62;Pune;;;;1;user4160@mail.com;;;
C4162;Priya;Female;54;Kolkata;1/4/2025;14/12/2020;;1;;9834562836;9834562836;USA
C4163;Priya;Male;;Ahmedabad;;;;10;user4162mail.com;;;Australia
C4164;Sneha;Female;;Bangalore;;;;1;;;;Australia
;Rahul;Female;;Mumbai;3/2/2021;25/1/2026;;10;;;;USA
C4166;Ankit;Female;18;Hyderabad;;;;4;;;;India
C4167;Rahul;Female;;;;9/9/2020;;1;;;;India
C4168;Ravi;Male;69;Ahmedabad;;;;4;;;;
C4169;Neha;Female;51;Mumbai;;25/9/2023;944.01;4;user4168@mail.com;9932867854;9932867854;Australia
C4170;Rahul;Male;;Mumbai;20/4/2022;;1351.23;1;;;;Canada
C4171;Ravi;Male;;Bangalore;9/5/2023;;;5;user4170@mail.com;;;
;Neha;Male;;Hyderabad;;1/3/2021;;;user4171@mail.com;;;USA
C4173;Rahul;Male;48;Kolkata;21/4/2023;;;10;user4172mail.com;9794351646;9794351646;
;;;;;;16/11/2020;;1;user4173@mail.com;9887937691;9887937691;
;Pooja;Female;;Ahmedabad;15/11/2022;;;10;;998137928;0998137928;
C4176;Neha;Female;61;Bangalore;22/4/2022;;;1;;96281656;0096281656;India
C4177;Simran;;;Chennai;;;2514.95;;;;;Canada
C4178;Amit;Female;52;Ahmedabad;;;;10;user4177mail.com;;;Australia
C4179;;Male;;Mumbai;;;;;user4178mail.com;;;USA
;Sneha;Male;;Chennai;13/9/2023;;4492.66;10;user4179@mail.com;936375787;0936375787;USA
C4181;Neha;;;Bangalore;18/2/2024;;;;user4180@mail.com;;;USA
C4182;;Female;;Pune;;;1813.99;10;;;;India
;Neha;Male;;Ahmedabad;;;;;user4182mail.com;;;India
C4184;Kiran;Male;;Hyderabad;;;;1;;;;Canada
C4185;Neha;Male;41;Chennai;;;;;;;;USA
C4186;;Female;;Delhi;;;;10;;;;
C4187;;;;Pune;17/6/2021;13/7/2024;;10;user4186@mail.com;;;Canada
C4188;Ravi;Female;;Ahmedabad;28/2/2025;;3811.94;1;user4187@mail.com;;;Australia
C4189;Rahul;Male;50;Hyderabad;25/12/2022;;;10;user4188@mail.com;;;Australia
;Rahul;Female;52;Pune;26/12/2023;9/12/2025;3855.25;3;;;;
C4191;Sneha;;56;;;23/7/2024;;2;;;;UK
C4192;Sneha;;;Mumbai;10/11/2024;7/8/2025;;4;user4191mail.com;;;India
C4193;Amit;Female;23;Pune;;8/1/2025;;1;;992482293;0992482293;UK
C4194;Simran;Female;;Mumbai;;;;1;;9298657489;9298657489;USA
;Kiran;;;Pune;12/9/2021;;4381.08;;user4194@mail.com;;;India
C4196;Rahul;Male;;Ahmedabad;;;;1;;;;UK
C4197;Rahul;Male;;Mumbai;;;;;;91798281;0091798281;USA
C4198;;Female;;;;;;;user4197mail.com;;;UK
;Ankit;Female;;Pune;1/3/2025;;4085.43;10;user4198@mail.com;9364196916;9364196916;UK
;Simran;Female;;Hyderabad;;;;10;;;;USA
C4201;Priya;Female;;Mumbai;5/2/2025;;;;user4200@mail.com;;;Canada
C4202;Ankit;;;Chennai;5/8/2023;;;10;user4201@mail.com;;;UK
C4203;Sneha;;;Mumbai;;;;1;user4202@mail.com;;;India
C4204;;Female;62;Kolkata;20/10/2020;;;1;user4203@mail.com;;;Australia
C4205;Ankit;;;Chennai;;20/12/2020;;10;;;;India
C4206;Neha;Male;38;Pune;10/7/2025;;;10;user4205mail.com;;;India
C4207;Ravi;Male;;Hyderabad;;;;10;;;;UK
C4208;;Male;;Pune;;;725.49;;;;;USA
C4209;Pooja;Female;64;Chennai;12/8/2023;;;4;;;;Canada
C4210;Ravi;;;Pune;;;;3;;;;India
;;Female;;Hyderabad;;;;10;user4210mail.com;;;USA
;Neha;;;Mumbai;;;;;user4211@mail.com;946159448;0946159448;USA
C4213;;Female;54;Hyderabad;;;;1;user4212mail.com;;;USA
C4214;Pooja;Male;58;;;22/10/2020;2203.12;1;;;;Australia
C4215;Rahul;;;;5/9/2021;;3940.26;;user4214@mail.com;;;USA
C4216;;;;;8/10/2021;23/12/2025;3318.35;10;user4215@mail.com;9383651992;9383651992;
;Rahul;Male;54;Chennai;;11/2/2022;;10;user4216mail.com;;;
;Sneha;Female;;Chennai;19/10/2024;;;;user4217@mail.com;;;India
;Rahul;Female;44;Pune;24/12/2023;;;;;97828;0000097828;India
;;Female;;Hyderabad;23/12/2024;;;;;;;UK
C4221;Kiran;;28;Ahmedabad;5/8/2023;;;;user4220@mail.com;952865267;0952865267;India
C4222;Amit;Female;;Bangalore;;;3928.62;;;;;UK
C4223;Simran;Female;45;Bangalore;9/2/2025;20/8/2021;;1;;;;UK
C4224;Priya;Female;;Delhi;;24/11/2024;;1;;;;
;Kiran;;;Delhi;14/3/2022;;;1;user4224@mail.com;;;Australia
C4226;Ravi;;;Mumbai;;;;;user4225@mail.com;;;Canada
C4227;Neha;;;Mumbai;;28/3/2022;;1;;;;Canada
;Ankit;Male;;Bangalore;;;1974.79;1;;;;
;Rahul;Male;;Bangalore;28/6/2021;;4237.4;10;user4228@mail.com;943242656;0943242656;
;;Female;;Pune;;;;2;user4229@mail.com;;;India
C4231;;;;Mumbai;;8/12/2020;;;;9635538772;9635538772;
C4232;Sneha;Male;;Mumbai;;31/10/2024;;1;;978895579;0978895579;Canada
C4233;Simran;Male;;Kolkata;27/8/2023;;;;;;;UK
;;;;;;;;3;;933673762;0933673762;
C4235;Sneha;Male;;Delhi;3/12/2024;;;4;;9539876;0009539876;
C4236;Priya;Female;;Chennai;;;1778.46;;user4235mail.com;;;India
;Pooja;Female;;Hyderabad;13/9/2024;;;;user4236@mail.com;;;UK
C4238;;Male;47;;3/10/2024;;771.76;;;;;India
C4239;Pooja;Male;;Ahmedabad;;27/9/2021;;;;;;UK
C4240;Sneha;Female;;Bangalore;;20/1/2025;502.23;1;;;;
C4241;Sneha;Male;;Pune;;;;10;;;;Canada
C4242;Amit;Male;;Ahmedabad;;30/11/2023;;10;;94263678;0094263678;UK
C4243;Kiran;Male;;Delhi;7/5/2024;;;1;;;;USA
C4244;Kiran;Female;40;Pune;12/7/2024;;;1;user4243mail.com;922141934;0922141934;India
C4245;Kiran;Female;;Bangalore;1/11/2023;;;10;user4244mail.com;;;India
;Rahul;Female;52;Mumbai;;;;1;;9674931879;9674931879;Australia
C4247;Kiran;;;Pune;13/9/2025;;3322.86;3;;979717958;0979717958;Canada
;Ravi;Male;;;;11/1/2024;;4;user4247@mail.com;;;
;;Male;57;;23/6/2024;;;1;user4248@mail.com;;;India
C4250;Rahul;;;Kolkata;21/2/2025;;;1;user4249@mail.com;;;UK
C4251;Kiran;Male;;Delhi;29/2/2024;;;10;user4250mail.com;959378873;0959378873;Australia
C4252;Kiran;Female;;Ahmedabad;30/10/2023;;;1;user4251@mail.com;9195721761;9195721761;Australia
C4253;;Female;;Delhi;14/12/2025;8/12/2024;;;user4252@mail.com;;;USA
C4254;Ankit;Male;;Ahmedabad;21/10/2020;;259.64;10;user4253mail.com;;;Canada
C4255;Amit;;;Mumbai;;12/1/2021;;10;;;;Australia
;Rahul;Male;;Hyderabad;;23/6/2023;56.38;;;;;
C4257;Pooja;Female;29;Hyderabad;6/11/2025;;;10;;;;Australia
C4258;Ankit;Female;;Delhi;;;;3;user4257mail.com;;;India
C4259;Rahul;;;Kolkata;26/6/2025;;;2;user4258@mail.com;;;UK
C4260;Pooja;Male;;Hyderabad;;;;;;;;USA
C4261;Neha;Male;64;Hyderabad;;;;2;user4260mail.com;;;UK
C4262;Rahul;Female;;;;15/6/2021;1142.35;10;;947896847;0947896847;UK
;;;26;Kolkata;;;;1;;9799147536;9799147536;Canada
C4264;Simran;;38;;;;2619.39;;;;;UK
C4265;;;;Hyderabad;9/2/2022;;;1;user4264mail.com;;;Canada
;Ankit;Male;;Pune;23/4/2021;;;10;user4265@mail.com;;;
;Sneha;;;Hyderabad;;21/7/2022;;4;;;;UK
C4268;Simran;;;Mumbai;26/12/2025;19/5/2022;;4;;;;India
C4269;Pooja;Male;;;26/4/2021;;4153.44;;user4268mail.com;988984817;0988984817;
C4270;;Female;;Ahmedabad;3/11/2025;;;10;;;;Canada
C4271;Sneha;Male;65;Ahmedabad;6/11/2024;24/4/2023;;1;user4270mail.com;9458383729;9458383729;UK
C4272;Amit;Female;;;2/8/2025;;;10;user4271mail.com;;;UK
C4273;Priya;Female;;Kolkata;2/11/2020;;;1;user4272@mail.com;9394841177;9394841177;Canada
;Amit;Female;;Delhi;;;;10;user4273mail.com;;;India
C4275;Rahul;;;Mumbai;21/2/2023;;;4;;9714471851;9714471851;
C4276;Simran;Female;;;22/4/2025;9/11/2025;1397.82;3;;954686623;0954686623;
C4277;;Female;;Kolkata;;;927.7;5;;;;Canada
C4278;Sneha;Female;;Ahmedabad;;;;;;98483229;0098483229;Canada
;Ankit;Male;;Bangalore;;;;2;;94314274;0094314274;India
C4280;Kiran;Female;;Kolkata;;9/7/2023;;;;;;USA
C4281;Sneha;Female;51;Pune;14/9/2021;;;2;user4280mail.com;;;USA
C4282;Simran;Male;;Pune;30/4/2023;;;1;;;;India
C4283;Simran;Male;;Mumbai;;27/12/2020;;;user4282@mail.com;;;Canada
C4284;Kiran;Male;;Pune;23/5/2024;22/7/2022;;;user4283mail.com;961361892;0961361892;Canada
C4285;Simran;Female;;Pune;30/4/2022;;4798.43;10;;;;UK
C4286;Simran;Male;;Kolkata;;14/12/2024;2396.2;5;user4285mail.com;9654432991;9654432991;India
C4287;Kiran;Male;;Bangalore;;24/12/2020;;1;;;;USA
C4288;Rahul;;59;Hyderabad;21/10/2022;;;;;;;USA
C4289;Simran;Male;28;Chennai;;;3984.15;;user4288mail.com;;;USA
C4290;Rahul;;;Pune;;;4173.27;1;user4289mail.com;9634762793;9634762793;Canada
C4291;;Female;;Mumbai;24/4/2021;;;;;;;
C4292;;Male;;Bangalore;10/10/2020;;1534.65;;user4291@mail.com;;;Canada
C4293;;Female;;;30/12/2020;;;;user4292mail.com;;;Canada
;Kiran;Male;51;Bangalore;27/11/2025;;4772.31;1;;;;India
C4295;Priya;;38;Bangalore;24/9/2025;3/5/2025;1074.63;4;user4294@mail.com;;;Australia
;Simran;Male;;Ahmedabad;12/3/2022;;;3;user4295@mail.com;;;UK
C4297;Kiran;;;Bangalore;25/10/2023;21/5/2024;;2;;;;
C4298;Rahul;Male;;Hyderabad;;;;3;;9426152954;9426152954;USA
C4299;Amit;;;Pune;4/12/2025;;;4;user4298@mail.com;9164476;0009164476;Canada
C4300;Kiran;Female;;Delhi;;;;;;;;Australia
;Sneha;Male;55;Mumbai;;;;;user4300@mail.com;9129158659;9129158659;Canada
C4302;Sneha;Male;49;Delhi;;;;10;user4301mail.com;975926436;0975926436;Australia
C4303;Neha;;;Hyderabad;;;;1;user4302mail.com;;;USA
;Amit;;49;Bangalore;;;;1;user4303@mail.com;;;Canada
C4305;Priya;Male;;Pune;;27/2/2023;3680.6;10;user4304@mail.com;;;
C4306;Kiran;Female;;Pune;;;;10;;;;India
;Ravi;Female;;Pune;20/6/2023;;3630.5;1;;;;Australia
C4308;Priya;;;Delhi;8/10/2022;;767.81;5;;;;UK
C4309;Kiran;;;Chennai;;23/12/2025;2887.84;10;user4308@mail.com;;;UK
C4310;Rahul;Male;;Chennai;;;;1;;;;Canada
C4311;Ankit;Male;;Hyderabad;;;;2;user4310mail.com;;;Canada
C4312;Kiran;Male;;;5/10/2021;30/9/2020;;2;;;;UK
;Rahul;Female;;Bangalore;;9/6/2021;;;user4312mail.com;;;UK
;Rahul;Female;32;Mumbai;;;;5;;933331533;0933331533;
C4315;Pooja;Female;25;Ahmedabad;2/11/2024;14/12/2025;2957.01;3;user4314@mail.com;;;Australia
C4316;Amit;Female;;Delhi;3/10/2025;;1924.45;;;9723875131;9723875131;UK
C4317;Sneha;Male;;Bangalore;;;;;;;;USA
;Sneha;Male;;Kolkata;1/3/2021;;;10;;9363872697;9363872697;Canada
C4319;Neha;Female;;;;;;1;;9557762;0009557762;Australia
C4320;Amit;Female;;Delhi;29/2/2024;5/7/2021;;;;;;
C4321;Ravi;Male;;Delhi;;;;3;;;;
C4322;Sneha;Male;;Delhi;;;;4;user4321mail.com;9829347299;9829347299;USA
C4323;Pooja;Female;27;Bangalore;;;;10;;;;UK
C4324;Neha;Male;;Mumbai;;;;5;user4323mail.com;9873636983;9873636983;USA
C4325;Priya;;;Delhi;;14/3/2023;4689.94;1;;;;Australia
C4326;Sneha;Male;;Mumbai;;;116.78;3;user4325mail.com;918165435;0918165435;Australia
C4327;Ravi;Male;;Kolkata;25/3/2021;;;;user4326@mail.com;;;USA
C4328;Simran;Male;;Delhi;;;;5;user4327@mail.com;;;USA
C4329;Rahul;Female;;Delhi;3/2/2024;;;1;user4328@mail.com;98145273;0098145273;Canada
;Rahul;Male;;;;;;10;user4329@mail.com;;;
C4331;Simran;;43;Delhi;24/6/2025;7/10/2022;893.63;1;;9265797363;9265797363;
;Amit;;;Ahmedabad;;;;2;user4331@mail.com;;;Canada
C4333;;Male;;Kolkata;;;;;user4332@mail.com;;;India
C4334;Priya;Female;;Kolkata;2/10/2021;;;5;user4333@mail.com;9377124863;9377124863;India
C4335;Simran;Male;58;Delhi;3/3/2021;25/5/2023;;10;user4334mail.com;91754132;0091754132;UK
C4336;Rahul;;;Bangalore;17/8/2024;;;;user4335@mail.com;;;Canada
;Kiran;Female;32;Delhi;16/7/2025;24/9/2025;;2;user4336mail.com;;;
C4338;Sneha;Female;;Delhi;;;;;;9458355922;9458355922;USA
C4339;Simran;Female;42;Hyderabad;14/2/2024;24/9/2023;;;user4338@mail.com;;;Canada
C4340;Ankit;Female;;Chennai;;;;1;user4339mail.com;;;UK
C4341;;Female;;Mumbai;;9/1/2022;;10;user4340@mail.com;;;Canada
C4342;Ankit;Male;;Chennai;;28/10/2021;;;;;;UK
;Rahul;Male;;;23/11/2025;13/8/2021;;;;933957675;0933957675;
C4344;;Female;;Ahmedabad;;;1010;10;user4343@mail.com;9787949625;9787949625;India
C4345;;Male;;Delhi;15/2/2024;;3115.01;10;;;;Canada
C4346;;Male;;Chennai;;21/3/2025;;1;;;;USA
;;;69;Mumbai;15/12/2021;;4560.51;2;user4346@mail.com;9644413655;9644413655;Australia
C4348;;Female;;Kolkata;28/3/2022;;;4;;;;Australia
C4349;Neha;Male;;Pune;;1/9/2023;;;;;;USA
C4350;;Male;;Chennai;;11/4/2023;;1;;9574437789;9574437789;Canada
C4351;Ravi;;;Hyderabad;;;;10;user4350@mail.com;;;
C4352;Simran;Male;32;Ahmedabad;30/5/2021;4/10/2021;;1;user4351mail.com;;;UK
C4353;Priya;;;Hyderabad;17/12/2024;18/10/2022;;10;;;;
C4354;Sneha;;;Chennai;24/9/2022;;;;user4353mail.com;;;India
C4355;Ankit;Male;;Bangalore;;23/3/2023;;;user4354mail.com;;;UK
;Sneha;Male;65;Delhi;5/12/2020;;791.43;1;;;;Australia
C4357;;Male;;Pune;;23/10/2020;;;;;;USA
;Kiran;Male;;Delhi;;;4905.82;10;;;;UK
;Kiran;Female;;Hyderabad;;5/3/2025;;1;user4358mail.com;;;
;;Female;45;Mumbai;30/6/2021;14/10/2022;;10;user4359mail.com;919519262;0919519262;Australia
;Pooja;Male;35;Kolkata;;11/11/2022;;3;user4360@mail.com;;;India
;Ankit;Male;;Mumbai;;;2857.17;1;user4361@mail.com;;;Australia
C4363;Sneha;Male;43;Kolkata;;;753.53;4;;9196726463;9196726463;
C4364;Amit;;;Ahmedabad;29/7/2021;;1284.14;1;user4363@mail.com;;;
C4365;Sneha;;;Delhi;18/7/2025;;3197.28;10;;;;India
C4366;Rahul;Female;;Kolkata;11/12/2020;;;;;9932275814;9932275814;UK
C4367;Ravi;;39;Mumbai;19/12/2022;;;;;9865734761;9865734761;India
C4368;Kiran;Female;;Hyderabad;17/2/2024;17/10/2020;;;user4367@mail.com;959921888;0959921888;Canada
C4369;Pooja;;;Mumbai;;;;2;;;;
;Priya;;;Pune;21/7/2025;;;;;;;
C4371;Sneha;Female;;;;;;3;;;;UK
;Ravi;Male;;;3/1/2022;;;;;;;Australia
C4373;Amit;Female;;Mumbai;11/5/2022;;;;;;;UK
C4374;Rahul;;;Chennai;;;;5;user4373@mail.com;;;Canada
;Priya;Female;;Delhi;25/3/2025;14/3/2022;;1;user4374@mail.com;;;Canada
C4376;Amit;Male;;Ahmedabad;23/4/2023;;;;user4375@mail.com;942146979;0942146979;UK
;Sneha;Female;;Ahmedabad;3/3/2023;;;;;;;Canada
C4378;Ravi;Male;63;Kolkata;;;;2;user4377mail.com;;;Australia
C4379;Amit;Female;;Delhi;;;;1;user4378@mail.com;9965567724;9965567724;UK
C4380;Sneha;;62;;25/12/2020;;177.66;10;user4379@mail.com;;;
;Pooja;Male;33;Hyderabad;27/2/2022;;;;;993747124;0993747124;Canada
C4382;Simran;Female;;Ahmedabad;25/6/2021;20/8/2024;;10;user4381@mail.com;979944615;0979944615;
;Priya;;;Mumbai;;;;;user4382@mail.com;;;Australia
C4384;Neha;Male;;Ahmedabad;;;;1;;948396766;0948396766;UK
C4385;Sneha;Male;;Mumbai;;23/6/2025;;1;user4384@mail.com;958219386;0958219386;Australia
;Neha;Male;;Delhi;18/10/2024;;1426.77;2;user4385mail.com;9165112462;9165112462;
;;Female;;Delhi;2/4/2024;;;10;user4386@mail.com;;;Australia
C4388;;Female;66;;;;4052.55;10;;;;Australia
C4389;Rahul;;;Hyderabad;30/9/2022;29/5/2025;1747.69;;user4388mail.com;;;Canada
C4390;Pooja;Male;;Delhi;29/10/2023;7/3/2024;;5;;;;UK
C4391;Neha;Male;63;Mumbai;;;;1;user4390@mail.com;954411894;0954411894;India
C4392;Ankit;;;Delhi;12/8/2023;;3082.17;4;;;;
C4393;Neha;Male;;Delhi;27/9/2024;;4630.51;10;;9213278656;9213278656;India
C4394;Simran;Male;;Pune;;;;1;;9983529127;9983529127;Canada
;Ravi;Female;;Delhi;;;;3;user4394@mail.com;;;
C4396;Ravi;Male;;Chennai;;13/12/2022;;10;user4395mail.com;;;USA
C4397;Kiran;Male;;;;;979.5;;user4396@mail.com;963556333;0963556333;USA
;Rahul;Male;30;Bangalore;;;;1;;;;Australia
;;Female;;Chennai;;18/1/2024;;1;;;;India
C4400;Priya;;;Bangalore;31/3/2023;;2638.95;1;;;;UK
C4401;;Male;;;5/11/2021;22/6/2023;;;user4400mail.com;;;
C4402;;Male;;;;;;10;user4401@mail.com;;;
C4403;Rahul;Male;;Pune;;11/4/2024;;;;;;Canada
C4404;Sneha;Male;;;;15/9/2021;;;;;;UK
;Amit;Female;;Kolkata;5/6/2022;;;1;user4404mail.com;;;USA
C4406;Amit;Male;52;Delhi;1/5/2024;;157.64;10;;9633665122;9633665122;
;Priya;Female;49;Kolkata;12/10/2025;25/5/2022;;1;user4406@mail.com;;;USA
C4408;Amit;Male;60;Kolkata;;;;2;user4407mail.com;;;UK
C4409;Simran;Female;;Mumbai;;;2239.97;1;user4408@mail.com;9253463828;9253463828;
;;Female;;Chennai;10/1/2026;6/2/2023;;;user4409@mail.com;;;USA
C4411;Pooja;Male;45;Ahmedabad;;27/5/2021;;10;;;;UK
C4412;Sneha;Male;;Pune;;;3375.26;1;user4411mail.com;9378662993;9378662993;USA
C4413;;Male;;Pune;15/1/2021;;;10;user4412@mail.com;953876865;0953876865;India
C4414;Simran;;;Chennai;23/1/2024;;;1;user4413@mail.com;;;India
C4415;Pooja;;;;13/7/2024;;;;;;;Australia
C4416;;;;Bangalore;;;1757.23;1;user4415mail.com;9926945313;9926945313;Canada
C4417;Ravi;;52;Chennai;28/5/2025;3/4/2024;;10;user4416mail.com;;;
C4418;;Female;;Chennai;1/2/2021;18/8/2025;;;;996669525;0996669525;Canada
C4419;;Male;;Delhi;;26/8/2022;;1;;9994254985;9994254985;USA
C4420;Ankit;Male;43;Kolkata;7/12/2022;;1916.88;1;;;;
C4421;Neha;Female;;Chennai;;;;;;94298814;0094298814;India
;Neha;Male;;;;14/9/2025;907.41;;user4421@mail.com;935278887;0935278887;Australia
C4423;Neha;Male;;Bangalore;10/5/2025;;;;;;;Canada
C4424;Kiran;Female;;;1/10/2024;;;;;94643313;0094643313;India
C4425;;Female;60;Chennai;16/3/2024;;;10;user4424mail.com;;;
C4426;Amit;Female;;Ahmedabad;22/10/2021;10/10/2025;;3;;9361616186;9361616186;
C4427;;;;Bangalore;;;;10;;;;India
;Sneha;Male;;Bangalore;;;;1;user4427mail.com;;;India
C4429;Sneha;Male;;;;;3375.38;10;;;;Canada
C4430;Priya;Female;;Ahmedabad;;;;;user4429@mail.com;994888153;0994888153;
C4431;Sneha;Female;;;;;;5;;;;India
C4432;Kiran;Male;;Pune;16/10/2024;;;4;;;;India
;Pooja;;70;Delhi;;26/12/2022;;;;;;Canada
;;;;Hyderabad;13/8/2020;;3045.72;10;;;;Australia
;Ankit;Male;;Ahmedabad;12/12/2021;23/4/2022;;10;;;;India
C4436;Pooja;;;Bangalore;;;;;user4435@mail.com;984614134;0984614134;
C4437;Neha;;44;Kolkata;30/9/2022;;;;user4436@mail.com;977796149;0977796149;Australia
C4438;Ravi;Male;;Hyderabad;29/1/2021;;;10;;;;India
;Priya;;;Delhi;;3/10/2021;;3;user4438mail.com;;;Australia
C4440;Neha;Female;;Pune;;30/12/2021;3686.94;10;user4439mail.com;;;India
;Simran;Female;60;Hyderabad;4/12/2025;;2543.57;10;;;;
C4442;Pooja;;50;Hyderabad;;;;1;user4441mail.com;;;Australia
C4443;Kiran;Female;53;Bangalore;;;;10;;;;USA
C4444;Rahul;Female;;Mumbai;;;;1;;;;Australia
C4445;Simran;Male;;Ahmedabad;5/11/2021;;;10;;;;UK
C4446;Rahul;Female;;Ahmedabad;;4/4/2022;;;;;;India
C4447;;Female;22;Kolkata;;;;5;;;;UK
C4448;;Male;;;;;;1;user4447@mail.com;;;UK
C4449;Ravi;Male;;Pune;;14/12/2025;;2;user4448@mail.com;;;
C4450;Simran;Male;;Delhi;;18/3/2023;;1;;;;Australia
C4451;;Male;;Hyderabad;;29/7/2025;298.19;;;986466996;0986466996;Canada
;Kiran;Male;;Pune;26/1/2022;;;1;;;;Australia
;Neha;Male;;Pune;;10/11/2025;;3;user4452@mail.com;;;Canada
C4454;;Male;;Kolkata;15/7/2021;;;;;976424889;0976424889;Australia
C4455;Priya;Female;;Ahmedabad;;;;10;user4454@mail.com;;;Australia
C4456;;Female;;Hyderabad;;17/8/2024;;3;user4455mail.com;;;Australia
C4457;Pooja;Male;;Hyderabad;12/12/2020;17/1/2025;;10;user4456mail.com;9125843146;9125843146;Australia
;Simran;;;Pune;25/10/2021;8/9/2025;266.81;10;user4457@mail.com;;;UK
C4459;Amit;Female;;Pune;6/3/2023;3/7/2023;3255.83;10;;;;UK
C4460;Kiran;Female;;Mumbai;;29/5/2023;;;user4459mail.com;;;Australia
C4461;Simran;;;Chennai;3/9/2020;6/10/2025;;10;user4460mail.com;9179163299;9179163299;USA
C4462;;Male;;;2/6/2023;;;;user4461mail.com;9115439;0009115439;Canada
C4463;;Female;;Hyderabad;;;;;;;;Canada
;Ankit;;;Delhi;25/7/2023;;;;user4463@mail.com;;;Australia
C4465;Sneha;Male;;;11/3/2021;;1340.16;10;;958333174;0958333174;USA
C4466;Priya;;60;Bangalore;29/6/2025;26/9/2020;;1;;9196671762;9196671762;USA
;Amit;Male;22;;;;1694.78;;;;;Canada
C4468;Pooja;Male;;Ahmedabad;7/2/2024;;;;;;;USA
C4469;Neha;;;Pune;10/9/2021;15/8/2025;3812.67;1;user4468@mail.com;;;UK
C4470;Simran;Female;;Ahmedabad;31/12/2024;;;1;;;;UK
C4471;;;;Ahmedabad;;29/6/2024;;10;user4470@mail.com;;;Canada
C4472;Sneha;;;Ahmedabad;;;;5;user4471@mail.com;9182883845;9182883845;Canada
C4473;Sneha;;;Hyderabad;;21/12/2021;;4;;;;Australia
C4474;Ankit;Male;37;Pune;;24/11/2022;805.15;1;;;;UK
;Sneha;Male;57;Pune;28/11/2020;2/3/2023;;10;;;;Australia
C4476;;Female;;Bangalore;9/9/2022;5/12/2020;;1;user4475@mail.com;;;Australia
;;;;;15/12/2023;;3230.6;3;;9282646599;9282646599;Australia
C4478;;Female;41;Pune;;24/1/2022;3978.48;1;user4477mail.com;9167575794;9167575794;USA
C4479;Pooja;Male;;Chennai;;;;1;;;;
C4480;Ankit;;;Chennai;;31/5/2022;;10;user4479@mail.com;;;India
C4481;Sneha;Female;;Kolkata;2/8/2024;;;1;user4480@mail.com;;;USA
C4482;Simran;Male;;Ahmedabad;;5/12/2023;;;;;;Australia
C4483;Priya;;;;2/10/2025;19/1/2023;;10;;;;USA
C4484;;Female;;Kolkata;18/11/2024;;;1;;9232931755;9232931755;UK
;Ankit;;;Ahmedabad;;;;1;user4484@mail.com;;;UK
C4486;Sneha;;41;Kolkata;;;;2;user4485mail.com;954537655;0954537655;Australia
C4487;Ankit;Male;34;;;;;1;;;;India
;Kiran;Female;;;6/9/2024;;;;;;;
C4489;Priya;;;Bangalore;;;;1;;925863451;0925863451;
C4490;Priya;Female;;Delhi;30/5/2023;27/1/2023;358.25;;;;;India
C4491;Neha;;31;Bangalore;21/5/2023;;;1;user4490@mail.com;;;USA
;Ravi;Male;;Bangalore;9/10/2020;;1974.46;;user4491@mail.com;9375265;0009375265;Australia
C4493;Amit;Female;;Mumbai;;;1236.03;1;;;;India
C4494;Sneha;Female;;Delhi;;1/7/2023;1975.94;10;user4493@mail.com;;;Australia
C4495;;Female;;Pune;24/4/2024;;2803.72;1;;;;USA
C4496;Ravi;Male;;Ahmedabad;29/5/2023;;;1;;;;
;Simran;Female;;Chennai;1/5/2022;31/8/2020;;3;;9778451262;9778451262;Australia
C4498;;Female;;Hyderabad;;24/2/2022;;1;user4497@mail.com;;;Canada
C4499;Rahul;Male;;Mumbai;12/7/2021;15/10/2023;;1;user4498mail.com;;;Australia
C4500;;Male;;Ahmedabad;;;;;;;;Australia
C4501;Neha;;;Kolkata;20/3/2023;;65.27;;user4500mail.com;;;Australia
;;Male;66;Ahmedabad;1/4/2024;;;1;user4501@mail.com;;;Canada
C4503;Neha;Female;;Mumbai;22/1/2026;;4384.25;;user4502@mail.com;;;
C4504;Ravi;Male;;Hyderabad;11/4/2024;9/1/2025;;1;;;;UK
C4505;;;;Mumbai;;25/10/2021;3438.52;10;user4504mail.com;;;Canada
C4506;Amit;Female;;Ahmedabad;14/7/2021;4/10/2020;2683.12;;user4505mail.com;996619446;0996619446;
C4507;Priya;;;Bangalore;;;312;3;user4506@mail.com;9138169;0009138169;
C4508;Rahul;Female;23;Bangalore;4/12/2022;;;;user4507@mail.com;;;India
C4509;Kiran;Female;;Delhi;7/9/2022;;;;;;;Canada
C4510;Sneha;Female;;Ahmedabad;;;;1;;;;Canada
C4511;;Male;63;Kolkata;26/5/2021;;;1;user4510@mail.com;9496167111;9496167111;UK
C4512;Rahul;;;;4/11/2020;;;10;;9854577762;9854577762;Canada
C4513;Rahul;;;Pune;22/4/2021;;;;user4512mail.com;;;India
C4514;;Male;;Mumbai;;5/9/2025;;2;;;;UK
;Ravi;;;Ahmedabad;21/5/2025;;;1;user4514mail.com;977656745;0977656745;UK
C4516;Rahul;;;;;;3128.03;;user4515mail.com;9876448779;9876448779;
C4517;;Female;45;Kolkata;11/6/2023;;;1;user4516mail.com;;;
C4518;Ankit;Male;;Ahmedabad;;;;2;user4517mail.com;;;
C4519;Amit;Female;;Chennai;11/1/2025;;;;user4518@mail.com;9968669287;9968669287;India
;Rahul;Male;;Mumbai;;;;3;;962525655;0962525655;USA
C4521;Amit;;;Hyderabad;;17/12/2025;;4;user4520@mail.com;;;
C4522;;Female;;Hyderabad;;;;1;user4521mail.com;;;
C4523;Priya;Female;52;Bangalore;19/3/2021;;;4;user4522@mail.com;;;Australia
C4524;Amit;Female;;Ahmedabad;;;;1;user4523@mail.com;;;India
C4525;Neha;;;Hyderabad;;;;10;;;;India
C4526;Rahul;;;Bangalore;16/11/2022;;;3;user4525@mail.com;;;India
C4527;Neha;Female;;Bangalore;2/7/2025;;;1;user4526@mail.com;;;Australia
;;;;Hyderabad;;;;;;;;UK
;Neha;;;Kolkata;14/12/2024;;;1;;;;USA
C4530;;Female;32;Pune;;;;2;user4529mail.com;95421664;0095421664;UK
C4531;Ankit;Male;;Kolkata;;;;1;;;;Australia
C4532;Sneha;;;Hyderabad;;15/6/2023;;5;user4531mail.com;;;USA
C4533;Neha;Male;66;Hyderabad;;;58.14;1;;;;Australia
C4534;Neha;;;Mumbai;30/10/2022;;;;;;;UK
C4535;Ravi;Female;66;Delhi;16/9/2024;;;1;;969677447;0969677447;
;Neha;;;Delhi;;5/4/2023;3162.3;1;;929932677;0929932677;India
C4537;Ravi;;;Pune;21/12/2021;;;1;;;;Canada
;Pooja;Male;;Delhi;11/9/2020;3/5/2021;;1;;;;UK
C4539;Kiran;;;;29/3/2024;;;1;user4538mail.com;;;
;Ravi;Male;54;Hyderabad;1/12/2024;;;;;945267217;0945267217;Canada
;;Male;;;;;;10;user4540@mail.com;;;USA
C4542;Ankit;Male;;;24/12/2021;;;1;user4541@mail.com;9139743549;9139743549;
C4543;Kiran;Female;;Delhi;;;;10;user4542@mail.com;;;USA
C4544;Ravi;Female;;Ahmedabad;;;;;user4543mail.com;;;India
;Priya;;;Delhi;;;;1;user4544mail.com;;;Canada
C4546;Pooja;Female;;;24/4/2022;;;1;user4545@mail.com;;;UK
;;Female;44;Kolkata;;9/6/2021;1376.82;10;;;;
C4548;Kiran;Male;;Ahmedabad;11/2/2023;;;;user4547@mail.com;969136512;0969136512;
C4549;;Female;59;Hyderabad;;;;10;;;;UK
C4550;Ankit;Male;;Pune;;;;3;;925816497;0925816497;USA
C4551;Simran;Male;;Kolkata;22/6/2023;;;10;user4550mail.com;9195272549;9195272549;
;Amit;;;Chennai;6/6/2025;;;1;;;;Australia
C4553;Rahul;;;Pune;25/4/2021;;;10;;;;India
C4554;Ankit;Female;67;Pune;;;1163.28;;;;;USA
C4555;Kiran;Female;;Ahmedabad;2/12/2020;;;;user4554mail.com;;;USA
;Neha;Female;23;;19/5/2024;11/12/2020;;1;user4555mail.com;;;India
C4557;Ankit;Female;45;Kolkata;;;;;;;;Australia
;Simran;;65;Chennai;;15/3/2024;;10;;;;Australia
C4559;;Male;;Ahmedabad;6/2/2022;;;10;;;;
C4560;;Male;62;Delhi;1/2/2025;28/7/2025;;1;user4559mail.com;;;
C4561;Pooja;Male;;Delhi;28/8/2025;11/2/2023;;;user4560mail.com;9963291939;9963291939;Canada
C4562;;Male;;Delhi;23/2/2025;;;10;;;;
C4563;Priya;;;Delhi;10/9/2021;;;5;user4562@mail.com;;;Australia
;Ankit;Female;;Ahmedabad;7/9/2024;;3176.61;;user4563mail.com;;;Australia
C4565;Pooja;Female;;Ahmedabad;;;;;;;;Australia
C4566;;;28;Pune;;;;1;user4565@mail.com;;;Australia
C4567;Pooja;;61;Kolkata;13/11/2020;;;1;user4566mail.com;;;USA
C4568;Pooja;Female;;Delhi;;;;10;;;;
C4569;;;;;;;4374.25;;;;;
C4570;Rahul;;;Pune;;11/9/2020;;10;user4569mail.com;;;Australia
C4571;;Male;;Ahmedabad;5/4/2023;31/10/2021;;;user4570@mail.com;;;Australia
C4572;Priya;Female;33;Bangalore;;;;1;;;;Canada
;Rahul;Female;;Kolkata;;15/7/2025;;1;;96935333;0096935333;India
C4574;Simran;Male;;Mumbai;30/9/2023;;;10;user4573mail.com;9491698685;9491698685;
C4575;Rahul;Male;39;Delhi;;10/7/2024;;;user4574@mail.com;;;India
;Kiran;Female;38;;11/11/2021;;;1;user4575@mail.com;;;USA
C4577;Rahul;Female;69;Pune;26/1/2023;;;10;user4576mail.com;;;UK
C4578;;;;Delhi;24/4/2024;;4735.15;;user4577mail.com;;;India
;Simran;Male;29;Mumbai;29/9/2022;;87.42;;user4578mail.com;974752558;0974752558;Australia
;Ravi;Male;;Bangalore;;;;5;user4579@mail.com;;;USA
C4581;Pooja;Female;;Chennai;18/2/2024;;;1;;;;UK
C4582;Pooja;Female;;Pune;;;462.5;5;;;;
C4583;Pooja;;;Pune;19/3/2022;28/8/2024;;4;;;;India
;Pooja;;;Hyderabad;9/12/2021;;;3;user4583mail.com;;;Australia
C4585;Sneha;Female;59;Delhi;30/9/2021;1/6/2021;;1;;947341879;0947341879;
C4586;Neha;Male;;Mumbai;;;;;user4585mail.com;;;
C4587;Pooja;Male;67;Pune;19/5/2023;;;10;;9973247446;9973247446;UK
;;Female;;Chennai;;;;;user4587mail.com;9649782646;9649782646;Canada
C4589;Kiran;Male;;Mumbai;;;;;;;;Australia
C4590;Simran;Female;46;Ahmedabad;;;;10;;;;Australia
C4591;Ravi;;28;Chennai;;20/6/2023;;10;user4590mail.com;;;India
C4592;Priya;Male;;;;;;;user4591@mail.com;;;UK
C4593;Neha;Male;59;;11/11/2023;;;3;;;;USA
C4594;Neha;Male;60;;18/4/2022;;;;user4593@mail.com;;;UK
C4595;Priya;;63;Mumbai;;;4377.7;;user4594@mail.com;;;Canada
C4596;Amit;Female;;Pune;28/1/2021;;3830.83;1;;;;USA
C4597;Sneha;Male;;Chennai;;;;5;;;;India
C4598;Priya;Male;;Pune;15/4/2024;;;1;user4597@mail.com;;;Canada
;;Female;;Hyderabad;;;;;;;;UK
C4600;Priya;Male;;Pune;3/10/2021;;;1;user4599mail.com;;;Canada
C4601;Sneha;;;Bangalore;19/6/2024;5/8/2021;;1;user4600mail.com;;;UK
C4602;Neha;Male;;Pune;29/3/2021;;;10;;;;Canada
;Simran;Female;;Kolkata;;9/12/2020;;10;;934365326;0934365326;Canada
C4604;Ankit;Female;;Hyderabad;8/1/2026;;;1;;;;India
C4605;;Male;;Kolkata;;12/4/2025;;;user4604@mail.com;;;USA
C4606;Neha;Female;;Pune;;;;5;user4605mail.com;;;USA
C4607;Ankit;Female;;Delhi;26/8/2024;;;1;user4606mail.com;;;USA
C4608;Ankit;Male;;Chennai;1/4/2023;26/10/2021;3021;1;user4607@mail.com;9545926313;9545926313;UK
C4609;Kiran;Female;;Bangalore;15/4/2024;;;1;user4608@mail.com;;;
C4610;Sneha;;52;Delhi;13/11/2023;;;10;;;;
C4611;Ravi;;59;Kolkata;4/3/2021;;4351.72;10;;;;USA
C4612;;Male;;Chennai;20/12/2024;;592.92;;;9832685178;9832685178;USA
C4613;Ankit;Male;38;Bangalore;4/4/2023;;;10;user4612mail.com;;;
C4614;Simran;;;Bangalore;;;961.52;1;user4613@mail.com;;;
C4615;Sneha;Female;;Chennai;6/11/2023;26/6/2023;;10;user4614mail.com;;;India
C4616;Sneha;Female;;;22/3/2025;23/11/2022;4351.37;;user4615mail.com;;;Canada
C4617;Sneha;Female;23;Mumbai;;;;10;user4616@mail.com;;;India
C4618;Ankit;Female;;Bangalore;;;;1;user4617@mail.com;;;USA
C4619;Sneha;;;Chennai;;;;;;;;Australia
C4620;Simran;Male;45;Ahmedabad;4/9/2020;;3125.45;1;user4619mail.com;;;Canada
C4621;Simran;;;Delhi;5/1/2021;;;;;965234171;0965234171;India
C4622;Ankit;;;Kolkata;3/9/2023;;;10;user4621@mail.com;;;UK
C4623;Rahul;Female;;Bangalore;;;;;;;;UK
C4624;Kiran;;35;Mumbai;15/12/2020;;;;user4623mail.com;;;Canada
C4625;;Male;;Hyderabad;;;3045.64;1;;;;India
;Kiran;Female;35;Pune;22/11/2022;2/2/2021;;4;user4625@mail.com;;;India
C4627;Rahul;Female;;Chennai;14/5/2023;23/10/2022;4039.16;4;user4626@mail.com;;;Australia
C4628;Priya;Male;;;;22/6/2021;;1;user4627@mail.com;;;Australia
;Simran;Male;29;Bangalore;;22/3/2021;;10;;;;
;Simran;;29;Pune;;;;4;user4629@mail.com;;;India
C4631;Sneha;Male;;Pune;;;;1;;;;
;;Male;;Kolkata;7/2/2022;;;1;user4631mail.com;921899513;0921899513;India
C4633;Simran;Male;24;Pune;;;;;;;;USA
C4634;Ravi;Female;;Mumbai;;18/1/2022;4854.25;10;;;;
C4635;Kiran;;;Delhi;7/11/2021;2/7/2022;;1;user4634mail.com;;;
C4636;Neha;Male;;Chennai;2/11/2021;22/8/2020;;3;user4635mail.com;;;
;Ankit;Male;;Bangalore;;;4014.36;1;user4636mail.com;964762655;0964762655;Australia
C4638;Ravi;Female;18;Delhi;;25/9/2024;;4;;9765263745;9765263745;India
C4639;Neha;;;Delhi;1/3/2024;;;1;;;;Australia
C4640;Rahul;Male;;Chennai;23/6/2023;22/10/2025;;;;;;India
C4641;Amit;Male;58;;28/5/2021;;3743.55;1;;944588176;0944588176;
;Sneha;;;Delhi;;;;4;user4641@mail.com;;;India
C4643;Kiran;Male;;Hyderabad;6/12/2020;26/2/2023;;10;user4642@mail.com;9722872625;9722872625;India
C4644;;Male;;;;;979.16;10;;999267326;0999267326;India
C4645;Priya;;;Delhi;22/4/2024;;3548.7;2;;;;India
C4646;Sneha;Male;;Pune;28/2/2025;24/5/2023;;;;987238225;0987238225;
C4647;Rahul;Female;;Hyderabad;;;3794.53;1;user4646mail.com;;;USA
C4648;Simran;;;Delhi;;;;10;;;;USA
;Priya;Female;;Pune;;3/8/2022;;1;user4648mail.com;;;Australia
;Pooja;;;Hyderabad;26/1/2022;;3819.4;;user4649@mail.com;;;USA
;Kiran;;;Mumbai;;;;;;;;UK
C4652;Neha;Male;35;;9/3/2025;;;5;;;;Australia
C4653;;Male;;Bangalore;;;;2;;;;Australia
C4654;Priya;Female;;Kolkata;;;;3;;;;USA
C4655;Priya;Female;42;Chennai;1/10/2020;22/7/2024;;10;;9416792;0009416792;UK
C4656;;Female;;Kolkata;;;4756.57;10;user4655mail.com;;;
;Pooja;Female;;;21/9/2021;;;3;;;;India
;Sneha;Male;;Delhi;;10/1/2023;;10;;;;UK
;;Female;;Kolkata;;;;1;;;;UK
C4660;Ankit;;;Bangalore;22/7/2025;11/3/2024;3082.47;1;;9196331342;9196331342;USA
C4661;Sneha;Male;;Ahmedabad;5/1/2024;6/9/2023;;5;user4660mail.com;9575311;0009575311;India
C4662;Ravi;Female;;Chennai;;12/4/2025;;1;user4661@mail.com;9153987452;9153987452;Canada
C4663;;Male;;Kolkata;;;;;user4662mail.com;;;Canada
C4664;Sneha;Male;;;;;;1;;;;India
C4665;;;;Ahmedabad;18/8/2022;18/8/2025;;10;;;;USA
;Rahul;Male;;Chennai;;;;;;;;
C4667;;Female;;Pune;;;;4;;91371172;0091371172;UK
C4668;Rahul;;29;;20/11/2021;;;3;;;;Canada
C4669;Priya;Male;42;Delhi;24/2/2025;;;1;user4668@mail.com;;;Canada
C4670;Ravi;Male;;Kolkata;21/8/2020;;3468.36;10;user4669mail.com;;;Australia
;Kiran;Male;;Delhi;6/4/2022;;;1;user4670mail.com;;;Canada
C4672;Ravi;Male;;Mumbai;;;;;;;;USA
C4673;;Female;;Chennai;16/10/2025;;2530.58;10;;;;UK
C4674;;Female;;Hyderabad;14/9/2020;10/10/2021;;;;;;UK
C4675;Neha;Female;54;Hyderabad;;;;;;;;USA
C4676;Kiran;;19;;15/3/2025;14/12/2020;;5;;;;UK
C4677;Kiran;Female;;Delhi;;;2737.68;2;user4676@mail.com;924128972;0924128972;UK
;Pooja;Female;44;Chennai;;10/10/2025;;10;user4677@mail.com;;;UK
;Ankit;Female;;Bangalore;16/10/2020;29/9/2022;;1;;955646752;0955646752;UK
C4680;Pooja;;;Ahmedabad;;;;1;user4679mail.com;;;Canada
C4681;;Male;;Bangalore;;;;;user4680mail.com;;;India
C4682;Pooja;Male;31;Kolkata;;;2653.94;10;;;;Australia
C4683;Priya;Female;;Kolkata;10/2/2022;10/1/2024;;1;;948169613;0948169613;UK
C4684;Kiran;Female;67;Hyderabad;;;;1;;;;Australia
C4685;Sneha;Female;;Ahmedabad;;;;10;;;;USA
C4686;;Female;20;Pune;;;;;user4685@mail.com;;;UK
C4687;Pooja;Female;45;Hyderabad;19/4/2021;;;10;user4686@mail.com;;;India
C4688;Amit;Male;;Delhi;28/9/2023;;4353.73;10;user4687mail.com;;;India
C4689;Kiran;;;Hyderabad;;;1363.72;;;;;UK
;Priya;;;Pune;;;;4;user4689mail.com;;;
C4691;Ravi;;;Delhi;;;58.78;1;;;;USA
C4692;;Female;;;14/8/2022;;;10;;;;
;Priya;Female;;Pune;28/11/2022;;1952.1;;;969553943;0969553943;Canada
;Pooja;Male;;Delhi;23/5/2022;;;1;;;;Canada
C4695;Simran;Male;;Mumbai;12/10/2020;22/7/2022;1537.27;;;;;UK
;Ankit;Male;;Ahmedabad;;;;1;user4695@mail.com;;;Canada
C4697;Ankit;;;Mumbai;2/9/2025;;;3;;;;India
C4698;Ravi;Male;;Hyderabad;;21/4/2025;;10;;;;UK
C4699;Simran;;;Pune;20/4/2023;21/10/2020;;5;user4698@mail.com;9316115465;9316115465;UK
C4700;Sneha;Female;66;Ahmedabad;;;;;user4699mail.com;;;
C4701;Rahul;Female;;Hyderabad;;28/12/2023;958.62;10;;;;India
;Priya;;;Bangalore;15/10/2022;;;;;;;India
;Pooja;Male;36;Chennai;;;;4;;9536194941;9536194941;Australia
C4704;Amit;Male;;Ahmedabad;;;;1;;;;
;Neha;Female;;Mumbai;22/1/2025;;;;;;;USA
C4706;Kiran;Male;;Bangalore;;;;1;user4705@mail.com;;;Australia
C4707;Simran;Female;18;Delhi;17/8/2021;;1057.47;10;;;;India
;Kiran;;;Pune;9/1/2023;;4596.15;1;user4707@mail.com;;;UK
C4709;;Male;;Mumbai;7/12/2020;5/2/2025;450.53;2;user4708@mail.com;9159967372;9159967372;
C4710;Amit;Male;;Hyderabad;21/11/2025;;;10;user4709mail.com;;;Australia
C4711;;;;Pune;;22/4/2023;;1;;;;Australia
;Rahul;Female;;Kolkata;;;;1;user4711mail.com;;;
C4713;Ravi;Female;43;Pune;21/6/2023;;263.7;2;user4712mail.com;;;India
;Neha;Female;30;Ahmedabad;4/5/2025;26/7/2021;;;;;;
C4715;;Male;;Hyderabad;;;2822.65;;user4714mail.com;;;UK
C4716;Amit;Female;40;Mumbai;19/10/2023;;;10;;;;UK
C4717;Pooja;Male;;Kolkata;24/4/2022;;1706.41;;user4716mail.com;;;UK
C4718;Simran;Female;;Hyderabad;22/6/2025;17/7/2025;1194.9;1;user4717@mail.com;;;Australia
C4719;Kiran;Male;;Pune;;19/6/2022;4884.38;3;;;;India
C4720;Priya;Male;;Pune;26/1/2026;11/9/2021;1048.81;1;;97923273;0097923273;India
C4721;;Male;;Delhi;;13/3/2025;1671.31;1;user4720mail.com;;;UK
C4722;Ravi;Female;;Bangalore;21/3/2023;;2756.94;;user4721mail.com;;;India
;;Male;;Chennai;;;;3;user4722mail.com;;;USA
C4724;Rahul;Female;68;Mumbai;28/11/2022;2/12/2020;1078.08;10;user4723@mail.com;;;UK
;Priya;;;Pune;21/7/2023;11/8/2024;;10;user4724@mail.com;;;Canada
;Amit;;;Mumbai;23/12/2020;16/9/2022;421.97;;user4725mail.com;9637386768;9637386768;Australia
C4727;Rahul;Male;;;31/3/2023;;;1;user4726mail.com;;;
C4728;Rahul;Female;;Chennai;;;3968.87;1;;;;UK
C4729;Kiran;Female;;Chennai;30/3/2025;;162.75;10;user4728@mail.com;94269993;0094269993;USA
;Ankit;Male;;Pune;;29/11/2021;417.36;10;;;;India
;Rahul;Male;;Ahmedabad;;25/12/2023;1985.88;1;;;;Australia
C4732;Simran;Female;;;;14/8/2023;;2;user4731mail.com;;;Australia
C4733;Kiran;Male;26;Delhi;6/11/2022;;;10;user4732@mail.com;;;India
;Ankit;;;Chennai;;;520.74;1;;;;UK
C4735;Ravi;Male;69;Bangalore;;;;10;;;;
C4736;Sneha;Male;;;25/8/2024;;;;user4735mail.com;;;Canada
C4737;Ankit;Female;27;Mumbai;1/3/2022;;;1;user4736@mail.com;9768746164;9768746164;UK
C4738;;;;Mumbai;14/8/2023;;;;user4737mail.com;;;Canada
C4739;;Male;;Delhi;9/6/2025;12/8/2024;;1;;938274389;0938274389;India
C4740;;;;Hyderabad;;27/9/2020;;;;9268596672;9268596672;Canada
C4741;Neha;Male;;Kolkata;;26/11/2025;;10;;934983;0000934983;UK
C4742;Kiran;Male;;;;;;;user4741@mail.com;;;USA
C4743;;Male;;Delhi;;25/5/2025;;5;;;;
C4744;Ravi;Female;;Kolkata;26/11/2024;8/12/2022;;1;user4743@mail.com;;;Australia
C4745;;;;Mumbai;5/11/2024;31/8/2020;1063.74;10;;9823559827;9823559827;India
C4746;Ankit;Female;20;Bangalore;27/9/2020;;;;;9221875974;9221875974;Australia
;Priya;Female;;Mumbai;18/10/2021;;658.3;;user4746@mail.com;;;
C4748;Kiran;;;Ahmedabad;;2/8/2025;;1;user4747mail.com;;;UK
C4749;Priya;Male;24;Chennai;;;1827.79;;user4748@mail.com;;;
C4750;Sneha;;;;28/12/2025;;2278.26;1;user4749@mail.com;;;USA
;Simran;Male;;Mumbai;7/10/2025;;;;;931171963;0931171963;UK
C4752;Neha;Male;;Hyderabad;;;;1;;9143169987;9143169987;UK
C4753;Ravi;Female;27;Delhi;24/12/2022;;;10;;;;Canada
C4754;Ravi;;;Pune;4/11/2025;;;1;user4753@mail.com;9966937143;9966937143;India
;Sneha;Male;;Ahmedabad;;;852.7;10;;;;India
;Neha;Female;;Kolkata;;;;1;user4755mail.com;;;India
C4757;Priya;;;Chennai;6/7/2023;;277.58;1;user4756mail.com;;;Australia
C4758;Sneha;Female;;Ahmedabad;16/8/2020;;1637.84;1;;9984715761;9984715761;Australia
;Simran;Male;;Hyderabad;24/2/2023;;;;;;;Canada
C4760;Priya;Female;;Bangalore;;;;1;user4759@mail.com;914623177;0914623177;Australia
C4761;;Male;39;Pune;;5/12/2023;;10;;;;India
C4762;Priya;Female;;Delhi;12/1/2024;3/10/2024;2135.42;;;;;
C4763;Rahul;;;Kolkata;;;;10;;;;Canada
C4764;Kiran;;44;Chennai;;;2959.76;;;;;Canada
C4765;Ankit;;;Pune;;;;10;;;;
C4766;;Female;;Ahmedabad;;;;2;user4765mail.com;971173493;0971173493;Australia
C4767;Ankit;Male;;;;;;3;user4766mail.com;;;UK
C4768;Kiran;;;Hyderabad;28/12/2024;;;10;;;;India
C4769;Priya;Female;;Bangalore;9/1/2025;;;1;user4768@mail.com;9669469453;9669469453;Canada
;;Male;;Mumbai;27/2/2023;19/2/2021;219.12;10;;9359849121;9359849121;USA
C4771;Priya;Female;;Mumbai;11/1/2024;;1505.46;10;;;;UK
C4772;Simran;Male;;Mumbai;;;;;user4771@mail.com;;;USA
C4773;Sneha;Female;;Hyderabad;;;;4;user4772mail.com;9154974665;9154974665;UK
C4774;Neha;Male;27;Kolkata;;;;;user4773mail.com;;;
;;Male;;Mumbai;8/4/2023;27/6/2022;43.56;3;;;;UK
C4776;;Female;19;;;8/6/2023;;3;user4775@mail.com;;;Australia
C4777;Sneha;Female;;Pune;3/11/2025;;;2;user4776mail.com;;;Australia
C4778;Ravi;Male;59;Mumbai;6/6/2025;;2192.28;1;;;;Australia
C4779;Simran;Male;;Ahmedabad;20/5/2022;;663.92;;user4778mail.com;;;USA
C4780;Pooja;Female;;Bangalore;1/2/2022;6/9/2025;924.52;;user4779mail.com;;;Australia
C4781;Sneha;Female;;Ahmedabad;2/4/2023;;;10;user4780mail.com;983282154;0983282154;Canada
C4782;Priya;Female;56;Bangalore;20/3/2025;;;10;user4781@mail.com;92983632;0092983632;UK
C4783;Kiran;Male;;;29/6/2025;;;3;user4782mail.com;9146532745;9146532745;UK
C4784;Amit;Male;64;Kolkata;21/4/2023;;;1;user4783mail.com;;;Canada
;Kiran;Male;;Mumbai;9/9/2023;;;10;;;;India
C4786;Rahul;Female;;Mumbai;5/10/2020;;;10;;;;Australia
;Ankit;Male;;Mumbai;12/8/2025;;;10;;9711561725;9711561725;Canada
C4788;Amit;Male;;Hyderabad;24/9/2024;;535.94;10;;;;
C4789;Rahul;Male;;Pune;;;;10;user4788mail.com;;;India
C4790;Ravi;Female;;Chennai;;19/3/2025;;10;user4789@mail.com;9629562479;9629562479;USA
C4791;Kiran;;;Ahmedabad;;15/8/2024;;1;user4790mail.com;;;
C4792;Amit;;69;Bangalore;30/6/2024;;;1;;;;UK
C4793;Rahul;;;;11/1/2022;;1269;1;user4792@mail.com;98137761;0098137761;Canada
;Neha;Female;21;Pune;9/6/2022;;3186.14;10;;;;UK
C4795;Amit;;;Ahmedabad;;;;1;;;;Australia
C4796;Sneha;;22;Chennai;30/6/2023;17/9/2024;;10;user4795@mail.com;;;
;Amit;Female;54;Delhi;;;;3;user4796mail.com;;;UK
C4798;Simran;Female;36;Mumbai;;;;3;;;;
;Amit;Male;;Bangalore;6/3/2022;;1652.77;1;;;;USA
C4800;Priya;Male;;Delhi;23/12/2022;;;1;user4799mail.com;;;UK
C4801;Simran;Female;;Kolkata;15/7/2023;;;1;user4800mail.com;972489513;0972489513;
;Ravi;Female;68;Hyderabad;11/11/2023;21/5/2023;;1;user4801@mail.com;9863259656;9863259656;India
C4803;Pooja;Female;;Ahmedabad;27/12/2023;;;1;;;;USA
C4804;Ankit;Male;;;22/11/2020;;;4;;;;
;;;41;Ahmedabad;;;;1;user4804@mail.com;;;USA
C4806;;Male;;Bangalore;7/12/2021;;;10;user4805@mail.com;;;Canada
C4807;;Female;;Ahmedabad;15/8/2023;;;;user4806mail.com;99131523;0099131523;UK
C4808;Simran;Male;;;8/2/2021;27/2/2022;;1;user4807mail.com;;;
C4809;;Female;;Bangalore;9/7/2022;;1922.14;10;;;;UK
C4810;Amit;Male;;Chennai;;;;1;user4809mail.com;;;Australia
C4811;Amit;Female;;Chennai;;19/8/2020;;1;;;;India
C4812;Ravi;Female;39;Mumbai;30/7/2025;31/12/2024;2848.72;;;9344153497;9344153497;
C4813;Pooja;Male;64;Hyderabad;9/12/2022;11/10/2025;;10;;;;USA
C4814;Priya;Female;;Ahmedabad;31/1/2021;;;10;user4813mail.com;;;UK
;Amit;Male;;Kolkata;;;;1;;966574267;0966574267;Australia
C4816;Kiran;Male;;Chennai;30/6/2023;;;;;;;UK
;;Female;20;Delhi;;;;10;;9778773822;9778773822;Canada
C4818;;Male;24;Pune;12/10/2024;;;1;user4817@mail.com;;;UK
C4819;Kiran;Male;;Pune;;;;1;;916171825;0916171825;Australia
C4820;Neha;Male;;Delhi;;;;10;;;;USA
;Simran;Male;49;Hyderabad;;;;4;;;;Canada
C4822;;Female;;Delhi;;;;1;user4821mail.com;9586813;0009586813;Canada
C4823;Neha;;;Bangalore;11/10/2022;;;1;;;;Australia
C4824;Neha;Male;;Ahmedabad;;3/7/2022;;10;user4823mail.com;;;UK
C4825;Amit;;;Hyderabad;;;;1;user4824@mail.com;;;UK
C4826;Sneha;Male;;Kolkata;4/10/2025;5/10/2020;;10;;;;Australia
C4827;Sneha;Female;;Pune;;22/10/2024;;2;user4826mail.com;;;Australia
C4828;Pooja;Male;;Delhi;7/7/2021;6/8/2022;;1;user4827@mail.com;916237721;0916237721;Canada
C4829;Simran;Male;20;Pune;11/2/2022;;;;user4828@mail.com;;;UK
;Pooja;Female;;Delhi;18/3/2023;;;3;user4829@mail.com;;;USA
C4831;Simran;Male;44;Chennai;;24/1/2026;;;;;;
C4832;Amit;Male;62;Hyderabad;20/2/2024;;;1;;;;
C4833;Ravi;Female;;Delhi;;11/4/2025;;4;user4832@mail.com;;;Australia
;Neha;;;;;;;;;;;Australia
;Simran;Female;;Bangalore;13/4/2021;;;;user4834@mail.com;9624377568;9624377568;Canada
;Sneha;Male;;;2/6/2021;14/10/2023;2829.82;5;user4835mail.com;;;
;Priya;;;Ahmedabad;;;;5;;;;
C4838;Kiran;Male;;Ahmedabad;13/4/2025;19/1/2024;;1;;;;
C4839;Rahul;;69;Chennai;;;;1;;;;Australia
C4840;Simran;Female;;Ahmedabad;;13/11/2025;;10;;;;
C4841;Ankit;;41;Bangalore;;;3255.24;3;user4840mail.com;;;Australia
C4842;Kiran;Female;;Chennai;10/4/2021;;;10;;9882625765;9882625765;USA
C4843;Pooja;Male;26;Pune;23/11/2022;;;;;;;Australia
C4844;;Female;;Bangalore;18/3/2025;;;1;;9329769781;9329769781;Canada
C4845;;Male;;Ahmedabad;;14/8/2025;;2;;939122122;0939122122;UK
;Kiran;Female;;;23/6/2023;3/3/2022;3901.62;1;user4845@mail.com;983693487;0983693487;UK
C4847;Pooja;Male;;Mumbai;27/5/2024;;;4;user4846@mail.com;;;USA
C4848;Pooja;;;Chennai;;;;10;user4847mail.com;;;Australia
C4849;Priya;Female;;;16/11/2021;;;5;user4848mail.com;9957546967;9957546967;
;Ankit;Male;;Delhi;;28/2/2023;;;user4849@mail.com;;;USA
C4851;;;44;Hyderabad;18/1/2025;;4937.03;1;;99344922;0099344922;Canada
C4852;Rahul;Female;;Ahmedabad;14/6/2023;;;1;user4851mail.com;;;India
C4853;Ankit;Female;55;Pune;;;;1;;;;USA
C4854;Priya;Male;;Mumbai;11/7/2023;;;1;;;;UK
C4855;;Female;;;;;;1;user4854mail.com;;;UK
C4856;Simran;Male;37;;2/7/2022;;;;;;;India
C4857;Ravi;Male;25;Delhi;3/11/2020;;155.7;2;user4856@mail.com;;;India
C4858;Priya;Male;25;Pune;18/9/2025;;;;;9921916158;9921916158;India
C4859;Amit;;;Hyderabad;21/9/2021;;2597.6;10;;;;Australia
C4860;Neha;Male;;Delhi;20/7/2022;;1170.16;;user4859mail.com;;;India
C4861;Rahul;;65;Mumbai;;;1690.4;;user4860@mail.com;;;
;Sneha;Male;70;Delhi;14/11/2023;;;1;;;;USA
C4863;Pooja;Female;;Chennai;;;1595.98;1;;9323487352;9323487352;Australia
C4864;Neha;Male;;Pune;6/3/2025;13/5/2021;4910.93;10;;;;Canada
C4865;Ravi;Male;;Chennai;8/1/2021;12/9/2024;;;user4864mail.com;;;Australia
C4866;Simran;;;Mumbai;26/11/2025;25/11/2022;;1;user4865mail.com;;;Canada
;Ankit;Female;53;Pune;;;;1;user4866@mail.com;9549933878;9549933878;Canada
C4868;Ankit;Female;;Hyderabad;;;;1;user4867@mail.com;;;
C4869;Ravi;Male;;Delhi;;;2878.7;1;user4868@mail.com;;;India
C4870;Kiran;;59;Hyderabad;16/6/2025;;263.95;10;user4869@mail.com;;;
;Rahul;Female;;Kolkata;7/5/2021;;;4;;93141234;0093141234;India
;Neha;Female;35;Delhi;19/7/2022;;;1;user4871@mail.com;;;
C4873;Pooja;Male;64;Ahmedabad;21/2/2022;7/12/2022;;1;;;;UK
C4874;Sneha;Female;;Ahmedabad;;4/1/2026;2537.83;1;;;;
C4875;Priya;Female;;Hyderabad;23/10/2021;;;10;user4874@mail.com;;;Australia
C4876;;;;Hyderabad;17/3/2021;;1568.29;10;;;;India
;Pooja;Female;;Pune;7/5/2025;13/1/2024;;;;;;Australia
C4878;;Male;58;Bangalore;13/7/2024;14/3/2023;;3;;9775944787;9775944787;UK
C4879;Priya;Male;;Mumbai;6/11/2023;;1271.14;;;;;USA
;Kiran;Female;;Hyderabad;5/5/2025;;;;user4879mail.com;;;USA
;Neha;Female;;;25/9/2021;14/5/2021;;10;;;;India
C4882;Pooja;Male;;Ahmedabad;;;;5;;;;
;Ravi;Male;34;Chennai;;;2440.6;10;;;;
C4884;Rahul;Female;57;;;11/3/2022;;1;;;;Canada
C4885;Ankit;Female;;Hyderabad;;31/8/2020;;;;;;
;Sneha;;;Pune;;;4359.69;;user4885mail.com;963195444;0963195444;Canada
C4887;;Female;55;Ahmedabad;19/8/2023;;3081.62;;user4886@mail.com;;;USA
C4888;Amit;Female;;Pune;;;;;user4887mail.com;;;
C4889;Priya;Female;;Mumbai;1/8/2024;;997.76;2;user4888mail.com;;;
C4890;Ravi;Female;;Ahmedabad;16/4/2023;;;1;user4889mail.com;9632114216;9632114216;UK
C4891;Amit;Male;;Bangalore;22/4/2022;10/3/2025;;10;;92568715;0092568715;
C4892;Sneha;;;Mumbai;;;;4;;;;Australia
;;Male;23;Mumbai;20/10/2025;7/9/2021;;;user4892@mail.com;;;Canada
C4894;Neha;Male;55;Bangalore;3/9/2024;;;2;;;;USA
;Ravi;Female;45;Hyderabad;28/3/2022;13/5/2025;;10;user4894mail.com;;;USA
C4896;Rahul;Male;;Chennai;23/12/2021;;;10;;;;Canada
C4897;Rahul;Female;;;;;;10;;;;India
;Neha;Male;;Kolkata;30/7/2023;22/8/2024;;10;;;;UK
;;;;Delhi;;;;2;;;;Australia
C4900;;Male;;Pune;;;;3;;;;India
C4901;Simran;;;Hyderabad;;;3608;10;;;;UK
;Priya;Male;;Pune;;19/12/2022;;;;;;USA
;Pooja;Male;;Ahmedabad;10/2/2025;24/6/2024;;;;;;
C4904;Ankit;Female;;Hyderabad;9/4/2023;10/8/2025;;1;;9563243499;9563243499;
C4905;Rahul;Male;;Chennai;15/10/2021;;222.82;1;user4904@mail.com;;;
C4906;Ankit;Female;;Hyderabad;;;;;user4905@mail.com;;;Canada
C4907;;Male;;Delhi;18/3/2021;9/12/2023;;10;user4906mail.com;;;USA
C4908;;Male;;Bangalore;25/3/2023;;;2;;;;UK
C4909;Sneha;Female;;Bangalore;;;;10;user4908@mail.com;;;Canada
C4910;Pooja;Female;;Bangalore;4/10/2024;6/10/2023;;2;;;;India
C4911;Ankit;Female;;Bangalore;;26/12/2023;352.68;4;;;;UK
;Sneha;;;Hyderabad;22/6/2021;;4992.23;;user4911mail.com;;;
C4913;;Female;;Kolkata;23/5/2024;;3324.66;5;;;;USA
C4914;Kiran;Female;;Ahmedabad;12/5/2023;;;2;;;;USA
C4915;;Female;;Chennai;23/4/2023;;;;;942437562;0942437562;UK
C4916;Neha;Female;;Mumbai;29/10/2021;;;10;;;;India
C4917;Rahul;;;Hyderabad;;;509.67;2;user4916mail.com;;;Canada
C4918;;Male;34;Mumbai;;;;;;;;USA
C4919;Rahul;Male;;Pune;16/4/2023;;;1;user4918mail.com;;;USA
C4920;Sneha;Female;;Ahmedabad;;6/9/2023;;5;user4919@mail.com;;;USA
C4921;Simran;Female;64;Pune;21/8/2023;;;10;;;;Canada
C4922;Sneha;Female;;Delhi;;;;1;user4921mail.com;;;UK
C4923;Kiran;Female;41;Mumbai;;;;1;;93861713;0093861713;UK
;Neha;Male;;Kolkata;;29/10/2022;;10;;;;Australia
C4925;;Female;;;;;;1;user4924@mail.com;;;
C4926;;;;Mumbai;8/10/2020;;;;user4925@mail.com;;;India
;;;;Chennai;3/3/2021;;;1;;;;
C4928;Ankit;Female;;;;21/8/2025;;4;;981576981;0981576981;UK
C4929;Priya;Male;38;Chennai;13/2/2021;;;;;;;USA
C4930;;Female;;Mumbai;;;;1;;;;India
C4931;Ankit;Female;;;13/9/2022;;4214.72;;user4930mail.com;954189174;0954189174;Canada
C4932;;Male;57;Delhi;;;;10;;;;USA
C4933;Priya;Female;;Bangalore;;22/11/2025;;10;user4932mail.com;96725978;0096725978;Australia
;;Female;;Chennai;;18/11/2020;1147.25;10;;;;India
;Simran;;45;Pune;4/7/2025;19/6/2025;;;;;;India
C4936;Ankit;Female;63;Chennai;;20/10/2024;;10;;98985421;0098985421;India
C4937;Ravi;Male;42;;;;;2;;9268412235;9268412235;UK
C4938;Kiran;Male;;Kolkata;;9/12/2020;;10;;;;UK
C4939;Priya;;59;Bangalore;;;;;user4938mail.com;;;Canada
;Kiran;;56;Chennai;26/1/2023;;;2;;;;Australia
C4941;Kiran;Male;;Kolkata;17/5/2021;13/8/2023;;1;;;;Australia
C4942;Priya;Female;;Kolkata;27/1/2021;;;3;user4941mail.com;;;
;;Female;65;;;;;1;;;;Canada
C4944;Ravi;Male;;Bangalore;18/9/2023;;;1;;;;Canada
C4945;Neha;Female;32;Kolkata;9/2/2025;24/9/2023;;1;user4944mail.com;;;India
;Simran;Female;18;Mumbai;30/9/2021;;;10;;;;USA
C4947;;;58;Pune;;;;;user4946@mail.com;9146117362;9146117362;USA
C4948;Kiran;Male;;Chennai;;;;10;;;;UK
C4949;Sneha;;;Pune;23/8/2025;1/2/2021;;2;user4948@mail.com;;;Australia
;Rahul;Female;;;29/11/2023;;;;user4949@mail.com;;;Canada
;Kiran;Female;;Bangalore;2/8/2022;13/3/2025;668.64;10;user4950mail.com;;;Australia
C4952;Sneha;Male;;Bangalore;18/11/2025;7/11/2021;3650.24;1;;927925;0000927925;USA
C4953;Sneha;Female;;Ahmedabad;10/9/2025;27/12/2023;3872.04;;user4952@mail.com;;;Canada
C4954;Ankit;Female;;Bangalore;;;;10;user4953@mail.com;;;
;Amit;;;Pune;;;;1;user4954@mail.com;9318228731;9318228731;USA
;;Male;;Hyderabad;18/10/2025;5/7/2022;2578.73;1;user4955@mail.com;98259823;0098259823;Canada
C4957;Neha;Female;;Ahmedabad;;21/6/2023;;1;user4956mail.com;;;UK
C4958;Ravi;;;Ahmedabad;2/10/2022;1/9/2021;;;user4957mail.com;;;India
C4959;;Male;50;Bangalore;6/4/2023;;;;;;;Canada
C4960;Pooja;Male;33;Chennai;23/7/2022;;;10;user4959@mail.com;;;UK
C4961;Priya;Male;;Pune;24/11/2024;;;1;;9857465284;9857465284;UK
C4962;Kiran;Female;;Bangalore;;;;10;;;;
C4963;Ankit;Male;;Hyderabad;18/4/2024;;;5;;;;Canada
C4964;Sneha;Female;;Ahmedabad;5/1/2023;6/1/2025;1346.63;1;user4963@mail.com;9319966633;9319966633;Australia
C4965;Priya;;31;Ahmedabad;23/2/2023;;4921.09;5;user4964@mail.com;927571491;0927571491;Canada
;Kiran;Female;24;Kolkata;18/10/2022;3/1/2022;;4;user4965@mail.com;;;
C4967;Neha;Male;69;Ahmedabad;18/6/2024;;;10;user4966mail.com;;;Australia
C4968;Rahul;Female;53;Delhi;;8/8/2022;;;;;;USA
;Kiran;Female;;Ahmedabad;27/3/2023;28/11/2022;;10;;;;India
;Neha;Male;;Ahmedabad;;15/7/2023;;10;;;;Canada
C4971;Simran;Female;;;;;2810.08;5;user4970mail.com;;;USA
;Amit;Male;;Delhi;12/12/2025;;1527.84;;;9434597448;9434597448;Canada
C4973;Priya;Male;;Chennai;;10/1/2025;;10;;957323722;0957323722;UK
C4974;Kiran;Male;;Chennai;;;;;;985787177;0985787177;UK
C4975;Kiran;Female;30;Pune;14/2/2021;4/2/2022;;;user4974mail.com;;;Australia
C4976;;Male;;Chennai;29/6/2021;9/12/2022;;4;;;;India
C4977;Amit;Male;;Ahmedabad;;14/9/2025;;;;;;USA
C4978;;;48;Bangalore;5/3/2023;28/12/2023;;10;;973359199;0973359199;India
;Kiran;;46;Bangalore;28/9/2020;;;;user4978mail.com;;;UK
C4980;Ankit;Male;;Ahmedabad;;;;10;;;;USA
C4981;Sneha;Female;;;15/4/2021;8/4/2024;2309.64;10;user4980mail.com;;;USA
;Neha;Male;;Mumbai;;;;5;user4981mail.com;9169797554;9169797554;UK
C4983;Sneha;Male;;Chennai;29/10/2023;;;1;;;;Australia
C4984;Simran;;;Kolkata;;8/10/2023;949.45;;;;;
C4985;Sneha;;;Delhi;;;;10;user4984@mail.com;91819948;0091819948;UK
C4986;Neha;;;Delhi;;22/2/2023;;;;9744113312;9744113312;Canada
C4987;Simran;Female;;Delhi;14/1/2025;2/4/2023;;1;user4986mail.com;;;India
C4988;Sneha;;;Hyderabad;;;2389.92;3;;;;
;Simran;Female;34;Chennai;12/1/2025;;1890.94;1;user4988@mail.com;;;
C4990;Pooja;Male;;Hyderabad;;;4533.29;2;user4989mail.com;;;UK
C4991;Ankit;Female;;Ahmedabad;28/7/2021;16/10/2020;;1;;;;
C4992;Priya;;;Chennai;;2/6/2025;;2;;;;
C4993;Simran;Female;24;Ahmedabad;;27/11/2024;;4;user4992mail.com;;;India
C4994;Rahul;Female;;Kolkata;;21/6/2021;;1;;;;Australia
;Priya;;;Delhi;3/4/2023;;;3;user4994@mail.com;;;UK
;Sneha;Male;;Kolkata;;;2331.22;;;;;USA
C4997;Ravi;Male;34;Ahmedabad;13/1/2025;23/3/2022;;2;;;;India
C4998;Amit;Male;53;Hyderabad;;;;2;user4997mail.com;9625399615;9625399615;USA
C4999;Pooja;Male;;;19/11/2025;;;1;;;;
C5000;Neha;Male;;Kolkata;;12/1/2022;;10;;;;India
C5001;Neha;Female;;Bangalore;11/7/2025;24/6/2024;4065.36;;user5000@mail.com;;;UK
C5002;Amit;Female;;Ahmedabad;14/1/2024;;;4;;;;India
;Ankit;Male;;Mumbai;;;;4;;;;Canada
C5004;Rahul;Male;;Pune;19/12/2024;4/2/2021;;1;;;;USA
C5005;Sneha;Female;;Pune;16/9/2022;12/7/2023;3297.56;3;user5004mail.com;;;Australia
C5006;Ankit;;;Hyderabad;;14/9/2022;;2;;9475729566;9475729566;India
C5007;;Female;;Mumbai;25/3/2025;;;;;93367647;0093367647;USA
C5008;Ravi;;61;Ahmedabad;29/1/2022;4/7/2024;;1;user5007@mail.com;;;Canada
;;;;Mumbai;18/2/2024;3/1/2026;;1;user5008mail.com;;;
C5010;Simran;Female;;Hyderabad;;;;;user5009@mail.com;;;
C5011;Simran;Female;;Ahmedabad;;;;;user5010@mail.com;;;Australia
C5012;Sneha;Male;;Hyderabad;;;;5;user5011@mail.com;;;Canada
C5013;;Male;;Delhi;;8/4/2023;4323.97;;user5012@mail.com;;;UK
C5014;Sneha;;39;Pune;;25/6/2021;4077.62;;user5013@mail.com;93882148;0093882148;Australia
C5015;;Female;;Bangalore;23/2/2022;22/3/2025;;;user5014mail.com;96132;0000096132;
;Simran;;60;Mumbai;;22/4/2023;518.82;1;user5015@mail.com;;;Australia
C5017;Ravi;Female;;Ahmedabad;8/9/2022;;1959.36;1;user5016mail.com;9148921227;9148921227;Canada
;;;38;Chennai;;8/11/2025;;1;;;;
C5019;Neha;;58;Ahmedabad;20/7/2022;;;4;;;;Australia
C5020;Neha;Female;22;Delhi;8/2/2024;;;;;92993297;0092993297;Australia
C5021;;;;Ahmedabad;;;;;;;;Canada
;Ankit;Male;56;Delhi;;14/10/2020;2626.43;2;user5021mail.com;;;India
C5023;;Male;;Bangalore;25/10/2024;11/6/2022;;;user5022@mail.com;;;
C5024;Rahul;Male;40;Chennai;19/9/2022;;;5;;986493811;0986493811;Canada
C5025;Pooja;Female;;;;;3293.82;;user5024@mail.com;;;India
C5026;Amit;;;Hyderabad;15/9/2024;;3138.18;10;user5025@mail.com;9281475975;9281475975;USA
C5027;Ankit;;;Mumbai;;24/11/2020;;1;user5026@mail.com;91557828;0091557828;Canada
;Sneha;Male;;Kolkata;;13/10/2021;;1;;;;USA
C5029;Rahul;Male;;Mumbai;;;4592.64;5;user5028mail.com;;;Australia
C5030;Rahul;;;Pune;;;;10;user5029@mail.com;;;Canada
C5031;Priya;;40;Hyderabad;;;;;;;;
;;;;Ahmedabad;14/4/2022;5/8/2023;;3;user5031mail.com;9754268436;9754268436;USA
C5033;Sneha;Female;45;Hyderabad;8/1/2026;;;1;user5032mail.com;;;Canada
;;Male;;Mumbai;;;;10;;;;
;Neha;Male;28;Chennai;30/10/2023;30/11/2024;;10;;9937613368;9937613368;USA
C5036;;Female;;Bangalore;;31/12/2020;;;;;;India
C5037;;Female;48;Pune;;;2945.87;;;;;UK
C5038;Amit;Male;;Ahmedabad;;;;1;;;;Canada
;Ankit;;;Hyderabad;23/10/2022;;1671.33;4;user5038@mail.com;;;UK
C5040;Pooja;Female;60;Pune;17/6/2021;;950.1;1;user5039mail.com;;;UK
C5041;;Female;64;Pune;4/6/2022;24/8/2023;2281.96;;user5040@mail.com;9726313298;9726313298;
C5042;Sneha;Female;;;10/4/2024;13/8/2025;;3;;;;Canada
C5043;;;;Kolkata;;31/12/2023;;;;;;USA
C5044;Ankit;;;;;;;3;user5043mail.com;;;UK
C5045;;;27;Kolkata;;;;;user5044@mail.com;;;USA
C5046;Pooja;Female;;Ahmedabad;;;;1;user5045mail.com;;;
C5047;Neha;Male;;Hyderabad;28/9/2024;18/7/2024;;10;user5046mail.com;;;Australia
;Kiran;Male;39;Pune;;;;10;user5047@mail.com;;;
C5049;Amit;Female;;Kolkata;;;2461.3;;;;;India
C5050;Simran;Male;;Delhi;;;;10;user5049mail.com;;;UK
C5051;Rahul;Female;;Pune;14/9/2023;;477.32;1;user5050mail.com;9779968571;9779968571;Australia
C5052;Sneha;;;Kolkata;;;;10;user5051mail.com;9384452589;9384452589;Australia
C5053;Sneha;Female;;Mumbai;25/1/2026;;;3;user5052@mail.com;;;Australia
C5054;;Female;;;20/9/2022;20/8/2024;;2;;;;Canada
C5055;Rahul;Male;70;Hyderabad;22/10/2021;9/4/2023;;1;;93992272;0093992272;Australia
C5056;Amit;Female;;Kolkata;15/8/2025;;4390.84;;user5055@mail.com;;;India
C5057;Amit;Female;;Kolkata;;9/11/2020;;10;;;;Australia
;;Male;;Kolkata;26/12/2020;;;10;;;;UK
C5059;;Male;;Ahmedabad;;;;2;user5058@mail.com;9622252276;9622252276;UK
C5060;Ankit;Male;;Kolkata;;;2291.4;;;99589623;0099589623;UK
C5061;Neha;Female;58;Chennai;;20/9/2023;;10;;973435686;0973435686;Australia
C5062;Pooja;;;Mumbai;20/11/2020;;;1;;963852478;0963852478;
C5063;Sneha;Male;49;Chennai;;;;3;;;;India
C5064;Kiran;;;Mumbai;1/5/2024;;;1;;9472812874;9472812874;
C5065;Simran;Female;;;16/1/2023;;;1;;;;Australia
C5066;Rahul;Male;22;Mumbai;;1/5/2022;;1;;926338938;0926338938;India
;Ankit;;;Delhi;25/7/2025;23/4/2025;;4;;9951762968;9951762968;
C5068;Kiran;;;Bangalore;;;;10;user5067mail.com;9971959892;9971959892;Australia
C5069;Sneha;;;Bangalore;4/11/2023;;;1;user5068@mail.com;;;Canada
C5070;Amit;Female;;Hyderabad;24/3/2024;;;;;93428868;0093428868;UK
C5071;Pooja;Male;;Mumbai;20/10/2021;;;4;user5070mail.com;;;Canada
C5072;Rahul;Male;;Kolkata;;30/7/2025;;10;user5071mail.com;;;Australia
C5073;Neha;Male;;Ahmedabad;19/5/2023;5/4/2025;;10;user5072@mail.com;926732488;0926732488;Canada
C5074;Ravi;;;;;;;;;;;Australia
;Ravi;Female;67;Bangalore;10/6/2022;7/4/2022;;2;;;;Canada
C5076;Sneha;Male;;Bangalore;;;;1;user5075@mail.com;;;Australia
C5077;;Male;69;Delhi;;;1697.66;5;;981537823;0981537823;USA
C5078;Rahul;Male;;Chennai;;22/10/2024;;;;;;Australia
C5079;Neha;;;;;;;2;;91275526;0091275526;UK
C5080;Pooja;;;Pune;;25/11/2020;3944.05;1;user5079mail.com;;;India
C5081;Ankit;Male;;;13/10/2020;;;10;user5080@mail.com;912971976;0912971976;India
C5082;;Female;;Hyderabad;15/3/2022;29/7/2021;;3;;;;USA
C5083;;Male;;Hyderabad;;;;2;;;;
C5084;Neha;Male;;Ahmedabad;;;;3;;942213885;0942213885;Australia
C5085;Priya;;;Chennai;;;;10;;;;India
;Ankit;;;Bangalore;;;2380.32;1;user5085@mail.com;;;UK
C5087;Sneha;Male;;Mumbai;5/9/2021;7/12/2020;1028.36;10;;;;Canada
C5088;Neha;Male;;Hyderabad;31/8/2024;26/2/2022;;10;user5087mail.com;92432833;0092432833;USA
C5089;Ravi;Female;;Chennai;5/8/2022;27/11/2023;;10;user5088mail.com;9863163682;9863163682;UK
C5090;Amit;Male;;Bangalore;;;;1;user5089mail.com;;;India
C5091;Pooja;;;Ahmedabad;;;3135.77;5;;9236247336;9236247336;USA
C5092;Priya;;;Hyderabad;14/6/2025;;2931.73;1;user5091mail.com;9113657241;9113657241;USA
;;;;Delhi;;16/10/2023;;3;;;;
C5094;Ankit;Female;;;17/3/2024;24/7/2021;;1;;931212579;0931212579;
;;;;Mumbai;9/3/2023;;;10;user5094mail.com;;;Australia
C5096;Rahul;Female;66;Pune;;;2088.68;10;;;;India
;Simran;;;Kolkata;;;;10;user5096mail.com;;;USA
C5098;Ankit;Female;;Chennai;;;1855.43;1;;;;USA
C5099;;Female;;Bangalore;;;263.94;;;;;UK
C5100;Rahul;Male;37;Mumbai;4/2/2022;8/9/2025;65.83;1;user5099mail.com;9635651358;9635651358;Canada
C5101;Rahul;Male;;Delhi;;;;10;user5100@mail.com;;;India
C5102;;;18;Ahmedabad;26/9/2022;;;10;user5101mail.com;;;UK
C5103;Sneha;Female;;Mumbai;;;4294.73;10;user5102@mail.com;;;India
C5104;Pooja;Female;;Hyderabad;;;;10;;;;Australia
C5105;Amit;Male;24;Delhi;;;687.85;1;;;;USA
C5106;;Female;;Chennai;27/12/2020;;4198.52;1;user5105@mail.com;;;UK
C5107;;Female;;Ahmedabad;3/12/2022;;;;;;;
;Kiran;Female;;Kolkata;;;4812.66;5;user5107mail.com;;;UK
C5109;Ankit;Male;;;;2/8/2023;;1;;;;UK
C5110;Simran;Female;;Pune;1/3/2025;11/11/2025;652.55;1;user5109mail.com;995654475;0995654475;
C5111;Priya;Female;;Delhi;;;;;user5110@mail.com;;;
C5112;;Female;;Delhi;;;3290.48;;;9127715;0009127715;India
C5113;;Female;;Chennai;;;;2;;;;Australia
C5114;Sneha;Male;;Pune;;;;10;user5113@mail.com;9464987;0009464987;UK
C5115;Rahul;;;Mumbai;;;;4;;;;USA
;Sneha;;61;Hyderabad;21/3/2022;;3362.72;10;;9912216658;9912216658;
C5117;Pooja;Male;;Kolkata;15/4/2025;;;10;user5116@mail.com;;;
C5118;Kiran;;;Delhi;18/11/2021;;1600.85;;user5117mail.com;;;India
C5119;Ravi;Female;;Pune;;14/7/2023;;1;;;;UK
C5120;;Male;;;;;;1;user5119@mail.com;;;Canada
C5121;Rahul;Female;;Bangalore;26/3/2022;;;10;user5120mail.com;;;UK
;;;;Chennai;9/12/2021;;;;;;;UK
;Ravi;Male;;Bangalore;;27/2/2023;;1;user5122mail.com;;;
C5124;Kiran;Male;;Ahmedabad;21/12/2023;;;10;;;;
C5125;Neha;Female;;Chennai;;;;2;user5124mail.com;;;Canada
C5126;Rahul;Female;37;Bangalore;1/11/2025;28/3/2023;2104.57;;user5125@mail.com;9289529479;9289529479;Australia
C5127;Pooja;Male;;Kolkata;2/3/2022;2/10/2024;;10;user5126mail.com;;;UK
C5128;Ravi;Female;48;Chennai;31/5/2024;27/11/2020;;;user5127@mail.com;966631;0000966631;India
;Neha;;;Delhi;14/1/2021;;;1;user5128mail.com;9579245751;9579245751;
C5130;Rahul;Female;;Pune;;;;5;;;;Australia
C5131;Rahul;Male;;Bangalore;1/8/2025;;;1;;;;
;Pooja;Male;;Pune;11/8/2025;28/8/2023;166.22;10;;;;India
C5133;Amit;Male;;Mumbai;;26/9/2025;;1;user5132@mail.com;;;India
C5134;Pooja;;;Delhi;;;;3;;;;India
C5135;Neha;Female;;Mumbai;;7/2/2021;2763.93;10;;9354616722;9354616722;Australia
;;Male;;Kolkata;29/3/2023;12/1/2026;;;;9485611353;9485611353;Australia
C5137;Pooja;;55;Ahmedabad;;1/10/2020;1104.53;2;;966128742;0966128742;UK
C5138;Simran;Male;;Bangalore;14/3/2023;;;3;user5137mail.com;;;USA
C5139;Ravi;Female;;;1/1/2026;;;3;;;;Australia
;Simran;;;Mumbai;16/5/2021;14/4/2022;;;;;;USA
;Priya;;55;Kolkata;;13/2/2024;;10;;9823964647;9823964647;USA
C5142;Priya;;;Ahmedabad;;17/7/2023;;;user5141mail.com;;;Australia
C5143;Ankit;Female;;Delhi;;;;1;user5142@mail.com;969614958;0969614958;Canada
C5144;Priya;Female;;Chennai;;23/5/2021;;;;;;USA
C5145;Rahul;;;Delhi;;;;2;user5144mail.com;;;Australia
;Pooja;Female;;;10/4/2022;11/8/2021;;10;;;;
C5147;Kiran;Male;59;Bangalore;;3/6/2021;;;;;;UK
C5148;Kiran;Female;;Kolkata;13/7/2021;1/4/2022;;3;user5147mail.com;9591924551;9591924551;
C5149;;Female;;Hyderabad;;;;1;user5148@mail.com;;;Australia
C5150;Priya;Female;;Hyderabad;;;;10;;;;USA
C5151;Ankit;Female;;Delhi;;;;1;;;;
C5152;Ankit;Female;;Chennai;;;;10;;;;UK
C5153;Rahul;Male;34;Hyderabad;16/7/2024;;;10;user5152mail.com;;;UK
C5154;Sneha;;;Pune;13/10/2024;;;3;;9938813941;9938813941;USA
C5155;Ravi;Male;;Chennai;;;4606.43;3;;;;Canada
C5156;;Female;28;Bangalore;30/8/2022;;;1;;;;
C5157;Simran;Male;;Ahmedabad;;;;;;;;India
C5158;Amit;Male;52;Hyderabad;28/11/2021;;;3;;;;India
C5159;Priya;Female;;Delhi;23/5/2021;21/2/2025;;1;;979545554;0979545554;India
C5160;Sneha;Female;;Ahmedabad;28/1/2025;8/8/2021;;2;;91265563;0091265563;India
C5161;Rahul;;60;Mumbai;9/8/2025;;;1;user5160mail.com;;;
C5162;;Female;19;Bangalore;18/2/2023;16/1/2025;;;;;;
C5163;;Female;;Bangalore;;;;4;user5162mail.com;;;USA
C5164;Priya;;;Pune;;;;1;user5163mail.com;;;
C5165;;Male;;Pune;;;595.13;5;;;;UK
C5166;Amit;Male;;Pune;;;3796.02;10;user5165@mail.com;;;Canada
C5167;Simran;Female;;Mumbai;;25/12/2024;1333.61;2;user5166@mail.com;;;
C5168;Sneha;;;Kolkata;;;;;;;;Australia
C5169;Pooja;Male;43;Delhi;;;477.84;;user5168mail.com;921565414;0921565414;Canada
;Amit;Male;;Pune;15/3/2024;;;;;;;Australia
C5171;Ravi;Male;;Pune;14/11/2022;21/6/2024;;5;;;;UK
C5172;Ravi;Female;44;;;;3780.66;1;;;;
;Sneha;;;Bangalore;30/11/2021;3/5/2025;47.24;;;;;India
C5174;Pooja;Female;;Mumbai;;;3979.57;3;;;;India
C5175;Ankit;Female;;Hyderabad;19/9/2023;25/9/2023;;4;user5174mail.com;;;USA
C5176;;Female;;;27/1/2023;;;;user5175mail.com;9419935674;9419935674;Canada
C5177;;;;;;11/11/2025;;1;user5176@mail.com;9483516559;9483516559;Canada
C5178;;Female;38;Bangalore;22/12/2023;;;10;;9385553468;9385553468;
;Kiran;Female;;Mumbai;;;;;user5178@mail.com;957192929;0957192929;India
C5180;Sneha;;;Delhi;;;;10;;;;India
C5181;Rahul;Male;52;Ahmedabad;17/5/2021;12/9/2021;1457.85;1;user5180mail.com;;;India
C5182;Neha;Female;;Delhi;17/2/2025;25/3/2024;;10;;;;UK
C5183;Sneha;;;Delhi;2/8/2023;;;10;;;;India
C5184;Rahul;Male;;Chennai;23/8/2022;31/12/2024;;1;;;;Canada
C5185;Sneha;Male;25;Mumbai;;;;1;;9766168766;9766168766;
C5186;Neha;Female;;;29/6/2021;3/9/2025;;10;;;;Australia
C5187;Ravi;Male;;Chennai;;;;10;user5186@mail.com;;;USA
C5188;Priya;Male;;Mumbai;;;;2;;;;India
C5189;Priya;;;Mumbai;;;;;;;;USA
;Amit;Male;;Hyderabad;28/5/2025;7/10/2022;;10;;9945956;0009945956;Canada
C5191;Priya;Female;;Delhi;5/12/2025;28/3/2022;;;user5190mail.com;;;UK
;;Female;;Mumbai;;;;1;user5191@mail.com;;;India
;;Male;;Hyderabad;;;;3;user5192mail.com;;;India
C5194;;;55;Ahmedabad;14/5/2022;;3298.52;5;user5193@mail.com;;;Australia
;;Male;;Chennai;26/11/2021;1/4/2023;;10;;;;Canada
;Sneha;Male;;Bangalore;;;;1;user5195mail.com;;;UK
C5197;Ravi;;49;Chennai;;;;1;;;;Australia
;Simran;Female;;Delhi;4/10/2020;;1647.65;10;;;;India
C5199;Ravi;Female;;Hyderabad;;;;1;;;;UK
C5200;Amit;Female;;Chennai;;2/12/2022;;10;;;;USA
C5201;Neha;;;Chennai;8/3/2022;;;2;;;;Australia
C5202;Kiran;Female;;Delhi;;;;10;user5201mail.com;9391116987;9391116987;Canada
;Kiran;;;Ahmedabad;26/2/2022;;4362.38;1;;;;USA
;Rahul;Female;;Kolkata;;;;10;;;;USA
C5205;Pooja;Female;27;Kolkata;;;;1;user5204mail.com;968386462;0968386462;Canada
C5206;Priya;Female;;Ahmedabad;1/11/2024;;;;user5205@mail.com;;;Canada
C5207;;Male;;Pune;31/1/2024;;;10;;;;USA
C5208;Pooja;Female;;Pune;24/7/2024;;;;;9796725646;9796725646;UK
C5209;Ankit;;;Bangalore;4/9/2025;18/9/2025;2028.68;1;user5208@mail.com;;;UK
C5210;Simran;Male;;Hyderabad;20/3/2023;;2091.05;10;user5209@mail.com;;;Canada
;;;;Pune;24/6/2024;26/7/2022;3279.08;;user5210mail.com;;;UK
C5212;Rahul;Male;;Kolkata;;;;4;;;;
C5213;Kiran;;;Mumbai;20/9/2024;;;10;;955879794;0955879794;UK
C5214;Ankit;Male;;Mumbai;22/8/2020;;;1;user5213mail.com;;;Australia
C5215;;Female;;Chennai;16/2/2022;;;3;user5214@mail.com;;;
C5216;Ankit;Male;54;Kolkata;;15/12/2021;;;user5215@mail.com;;;USA
C5217;Rahul;Male;48;Bangalore;27/7/2025;4/1/2023;;10;;;;Australia
C5218;Pooja;Female;21;Ahmedabad;7/11/2022;;;1;;;;India
C5219;;Male;;Bangalore;30/12/2025;;3316.2;1;user5218mail.com;913522223;0913522223;Australia
C5220;Amit;Female;;Chennai;;;;;;;;Australia
C5221;Priya;;;Delhi;;;;10;;;;India
C5222;;Female;;Delhi;5/2/2024;13/10/2023;;10;;;;Australia
C5223;Ravi;Female;;Kolkata;9/12/2020;;;;;;;Australia
C5224;;Male;;Kolkata;15/2/2024;;;10;;;;UK
C5225;Rahul;Male;;Hyderabad;;;;1;;;;India
C5226;Rahul;;;Kolkata;;;;1;;946334714;0946334714;UK
C5227;Pooja;Male;;Ahmedabad;3/7/2021;1/3/2024;;10;;;;Australia
;Priya;Male;50;Hyderabad;;;;10;user5227mail.com;956313;0000956313;UK
C5229;;Male;;Mumbai;;;;5;;946946598;0946946598;UK
C5230;Rahul;Male;;Chennai;;;;1;;;;Canada
;Priya;Male;45;Chennai;31/12/2024;;;10;;;;
;Sneha;Male;;Chennai;3/3/2021;;;;user5231mail.com;;;India
C5233;Priya;Male;;Kolkata;;;;;user5232mail.com;;;USA
;Neha;Female;;Delhi;25/12/2020;7/11/2024;;10;user5233mail.com;;;
;Ankit;Male;;Mumbai;;21/12/2022;;10;;99494625;0099494625;UK
C5236;Kiran;Female;;Ahmedabad;;24/7/2021;;10;user5235mail.com;;;
;;;;Mumbai;21/11/2023;25/12/2024;;1;;;;Australia
C5238;Kiran;;;Hyderabad;;;;3;;;;USA
C5239;Pooja;;;Pune;25/7/2025;;4099.54;10;;;;Australia
C5240;Neha;Male;;;6/11/2021;;;3;user5239@mail.com;;;Australia
;;Female;;Ahmedabad;26/10/2020;21/6/2021;4895.5;10;user5240mail.com;;;India
C5242;;Male;;Bangalore;8/10/2021;1/9/2025;;;user5241@mail.com;;;Australia
C5243;Priya;Female;45;;29/10/2025;;;1;user5242mail.com;;;USA
C5244;Pooja;;;Hyderabad;;18/5/2022;;10;user5243mail.com;;;USA
C5245;Kiran;Female;;;25/8/2025;;1910.27;;user5244mail.com;;;Australia
C5246;Sneha;;;Mumbai;25/11/2023;;;4;;;;Canada
C5247;Sneha;Male;;Ahmedabad;;;;1;;;;India
C5248;Kiran;Female;;;15/12/2022;;;;;;;Australia
C5249;;Male;;Delhi;19/5/2024;;;5;;;;USA
;Ravi;Male;;Delhi;;;;1;;;;USA
C5251;Ankit;Female;35;Ahmedabad;24/11/2025;;3434.28;1;;;;Australia
C5252;;Male;;Bangalore;7/2/2025;31/1/2021;4104.33;1;;;;Australia
C5253;Priya;Male;;Delhi;;;;1;user5252@mail.com;;;
C5254;Neha;;;Pune;2/1/2021;;;1;user5253@mail.com;;;USA
;Pooja;Female;;Pune;;;;1;;94754375;0094754375;India
C5256;Simran;Male;;Bangalore;;;;10;user5255mail.com;;;
C5257;Rahul;Male;;;22/5/2022;;3085.67;10;user5256mail.com;;;India
;;;;Hyderabad;;19/1/2026;;1;;;;
;Rahul;;;Delhi;3/3/2025;24/10/2021;;;user5258mail.com;;;
;Priya;;;Mumbai;;30/8/2023;;;user5259@mail.com;953267942;0953267942;Australia
C5261;Rahul;;;;;;;;;;;UK
C5262;Ravi;Male;;Delhi;20/3/2022;;;;user5261mail.com;96848457;0096848457;India
C5263;Kiran;;;Chennai;;;2458.57;1;;;;Australia
C5264;;Female;;Hyderabad;12/5/2025;21/6/2025;;;;;;Australia
C5265;Pooja;;;Kolkata;13/10/2020;19/7/2025;;10;;986562352;0986562352;USA
C5266;Ankit;Female;37;Ahmedabad;;24/6/2022;;1;user5265mail.com;;;India
;Pooja;Male;;;;17/10/2022;4998.67;1;;9584994949;9584994949;
C5268;Kiran;Female;;Hyderabad;;;;10;;938113898;0938113898;USA
C5269;Ankit;Male;;Kolkata;9/12/2021;;;;user5268mail.com;;;Canada
C5270;Ankit;;53;Delhi;11/10/2023;;;1;;;;UK
C5271;Ankit;;;Pune;;;72.07;10;;;;USA
C5272;Rahul;Male;;Delhi;15/6/2025;;;4;;;;
;Sneha;Female;42;;;;;3;;;;Australia
C5274;Simran;;;Delhi;;13/2/2021;;1;;;;India
C5275;Ravi;;;Chennai;7/8/2024;11/5/2025;;;;;;Canada
;Ravi;Male;;Chennai;8/1/2021;23/7/2025;;1;;;;UK
C5277;;Male;;Mumbai;7/10/2021;;;10;;;;
C5278;Amit;Female;;Mumbai;9/10/2025;21/11/2023;;4;user5277@mail.com;;;USA
C5279;Amit;Female;;;26/2/2021;;2483.84;1;user5278@mail.com;932956416;0932956416;UK
;Kiran;Female;;Ahmedabad;5/5/2022;;2290.69;1;;;;
C5281;Ravi;Male;;Pune;21/12/2022;;2106.64;10;user5280@mail.com;;;UK
C5282;Neha;Male;;Chennai;7/4/2021;20/10/2020;3861.02;1;;;;Australia
C5283;Ravi;Male;;Ahmedabad;14/10/2021;16/10/2021;;10;user5282mail.com;;;UK
;;Male;21;Mumbai;10/4/2024;;;1;user5283@mail.com;9157911568;9157911568;USA
;Ravi;Female;;Chennai;;;;5;user5284@mail.com;994773838;0994773838;India
C5286;Ankit;;49;Ahmedabad;4/9/2021;4/9/2021;;5;user5285@mail.com;;;USA
C5287;Simran;;;Mumbai;22/5/2023;23/9/2025;;;;;;Canada
C5288;Neha;Female;;;;;2254.07;1;;941254294;0941254294;Canada
;Pooja;;;Chennai;;;;5;;985477344;0985477344;India
C5290;Rahul;;;Pune;12/2/2023;17/9/2023;203.43;5;user5289mail.com;;;
;Rahul;Female;;Chennai;;;;1;user5290mail.com;;;Australia
;;Male;68;Mumbai;;6/1/2025;2444.54;;user5291@mail.com;929825421;0929825421;Canada
;Amit;Male;;Pune;;2/6/2021;;10;user5292mail.com;;;Canada
;Kiran;Female;34;Mumbai;28/3/2022;;;;user5293mail.com;945175824;0945175824;
C5295;Kiran;Male;;Bangalore;;;;1;user5294@mail.com;;;UK
C5296;Rahul;Female;22;Kolkata;8/12/2022;;;10;user5295@mail.com;;;USA
C5297;Sneha;Female;;Ahmedabad;;;;4;;;;USA
C5298;Ankit;Male;;Chennai;;;;2;user5297mail.com;;;UK
C5299;;Female;;Delhi;;;186.95;10;;;;Australia
C5300;Ankit;Male;;Kolkata;3/3/2025;;;1;user5299@mail.com;947356923;0947356923;USA
C5301;;;;Kolkata;;;;;user5300@mail.com;;;USA
C5302;Kiran;Male;;Pune;26/1/2024;30/11/2025;;1;user5301@mail.com;;;UK
;Simran;Male;58;Ahmedabad;2/7/2022;2/1/2022;;1;user5302@mail.com;;;Australia
C5304;Simran;Female;;Pune;;;;1;;9132765848;9132765848;Canada
C5305;Simran;Male;;Delhi;3/1/2026;;833.39;10;;;;USA
C5306;Kiran;;;Bangalore;;22/6/2025;;4;user5305@mail.com;994855278;0994855278;UK
C5307;Sneha;;;Mumbai;;18/8/2021;;;;;;Australia
;;Female;;;;;;1;;916954993;0916954993;Canada
C5309;Simran;Male;;Mumbai;;;;1;;9154289569;9154289569;USA
C5310;Ravi;Male;;Mumbai;;10/12/2025;;;;;;UK
C5311;Rahul;Male;27;Chennai;5/12/2022;;;2;;;;Canada
C5312;Amit;Male;44;Ahmedabad;24/5/2024;;3221.89;1;;;;UK
;Neha;Female;28;Hyderabad;18/5/2025;;;1;user5312@mail.com;9229861451;9229861451;UK
;Amit;Female;;Chennai;;;;1;user5313mail.com;95371132;0095371132;UK
C5315;Ankit;;;Mumbai;28/7/2023;;;1;user5314mail.com;;;UK
C5316;Neha;Male;;Mumbai;;;;1;user5315mail.com;9129918954;9129918954;
C5317;Kiran;Male;;Ahmedabad;6/11/2025;;;2;user5316@mail.com;;;Canada
C5318;Rahul;Male;26;Hyderabad;7/10/2024;;;1;user5317mail.com;;;Australia
C5319;Simran;Female;;Hyderabad;;;;;user5318@mail.com;;;Canada
C5320;Ankit;Female;;;;;;;user5319mail.com;;;Australia
C5321;Kiran;Male;32;Mumbai;16/10/2023;;;10;user5320mail.com;;;Canada
C5322;Pooja;;35;Ahmedabad;;24/3/2024;;1;user5321@mail.com;;;USA
C5323;Simran;;;Kolkata;31/8/2020;;;10;;9865732118;9865732118;USA
;Amit;Male;60;;;27/6/2024;;;user5323mail.com;;;Canada
C5325;Rahul;;50;Bangalore;;5/7/2023;;1;user5324mail.com;;;Australia
;Pooja;Female;;Mumbai;;10/8/2025;;10;user5325@mail.com;;;Canada
C5327;Simran;Female;;;9/10/2021;;;1;;;;UK
C5328;Pooja;Male;;Chennai;;;3744.22;;;;;
C5329;Priya;;46;Pune;;;;1;;93826747;0093826747;Australia
C5330;Priya;Female;;Kolkata;27/8/2023;;;;user5329mail.com;;;UK
C5331;Kiran;;;Pune;18/11/2020;6/9/2024;;1;;;;India
C5332;Neha;;;Mumbai;31/8/2021;;;;user5331mail.com;;;Canada
C5333;Amit;Male;;Pune;26/12/2023;;4114.3;;user5332mail.com;;;Australia
;Rahul;Female;60;Chennai;;18/5/2024;;1;user5333mail.com;91715623;0091715623;Canada
C5335;Simran;;;Hyderabad;;;1549.06;1;user5334@mail.com;;;USA
C5336;Ankit;Male;31;Kolkata;;16/7/2021;3808.86;;user5335@mail.com;;;Australia
;Ravi;;35;Pune;;;1401.87;;;;;Canada
C5338;Priya;Male;;Kolkata;;25/12/2025;;1;;;;
;Priya;Male;56;Ahmedabad;13/6/2024;;4346.47;10;;9369648;0009369648;UK
C5340;Simran;Female;38;Delhi;;;;;user5339mail.com;;;Canada
;Ankit;Male;;Pune;9/12/2021;21/8/2020;3680.25;3;;9285759442;9285759442;Canada
C5342;Amit;;30;Kolkata;9/7/2022;;2182.87;4;user5341@mail.com;;;Canada
C5343;;;20;Chennai;;1/4/2021;422.88;10;user5342@mail.com;919849277;0919849277;USA
C5344;;Male;;Hyderabad;10/1/2023;;;1;;;;India
C5345;Ravi;Female;26;Hyderabad;;25/1/2026;;;user5344@mail.com;;;Australia
C5346;Neha;;;Hyderabad;22/12/2021;;;;user5345@mail.com;;;UK
C5347;Priya;Female;;Ahmedabad;4/1/2026;;;4;;96263778;0096263778;
C5348;Priya;Male;64;Bangalore;17/11/2021;;;10;;;;Canada
C5349;Rahul;Male;;Mumbai;27/1/2022;;;10;user5348mail.com;;;
C5350;Simran;Male;;Kolkata;;13/12/2021;;;user5349mail.com;;;UK
C5351;Priya;Male;;Ahmedabad;4/9/2020;;;3;user5350mail.com;;;USA
C5352;Amit;Female;29;Chennai;26/2/2025;;1338.76;10;;;;UK
C5353;Priya;;;;29/4/2023;6/8/2020;427.77;1;user5352@mail.com;;;Canada
;Neha;Male;;Hyderabad;11/12/2020;;;10;;;;Canada
;;Male;;;29/8/2023;30/8/2024;;10;user5354mail.com;9171552892;9171552892;UK
C5356;;Male;26;Pune;;7/8/2022;;10;user5355@mail.com;;;India
C5357;Ravi;;;Chennai;;;;10;;;;
;;Female;62;Kolkata;9/10/2025;;;;user5357@mail.com;9821765895;9821765895;UK
C5359;Priya;;;Bangalore;;;;5;user5358mail.com;;;Canada
C5360;Kiran;Female;;Hyderabad;26/2/2024;;320.63;3;user5359mail.com;;;India
C5361;Rahul;;;Delhi;28/11/2025;;;2;user5360@mail.com;;;India
C5362;;;22;Hyderabad;9/12/2022;;3225.8;10;;;;
C5363;Sneha;Male;;Hyderabad;;11/4/2024;4708.18;2;;;;UK
C5364;Rahul;Male;;Pune;;;;1;user5363@mail.com;;;UK
;Pooja;;;Delhi;;;;1;user5364@mail.com;;;USA
C5366;Ankit;;40;Bangalore;;28/2/2024;;;user5365@mail.com;;;UK
C5367;Ravi;Male;;Chennai;;16/12/2020;;1;user5366mail.com;;;Canada
;;;;Delhi;;9/3/2025;1621.98;1;user5367@mail.com;;;
C5369;;Female;;Pune;;28/7/2021;;1;;981333156;0981333156;
C5370;;;;;;;;10;;;;Canada
C5371;;Female;;Chennai;;27/4/2025;;2;;;;Australia
C5372;;;;Chennai;;27/7/2022;;1;user5371@mail.com;;;Canada
C5373;;Female;;;10/7/2021;7/11/2023;;10;user5372@mail.com;;;India
C5374;Neha;Male;;Pune;;13/2/2025;;10;user5373mail.com;;;Australia
C5375;Ankit;Female;;Kolkata;10/1/2022;;;3;user5374mail.com;;;
C5376;Priya;Male;;Pune;;;;;;9425978119;9425978119;USA
;Ankit;Female;;;;;;1;user5376@mail.com;9462997877;9462997877;USA
;Sneha;Female;;Delhi;;;;1;user5377mail.com;;;USA
C5379;Simran;Male;;Kolkata;24/4/2024;20/5/2021;;1;;982469692;0982469692;Australia
;Ankit;Female;65;;;22/9/2024;;10;;;;
C5381;Neha;Male;;Mumbai;;15/11/2025;;1;;9915294539;9915294539;Australia
C5382;Ravi;Male;20;Kolkata;;;;1;user5381@mail.com;;;Australia
C5383;;Female;;Hyderabad;5/12/2022;22/2/2023;;5;user5382@mail.com;;;USA
C5384;Simran;Female;70;Kolkata;29/3/2023;;;10;user5383@mail.com;;;UK
;Amit;Female;;Bangalore;;;;;;;;India
C5386;Priya;;;Pune;5/8/2022;;;10;user5385mail.com;;;
C5387;Ravi;Male;;;;7/2/2022;;10;;;;Australia
C5388;Sneha;;;Ahmedabad;22/2/2024;;;10;user5387@mail.com;;;Australia
;;Male;49;Ahmedabad;3/6/2021;;;10;;;;Australia
C5390;Neha;Male;;Bangalore;19/11/2025;21/1/2025;;5;user5389@mail.com;;;USA
C5391;;Female;;Mumbai;;;;2;;9847692358;9847692358;Canada
C5392;Ravi;Male;;;;;;;;9914615996;9914615996;
C5393;;Female;;Hyderabad;;7/1/2021;;;user5392mail.com;;;
C5394;Ankit;Female;;Mumbai;;;76.87;;;;;USA
C5395;Ravi;;;Pune;4/11/2025;;;10;user5394mail.com;;;USA
;Sneha;Female;45;Hyderabad;;;;;;;;USA
C5397;Amit;Female;;Pune;;;;10;;;;India
C5398;Ankit;Female;;Ahmedabad;1/12/2022;;;1;;926617437;0926617437;UK
C5399;;Female;;Bangalore;;;;;user5398@mail.com;;;India
C5400;Ankit;Female;;Hyderabad;;14/9/2023;;10;user5399mail.com;;;
C5401;;Female;;Ahmedabad;;28/4/2023;;10;user5400mail.com;;;India
C5402;Pooja;Female;;Delhi;5/5/2025;;;1;user5401mail.com;;;Australia
C5403;Rahul;Female;;Pune;;6/7/2022;;1;user5402mail.com;;;India
C5404;Sneha;Male;;Kolkata;;;3414.42;10;;;;Australia
C5405;Simran;Female;;Hyderabad;11/12/2022;;;1;;;;India
;;Male;;Hyderabad;8/10/2023;;;10;user5405@mail.com;9444337386;9444337386;Canada
;Neha;Female;;Kolkata;;18/8/2024;;2;user5406@mail.com;;;UK
C5408;Simran;Male;;Mumbai;;;;1;;;;UK
;Amit;Female;;;10/11/2024;;;;user5408mail.com;;;India
C5410;;Male;60;Hyderabad;6/12/2020;;;1;;;;
C5411;Priya;Male;;Pune;;27/11/2021;;1;user5410@mail.com;;;Canada
C5412;Ankit;Female;;Delhi;17/1/2021;;;10;user5411@mail.com;;;
;Simran;Female;;Chennai;29/5/2025;22/12/2024;;1;;;;
C5414;Rahul;Male;;Hyderabad;;31/10/2022;;4;;;;Australia
C5415;Rahul;Female;;Chennai;23/7/2025;;;10;user5414mail.com;;;Australia
C5416;Ravi;;23;;2/12/2022;16/2/2021;;3;;;;USA
C5417;Rahul;Male;35;;6/11/2020;9/9/2021;;3;user5416@mail.com;;;Australia
C5418;Pooja;Female;;Chennai;21/6/2021;;;3;;;;
C5419;Ankit;Male;;Mumbai;;;;10;user5418@mail.com;957766897;0957766897;UK
;Kiran;Male;;Delhi;;;;1;;;;
;Amit;;52;Hyderabad;;25/3/2021;;4;user5420mail.com;963947295;0963947295;Australia
C5422;Kiran;;;Delhi;13/11/2021;;;1;user5421@mail.com;927517879;0927517879;India
C5423;Kiran;Male;;Kolkata;26/9/2022;;;1;;;;
C5424;Ravi;;34;Kolkata;4/11/2025;28/4/2023;;10;;;;Australia
C5425;Ankit;;20;Bangalore;;18/6/2021;;10;;;;
C5426;;Male;;Hyderabad;24/9/2020;;;1;user5425@mail.com;;;Australia
C5427;Simran;Male;;Mumbai;;;854.9;3;;;;
C5428;;Female;;Kolkata;;;;;;;;UK
C5429;Priya;Male;;Hyderabad;;7/4/2024;;1;user5428@mail.com;;;UK
C5430;Neha;Female;;Kolkata;23/5/2025;;;10;;;;India
;Sneha;;25;Bangalore;11/4/2022;;;1;user5430mail.com;;;Canada
C5432;;;;;;;;3;user5431@mail.com;;;Canada
;Ankit;;;Chennai;12/9/2024;;4612.31;10;user5432@mail.com;;;Canada
C5434;Amit;;23;;;;;1;user5433@mail.com;;;UK
C5435;Priya;Female;42;Pune;;9/9/2020;;10;user5434@mail.com;932917739;0932917739;UK
C5436;;Male;;Bangalore;;;2182.03;5;;;;
;Sneha;Female;;;16/10/2023;;;10;user5436@mail.com;;;UK
C5438;Pooja;Male;;Pune;;;;10;user5437mail.com;;;Canada
C5439;Sneha;Male;;Hyderabad;;;;3;user5438@mail.com;;;Canada
C5440;Ankit;Female;;;;;2035.64;1;;9784336122;9784336122;USA
C5441;Kiran;;;Pune;27/11/2022;;;3;;;;
C5442;Ankit;Female;;Chennai;;;;;;92258489;0092258489;Canada
C5443;Ravi;Female;;Chennai;;;363.89;10;user5442mail.com;9361128146;9361128146;India
C5444;Ankit;;;Bangalore;;;2619.28;1;user5443mail.com;;;UK
C5445;Simran;Male;;Bangalore;21/5/2023;;;1;user5444@mail.com;;;
;Ankit;;43;Mumbai;19/8/2022;;;4;user5445mail.com;;;USA
C5447;Ravi;;;Mumbai;19/11/2023;;4447.63;4;user5446@mail.com;9279647398;9279647398;India
C5448;Ankit;Male;35;Bangalore;;;3556.34;10;user5447mail.com;;;India
C5449;;Male;;;4/3/2021;28/5/2023;;1;;;;UK
C5450;Ravi;Male;;Chennai;;7/8/2020;;2;user5449@mail.com;;;UK
;Ankit;Female;;Bangalore;;;3099.55;2;user5450mail.com;;;Canada
C5452;Neha;Female;47;Mumbai;;;;2;user5451@mail.com;;;USA
C5453;Kiran;Male;46;Kolkata;30/8/2022;;;3;;991972997;0991972997;UK
C5454;Ravi;Female;;Delhi;20/1/2021;;;5;user5453@mail.com;911229376;0911229376;USA
C5455;;Female;;;26/11/2025;;2387.49;1;user5454mail.com;;;USA
;Pooja;Male;18;Bangalore;20/3/2021;25/3/2025;;;;;;UK
C5457;Pooja;Female;26;Ahmedabad;;;;10;user5456mail.com;9226993761;9226993761;USA
C5458;Amit;;;Chennai;6/2/2021;;;10;;9358933651;9358933651;Canada
C5459;Ravi;Male;24;Ahmedabad;;;;10;;;;
C5460;Rahul;Male;;Kolkata;;15/7/2025;;5;user5459mail.com;;;Canada
;;Male;27;Ahmedabad;;;;1;user5460mail.com;9957488436;9957488436;Australia
;Amit;Male;;;;26/4/2024;;1;;997117387;0997117387;UK
C5463;Sneha;Female;;Delhi;14/1/2022;;1958.57;10;;;;Australia
C5464;Amit;Female;;Pune;;;3180.63;;user5463mail.com;9382696548;9382696548;USA
C5465;Amit;;;Chennai;;;323.23;10;user5464@mail.com;;;India
;Ankit;Female;;Ahmedabad;;;;;;;;Australia
C5467;Rahul;Female;;;14/2/2023;17/6/2023;;10;user5466mail.com;;;USA
;Sneha;Female;27;Chennai;15/9/2025;;;10;;912845166;0912845166;Canada
C5469;Ankit;Male;;Bangalore;;;;10;;957599734;0957599734;Australia
C5470;Neha;Female;;Bangalore;14/12/2020;;;1;user5469@mail.com;;;
C5471;;Female;;Delhi;;30/7/2023;;10;;;;India
C5472;;Male;;Pune;12/7/2022;;;10;;;;Australia
C5473;Simran;Male;44;Hyderabad;5/12/2024;21/4/2025;;;user5472mail.com;9724223586;9724223586;India
C5474;Simran;Female;;Hyderabad;;;845.11;1;user5473@mail.com;;;
;;;;Ahmedabad;;;;3;;;;India
C5476;Simran;Male;;Hyderabad;;25/12/2020;;10;;979799495;0979799495;UK
;Kiran;Female;;Bangalore;;;;3;user5476@mail.com;94492569;0094492569;Canada
C5478;Neha;Female;;;4/2/2022;;;;;;;UK
;Pooja;Male;;Chennai;;;;5;user5478mail.com;;;USA
C5480;Priya;Male;;Hyderabad;23/12/2021;29/3/2025;;10;user5479mail.com;;;USA
C5481;Amit;;;;;24/5/2025;;3;;;;Australia
C5482;Priya;Female;;Bangalore;6/7/2023;;;3;;;;
C5483;Neha;Male;33;;;;;10;user5482mail.com;;;USA
C5484;Amit;;;;;;;1;user5483@mail.com;;;Canada
;Ankit;Male;;Chennai;;19/4/2025;;10;;;;
C5486;Rahul;Female;;Pune;1/4/2021;22/4/2023;;5;;;;
C5487;;Female;;Chennai;;;4997.87;4;user5486mail.com;94999683;0094999683;India
;;Female;;;31/8/2022;23/7/2022;787.16;1;;;;UK
;Priya;;;Delhi;3/2/2021;;;;;;;
C5490;;;;Kolkata;;13/6/2025;;10;;;;India
C5491;Simran;Female;;Delhi;;22/9/2025;;1;;;;Canada
C5492;Sneha;Female;53;Ahmedabad;26/4/2025;;;;user5491@mail.com;917451147;0917451147;USA
C5493;Ravi;Male;54;Delhi;;;;;;;;Canada
C5494;Rahul;Male;;Hyderabad;;;;10;user5493@mail.com;;;Australia
C5495;;Female;;Ahmedabad;28/11/2020;;;1;user5494@mail.com;;;Canada
C5496;;Female;;Delhi;;8/1/2021;;10;user5495mail.com;;;India
C5497;Priya;Male;;Kolkata;;;;1;user5496@mail.com;9816677166;9816677166;India
C5498;Ankit;Male;;Hyderabad;;;;;;;;
C5499;Priya;Female;;Mumbai;12/6/2025;1/8/2025;;10;user5498mail.com;;;UK
;Amit;Male;24;Pune;;;;1;;;;UK
;Sneha;Male;;Bangalore;;30/12/2022;;2;user5500mail.com;9859658744;9859658744;Australia
C5502;Sneha;;;Delhi;19/10/2024;;;10;user5501@mail.com;;;
C5503;Priya;Female;;Chennai;22/5/2025;30/12/2020;;10;;988549976;0988549976;Canada
;Kiran;Female;;Bangalore;;;;;user5503mail.com;;;India
C5505;;Female;;Pune;;;150.09;5;user5504@mail.com;;;Australia
;;Male;;Pune;;14/2/2025;;1;user5505@mail.com;;;UK
C5507;Rahul;Male;;Ahmedabad;29/10/2025;24/9/2022;1779.63;1;user5506@mail.com;95969971;0095969971;UK
C5508;Amit;Female;18;;15/3/2024;;;1;;;;Australia
C5509;Priya;Female;;Ahmedabad;4/10/2020;25/7/2022;;1;user5508mail.com;;;Australia
C5510;Pooja;;47;Hyderabad;10/1/2024;;;;user5509@mail.com;;;USA
C5511;Sneha;Male;;Pune;;9/9/2023;758.99;10;;;;USA
;Sneha;Male;27;Kolkata;29/10/2022;;4183.7;1;;;;
C5513;Simran;Female;30;Mumbai;;24/8/2024;4177.36;;;9563627596;9563627596;UK
C5514;Kiran;Female;;Bangalore;;;;1;;;;USA
C5515;Ravi;Male;;Kolkata;5/10/2022;;;10;;;;UK
C5516;Priya;Male;;Kolkata;6/1/2024;;;4;;;;
C5517;Sneha;Male;;Hyderabad;19/1/2024;;;10;user5516mail.com;;;
C5518;Sneha;Female;;Ahmedabad;;;;3;user5517@mail.com;98394946;0098394946;UK
C5519;Rahul;Male;;Bangalore;;3/10/2022;;10;user5518mail.com;;;USA
C5520;Rahul;Female;;Chennai;;4/11/2025;2078.05;10;user5519@mail.com;;;
C5521;;Female;18;Mumbai;10/7/2023;;;1;user5520mail.com;;;
;Ravi;;;Kolkata;24/1/2022;3/9/2020;1561.99;1;;;;
C5523;Kiran;Female;;Hyderabad;25/9/2023;;2572.37;10;user5522@mail.com;9979338;0009979338;USA
;Amit;;;Hyderabad;7/12/2020;11/12/2021;;10;;;;Canada
C5525;Ankit;Male;;Delhi;;;;1;user5524mail.com;;;Canada
C5526;;;;Mumbai;5/5/2024;;;1;user5525@mail.com;;;Canada
C5527;Amit;;46;Ahmedabad;3/10/2020;3/8/2022;;1;user5526mail.com;;;
;;Female;;Mumbai;;;;;;;;India
C5529;Neha;Female;;Chennai;;;;1;user5528mail.com;;;India
C5530;Priya;;;Ahmedabad;;28/12/2023;;1;user5529@mail.com;975591245;0975591245;Canada
;Priya;Male;39;Mumbai;;;;;;;;Australia
C5532;Rahul;Male;;Hyderabad;;;;3;user5531@mail.com;9774264846;9774264846;
C5533;Pooja;Male;67;;21/10/2023;;;1;user5532@mail.com;;;UK
;;;;Bangalore;13/7/2024;2/1/2022;;3;;;;India
C5535;Sneha;Female;;Mumbai;19/2/2025;;;10;;9577211434;9577211434;USA
;Sneha;Female;;Chennai;4/11/2025;8/4/2022;;10;user5535mail.com;;;Canada
C5537;Ravi;;;;;;;10;;;;USA
C5538;Priya;Female;42;Hyderabad;3/6/2022;;;10;;;;India
C5539;Neha;Female;;Kolkata;6/8/2023;;1522.97;10;;;;Australia
C5540;Rahul;Male;66;Hyderabad;15/9/2021;;175.51;3;user5539@mail.com;;;India
C5541;Pooja;Female;;;;;;;;;;UK
C5542;Neha;Female;;Chennai;;;;10;;;;India
C5543;Rahul;Male;;Kolkata;;;985.66;5;;9345273677;9345273677;USA
;;Male;;Delhi;7/9/2024;;;5;;;;
C5545;;;;Chennai;18/6/2021;;;;;;;
C5546;Sneha;Female;;Delhi;;;;;;;;UK
C5547;;Male;;Pune;23/1/2024;;;10;;;;
;Amit;Female;;Bangalore;11/6/2024;11/1/2023;4420.22;1;;;;USA
;Rahul;Male;33;Kolkata;;;;5;;;;USA
C5550;;Male;60;Ahmedabad;10/3/2024;;;3;;917973488;0917973488;India
C5551;;Female;;Bangalore;;;;1;;;;USA
C5552;Rahul;Female;;Bangalore;;10/10/2023;;;;9817463936;9817463936;UK
C5553;Neha;Male;;Pune;;11/11/2024;;;;;;UK
C5554;Neha;Female;;Ahmedabad;28/8/2020;17/8/2021;2785.11;;;9831238;0009831238;Canada
;Ravi;Male;41;Mumbai;27/11/2021;;4505.91;10;user5554mail.com;;;USA
C5556;;Male;;Pune;;5/5/2025;;1;user5555@mail.com;;;UK
C5557;;Male;;;;26/8/2023;1089.27;10;user5556mail.com;;;USA
;Ravi;Male;30;Mumbai;;;;1;;;;Canada
;Amit;Male;58;Mumbai;;;;3;user5558mail.com;976512877;0976512877;
C5560;Ravi;Female;;;;;2042.91;1;;;;India
C5561;Rahul;Female;;Mumbai;;;351.9;;;;;UK
C5562;;Female;47;Bangalore;2/12/2024;4/1/2025;;1;user5561@mail.com;965525635;0965525635;India
C5563;;Female;;Bangalore;;;;;;;;
C5564;Sneha;Female;;Ahmedabad;;;;10;user5563@mail.com;;;
C5565;;;;Bangalore;26/5/2023;;;1;user5564@mail.com;93598829;0093598829;UK
C5566;Rahul;;;Mumbai;;;;10;user5565@mail.com;;;Canada
C5567;;Male;;Chennai;;10/9/2022;;;;9247571374;9247571374;
C5568;Priya;;;Mumbai;3/1/2022;24/12/2023;;10;user5567@mail.com;;;India
C5569;Amit;;;Chennai;30/8/2023;10/2/2021;;10;;;;India
C5570;Ravi;Male;;Bangalore;29/9/2025;;256.89;2;;;;UK
C5571;Priya;Male;;Bangalore;;;;1;user5570mail.com;;;Australia
;Sneha;;55;;;;;5;user5571@mail.com;;;
C5573;Rahul;Female;;Bangalore;;22/4/2024;;2;user5572@mail.com;946341134;0946341134;UK
C5574;Sneha;Female;;Mumbai;;;;10;;;;Canada
C5575;Rahul;Male;;Mumbai;29/12/2020;;;3;user5574mail.com;986598397;0986598397;India
C5576;;Female;;Delhi;16/6/2022;;;1;;;;USA
C5577;Ravi;;;Hyderabad;;1/6/2023;2576.89;;;;;Canada
C5578;Kiran;Male;;Kolkata;;;;10;user5577@mail.com;;;Australia
C5579;;Male;;Chennai;25/3/2025;16/8/2025;;;user5578mail.com;;;Australia
C5580;;Male;;Hyderabad;;;;10;;;;Australia
C5581;Ankit;Male;69;Pune;;;;10;;963196827;0963196827;USA
C5582;;Male;;Chennai;31/5/2022;22/6/2025;;1;user5581@mail.com;;;Canada
C5583;Ravi;Female;;Hyderabad;5/9/2021;;;3;user5582mail.com;;;Australia
C5584;Neha;Female;;Mumbai;;;481.55;1;user5583@mail.com;962643279;0962643279;Australia
;Kiran;Female;;Delhi;5/3/2021;2/5/2023;1833.38;1;;;;Canada
C5586;Pooja;Male;;;;;;1;;;;Australia
C5587;Pooja;Female;31;Mumbai;;;;1;user5586mail.com;;;Canada
C5588;Amit;Male;;Hyderabad;18/2/2022;;;1;;;;Canada
;Priya;;;Pune;;;;4;;;;
C5590;Sneha;;50;Hyderabad;;;;1;user5589mail.com;;;
C5591;Kiran;Female;43;;;;;2;;;;
C5592;Sneha;;;Pune;23/7/2024;;;10;;;;India
C5593;Sneha;Female;;Ahmedabad;22/10/2025;29/12/2022;;5;user5592mail.com;;;India
C5594;Neha;Female;;Chennai;28/9/2022;;4587.57;1;;;;UK
C5595;Sneha;Male;;Mumbai;;;;1;;;;UK
C5596;Ravi;;69;Mumbai;5/4/2023;;;10;;;;UK
C5597;;Female;39;Kolkata;17/4/2024;;;;user5596mail.com;981914986;0981914986;USA
C5598;Sneha;Female;61;Kolkata;;6/5/2025;;4;;;;India
C5599;Rahul;Female;56;Chennai;9/1/2024;;2612.22;4;user5598mail.com;9195663626;9195663626;Australia
;;;;Pune;24/10/2022;16/4/2023;;1;;937966486;0937966486;
;Ravi;Male;;Delhi;;15/11/2024;;1;;;;India
;Ravi;Female;;Ahmedabad;;;;;;;;USA
;Priya;;;Bangalore;22/9/2023;;3841.51;1;;;;India
C5604;Sneha;Female;;Kolkata;;;2679.95;;user5603@mail.com;;;India
;Sneha;;;Hyderabad;15/6/2025;14/1/2025;;1;;;;
C5606;Ankit;Male;;Chennai;;;;;user5605mail.com;;;India
C5607;Priya;Female;43;Pune;;9/12/2021;2783.26;;user5606@mail.com;;;India
C5608;Kiran;;60;Pune;29/12/2023;;;1;;;;
C5609;Neha;Male;;Ahmedabad;13/5/2023;;339.7;1;user5608@mail.com;;;India
C5610;Ankit;Male;;Chennai;;;;;;;;India
C5611;Pooja;Male;;Pune;;12/7/2025;;;;;;Australia
C5612;Ravi;;;Hyderabad;;;;1;user5611@mail.com;;;Canada
C5613;Kiran;;;Hyderabad;;;;1;;99893798;0099893798;
C5614;Ankit;Male;;Chennai;14/8/2025;;;;user5613@mail.com;;;Australia
C5615;Kiran;Female;;Chennai;15/7/2024;;4967.76;1;user5614@mail.com;;;USA
;Simran;Male;42;Bangalore;;;;2;;;;UK
C5617;;;57;Bangalore;;;;;;;;India
C5618;Priya;;61;Mumbai;;;;5;user5617@mail.com;94684119;0094684119;Canada
C5619;Sneha;Male;21;Chennai;;;;;user5618@mail.com;9366257;0009366257;Australia
C5620;Rahul;Male;;Hyderabad;13/5/2021;1/9/2022;;1;;;;Canada
C5621;;Male;;Chennai;10/12/2020;8/10/2025;;10;;93642616;0093642616;Australia
C5622;Rahul;Male;67;Ahmedabad;;;2088.12;1;;;;India
C5623;Kiran;Female;;Pune;21/4/2025;;;2;;;;
C5624;Rahul;Female;;Hyderabad;;;144.69;2;user5623@mail.com;966295836;0966295836;Canada
;Neha;Female;;Delhi;26/4/2021;;;1;user5624mail.com;;;Canada
C5626;;Male;;Mumbai;1/3/2021;;599.46;10;user5625mail.com;9249467218;9249467218;
;Ravi;Female;;Kolkata;20/7/2025;29/5/2021;;1;;;;
C5628;Ravi;Male;;Mumbai;6/8/2021;;;;;;;Canada
C5629;;Male;22;Kolkata;;24/12/2022;;1;;;;
C5630;Ravi;;;;;;201.89;;user5629mail.com;;;India
C5631;Simran;Male;;;18/11/2020;15/1/2021;;1;;;;Australia
C5632;Ankit;Female;;Mumbai;26/8/2021;;1427.6;1;;;;Australia
C5633;;Male;;Pune;;;;10;;;;UK
C5634;Sneha;Male;;Mumbai;;6/10/2020;2692.05;2;user5633@mail.com;;;Canada
C5635;Simran;Male;;Pune;23/4/2022;;;10;user5634@mail.com;;;
C5636;Pooja;Female;;Pune;8/6/2023;;;5;user5635@mail.com;958266144;0958266144;Australia
C5637;Rahul;;23;Hyderabad;;;;10;user5636@mail.com;9277635991;9277635991;Australia
C5638;Sneha;;;Delhi;;;;;user5637@mail.com;;;USA
C5639;Amit;Female;;Bangalore;14/11/2023;;;5;user5638@mail.com;9484967882;9484967882;UK
C5640;Pooja;Female;;Pune;;9/1/2026;;10;;;;India
;Kiran;Male;59;Kolkata;;;;10;user5640mail.com;;;Australia
C5642;Rahul;Female;;Bangalore;2/3/2025;;;;user5641mail.com;;;USA
C5643;Simran;;;Delhi;20/10/2022;29/5/2023;;1;;92449545;0092449545;UK
C5644;Sneha;Male;;Delhi;;;;10;;;;
;Neha;Female;;Delhi;30/7/2023;;;;user5644mail.com;;;USA
C5646;Kiran;Female;;Ahmedabad;30/1/2021;;727.64;1;user5645mail.com;;;USA
;Pooja;Male;;Hyderabad;;;;1;user5646mail.com;;;USA
C5648;Kiran;Female;31;Bangalore;10/1/2021;27/8/2021;628.99;10;;9519417139;9519417139;UK
C5649;Ravi;Male;;Bangalore;;;3457.98;5;;;;UK
C5650;Ankit;Male;29;Mumbai;8/12/2021;26/1/2023;1806.71;;user5649mail.com;9345469129;9345469129;India
;Rahul;Female;;Delhi;;;;;;;;USA
C5652;Amit;Male;;Mumbai;21/6/2025;23/1/2022;;;user5651mail.com;;;UK
C5653;Pooja;Male;30;Kolkata;6/7/2024;;;10;user5652@mail.com;;;USA
C5654;Ravi;;;Bangalore;;26/10/2023;;3;user5653mail.com;;;India
C5655;Amit;;;Ahmedabad;6/7/2025;;;10;user5654mail.com;;;Canada
;Ravi;Female;27;Pune;;;4647.98;;user5655mail.com;;;India
C5657;Pooja;;62;;23/8/2024;;;;;;;India
C5658;Sneha;Male;;Kolkata;9/9/2021;6/8/2022;;10;;979189797;0979189797;Canada
C5659;Pooja;Female;;Hyderabad;21/6/2024;;;3;user5658mail.com;9766382825;9766382825;UK
C5660;Pooja;Male;;Kolkata;5/5/2025;;4977.36;1;;;;India
C5661;Priya;Male;;;22/7/2021;;1505.3;10;;;;India
;Ravi;Female;;Chennai;7/4/2022;;;;;;;India
C5663;;Female;;Kolkata;22/6/2024;26/3/2024;1299.42;10;user5662mail.com;;;USA
C5664;Rahul;Male;;Delhi;;;3585.22;;;;;India
C5665;Rahul;Male;;Kolkata;;;2403.64;10;user5664mail.com;;;
;Ankit;Male;59;Mumbai;20/11/2021;;;2;;;;Australia
C5667;Ankit;Female;;Pune;;;1801.94;1;user5666@mail.com;;;Canada
C5668;Sneha;Male;;Pune;24/2/2024;;;10;user5667mail.com;;;Canada
C5669;Sneha;Male;37;Bangalore;;;;10;user5668mail.com;988787448;0988787448;UK
C5670;Pooja;Male;;Hyderabad;;9/5/2022;3597.48;10;;;;Australia
C5671;Simran;;40;Bangalore;;;;1;user5670mail.com;;;UK
C5672;Kiran;Male;;Pune;;6/11/2023;;10;;975224697;0975224697;UK
C5673;;Female;;Hyderabad;18/8/2024;20/9/2025;;;user5672mail.com;;;Australia
C5674;Neha;Female;40;Pune;;30/8/2025;1716.24;1;user5673@mail.com;;;India
C5675;Sneha;Female;42;Chennai;;;;10;;;;Australia
C5676;Neha;Female;;Ahmedabad;18/9/2024;;;;;;;India
C5677;Sneha;;26;Delhi;;;;10;;;;
;Amit;Male;;Pune;9/3/2022;;;10;user5677@mail.com;;;Australia
C5679;Simran;Male;67;Kolkata;9/6/2025;;;10;;9298436219;9298436219;USA
;Pooja;Male;;Delhi;5/9/2022;;637.48;1;user5679mail.com;99333938;0099333938;USA
C5681;Simran;Male;;Bangalore;;;1141.01;4;;;;Australia
;Amit;Female;;Chennai;;;;10;;;;Australia
C5683;;Female;;Delhi;;;3900.45;;;;;India
C5684;Amit;;;Chennai;30/10/2021;;;10;;;;Canada
C5685;Pooja;;51;Chennai;;14/8/2021;;;;;;
C5686;Amit;Female;;Ahmedabad;;;;;;9747697121;9747697121;
C5687;;Male;32;;13/8/2023;;929.51;3;user5686@mail.com;9244455858;9244455858;Australia
C5688;Rahul;Male;39;Chennai;22/12/2022;;;;user5687mail.com;9812616954;9812616954;USA
C5689;Sneha;Female;;Ahmedabad;9/5/2023;;2545.73;4;user5688@mail.com;;;UK
C5690;Ravi;Male;;Delhi;;;;3;;;;UK
;;Male;27;Chennai;3/8/2023;8/9/2021;;;user5690@mail.com;;;UK
C5692;Rahul;Male;;Kolkata;;;;1;user5691mail.com;9257698922;9257698922;
C5693;;Female;19;Kolkata;;9/5/2025;;;user5692@mail.com;;;
;Rahul;Male;30;Pune;9/1/2025;;;10;user5693@mail.com;;;UK
C5695;Priya;Male;;Chennai;;13/9/2025;;10;;;;Canada
C5696;;;;Chennai;;;1901.25;;;9885213145;9885213145;Canada
C5697;;Female;26;;17/8/2025;;4591.58;2;user5696mail.com;;;USA
;;Female;19;Mumbai;3/2/2023;;;1;user5697mail.com;;;
C5699;Kiran;;;Kolkata;;;;1;user5698mail.com;9169899589;9169899589;Australia
C5700;Sneha;;;Chennai;;10/1/2025;;;;934881195;0934881195;UK
C5701;Amit;;40;;;25/11/2023;3371.95;1;;;;
C5702;Sneha;Male;47;Delhi;3/6/2022;14/8/2025;;10;user5701mail.com;;;Canada
C5703;Ankit;Female;;Chennai;27/4/2023;;;1;user5702@mail.com;;;Australia
C5704;Rahul;;;Bangalore;;;;1;;98394238;0098394238;UK
C5705;Neha;Male;;Ahmedabad;;;;5;user5704mail.com;;;India
;Neha;;;Ahmedabad;5/10/2020;;1474.33;2;;;;Australia
C5707;Pooja;Female;;Delhi;;;;1;;;;India
C5708;;Female;;;9/10/2020;;537.74;;;;;USA
C5709;Ravi;Female;;Pune;3/5/2023;;2167.7;1;;9852826494;9852826494;UK
C5710;Pooja;Female;;Chennai;;16/1/2026;;;;9329722935;9329722935;Canada
;Rahul;Male;;Hyderabad;;13/8/2024;;;;;;Canada
C5712;Rahul;;;Pune;29/6/2023;;;;;;;USA
;;Female;;Pune;6/7/2024;;;10;user5712@mail.com;;;USA
C5714;Ankit;Female;;;27/8/2025;;;1;;;;USA
C5715;Ravi;Female;;Bangalore;2/1/2025;;;2;;;;USA
;Neha;Female;;;18/6/2024;;;1;;;;
C5717;Rahul;Female;;Delhi;28/6/2023;;;1;user5716mail.com;992138921;0992138921;UK
;Ankit;Male;;Pune;;;4408.21;;user5717@mail.com;;;Canada
C5719;Priya;;;;;;1760.42;;;;;India
C5720;Kiran;Male;;Kolkata;;;;10;;;;UK
C5721;Ankit;;;Hyderabad;23/3/2023;;;;user5720mail.com;;;Canada
;;Female;;Ahmedabad;;;4524.61;1;;;;USA
;Simran;;;Ahmedabad;;;2863.82;10;;9913681;0009913681;UK
C5724;Amit;;;Kolkata;;;785.65;;;;;USA
C5725;Sneha;;;Delhi;15/6/2022;;4872.89;3;;;;UK
;Rahul;;;Mumbai;;;1136.46;1;;9758524741;9758524741;Canada
;Rahul;Female;51;;;16/11/2025;;1;;;;India
C5728;Kiran;;;Delhi;30/5/2024;31/8/2023;987.74;1;;;;UK
;Priya;Male;;Delhi;4/8/2025;8/3/2021;1973.88;10;user5728mail.com;;;UK
;Amit;Male;;Pune;;6/11/2025;;3;;;;USA
C5731;Priya;Female;;Hyderabad;28/2/2024;;;1;user5730@mail.com;;;India
C5732;Neha;Male;40;Chennai;;;2727.76;10;;;;
C5733;Ankit;Female;;Mumbai;23/11/2023;;;1;;9374981457;9374981457;India
C5734;;;;Chennai;;;;1;;;;UK
C5735;Neha;Female;;Mumbai;;30/4/2023;;1;user5734@mail.com;;;India
C5736;Neha;Female;;Ahmedabad;;;;1;user5735mail.com;;;UK
;Priya;Female;31;Chennai;;6/1/2024;;;;9367415481;9367415481;USA
C5738;;Female;;Bangalore;;;;3;;;;UK
C5739;Ravi;;;Ahmedabad;23/8/2024;;;5;user5738mail.com;;;India
C5740;Neha;Female;;Chennai;;;;;user5739mail.com;;;
C5741;Rahul;Male;;Ahmedabad;1/10/2022;6/8/2021;3154.45;1;;;;
C5742;;Male;;Kolkata;;30/5/2022;;;;;;UK
;Rahul;Female;;Hyderabad;2/9/2024;;2564.43;10;user5742mail.com;95569693;0095569693;India
C5744;Ravi;Male;;Mumbai;;;;1;user5743@mail.com;;;UK
;;Female;;Hyderabad;8/11/2024;;;10;user5744@mail.com;;;Australia
C5746;Simran;Male;;Delhi;13/11/2020;;;10;;;;
;Sneha;Female;;Delhi;;;4136.3;;;;;Canada
C5748;Priya;Female;;Bangalore;;18/8/2024;1106.5;;;;;Canada
;;Female;20;Kolkata;;7/4/2022;;;;944565156;0944565156;Canada
;Rahul;Female;44;Pune;28/6/2022;;4011.25;10;;;;USA
C5751;Priya;;;Kolkata;;4/12/2025;;10;user5750@mail.com;;;India
C5752;;Female;;Hyderabad;;;;1;;;;Canada
C5753;Amit;Female;;;;;;10;user5752mail.com;;;India
C5754;Rahul;Female;;Delhi;9/11/2020;;2327.79;10;;;;
C5755;;Male;;Mumbai;10/5/2024;6/2/2023;1350.43;10;;;;UK
;Pooja;Male;;Kolkata;;3/4/2021;2946.87;10;;993325532;0993325532;Australia
C5757;Sneha;Female;;Hyderabad;3/6/2023;;;1;;;;India
C5758;Sneha;;;Chennai;17/4/2022;27/10/2024;;10;;997456416;0997456416;Australia
;Kiran;Female;43;Hyderabad;;3/6/2021;3950;4;user5758mail.com;;;India
C5760;Amit;Female;;Ahmedabad;;;;;user5759@mail.com;997824258;0997824258;UK
C5761;Pooja;Male;;Bangalore;14/6/2021;13/10/2024;;;;;;UK
C5762;Kiran;Female;;Ahmedabad;;29/7/2023;;;;;;Canada
C5763;Priya;;;Pune;19/1/2025;;;5;user5762mail.com;;;Canada
C5764;Neha;Male;;Chennai;;2/11/2024;;3;user5763@mail.com;;;USA
;Pooja;;;Ahmedabad;11/6/2022;;936.53;1;user5764@mail.com;9943776143;9943776143;Australia
C5766;Kiran;;29;Ahmedabad;5/11/2023;7/9/2021;1347.79;;user5765@mail.com;;;Canada
;Rahul;Female;;Chennai;;11/7/2022;;10;;;;
C5768;Simran;Male;;Bangalore;;26/3/2024;;10;user5767@mail.com;;;
C5769;Sneha;Male;54;Chennai;;;;1;;9815251293;9815251293;UK
C5770;Priya;Male;;Bangalore;;;;5;user5769@mail.com;;;Canada
;Pooja;Female;;Ahmedabad;24/7/2023;5/9/2024;;10;;;;USA
;Rahul;Male;;Bangalore;8/10/2025;;;;;;;USA
C5773;Simran;Male;;;3/10/2025;;3725.26;1;;;;
;Sneha;;;Delhi;;;1650.04;10;user5773@mail.com;;;USA
C5775;Neha;Female;;Bangalore;;;;10;;9949832996;9949832996;Canada
;Simran;Female;;Delhi;;22/10/2024;;;;;;India
C5777;Pooja;Female;51;Chennai;14/1/2024;13/9/2022;3719.95;10;;;;USA
C5778;;Male;;Bangalore;;16/6/2024;;;;;;UK
C5779;Kiran;;;Bangalore;1/7/2023;20/5/2021;;10;user5778@mail.com;;;Australia
;Ankit;;67;Kolkata;;6/8/2020;4132.7;1;user5779mail.com;9281796791;9281796791;UK
C5781;Kiran;;;Pune;24/2/2021;13/12/2021;;3;;;;Australia
;Simran;;58;Kolkata;3/11/2022;;;10;user5781@mail.com;;;
;Amit;;;Delhi;;2/10/2021;;;user5782mail.com;;;USA
C5784;Ravi;;59;Pune;;25/8/2025;;;;;;Australia
;Amit;Female;;Hyderabad;15/2/2022;;253.59;10;;;;USA
;Neha;Female;;Bangalore;;;;;;;;Canada
C5787;Rahul;Male;;;;;;3;;;;Canada
;Sneha;Male;;Mumbai;23/12/2020;;497.01;1;user5787@mail.com;;;Australia
;Kiran;;;;25/11/2021;;;;user5788@mail.com;9846755995;9846755995;USA
;Rahul;Male;;Pune;;;4522.3;10;user5789@mail.com;;;Australia
C5791;Kiran;;;Bangalore;;;;1;user5790mail.com;;;Australia
;Amit;Male;;Mumbai;;;;10;user5791mail.com;;;
;Neha;;;Delhi;15/9/2024;;;1;;9116593698;9116593698;Canada
C5794;Ankit;Female;;Mumbai;16/11/2020;25/6/2023;;;user5793mail.com;;;USA
C5795;;Male;;Kolkata;28/1/2025;;;1;user5794@mail.com;921459882;0921459882;Canada
C5796;Neha;;;Hyderabad;;22/1/2022;;10;user5795@mail.com;;;UK
C5797;Rahul;Male;56;Chennai;2/4/2025;;4520.83;;;97899121;0097899121;
C5798;Kiran;Female;24;Mumbai;;;;10;;937738288;0937738288;USA
C5799;Sneha;;;;8/4/2022;3/4/2024;;2;user5798mail.com;;;UK
;Pooja;Female;;Ahmedabad;19/2/2025;2/4/2022;;;;953411612;0953411612;Canada
C5801;Kiran;Female;23;Bangalore;;;123.82;1;user5800@mail.com;;;USA
C5802;;Male;;Bangalore;;1/4/2022;2320.53;1;user5801mail.com;;;
C5803;Kiran;Female;;;;;;10;user5802@mail.com;;;UK
C5804;Simran;Male;;;;;251.5;1;;9734471441;9734471441;Australia
;Neha;Female;38;Mumbai;4/11/2020;19/4/2024;;5;;;;USA
C5806;Pooja;Female;;;;21/9/2022;2662.09;4;;;;UK
C5807;;Female;;Chennai;;29/9/2022;4399.82;;;;;Australia
;Sneha;;;Hyderabad;24/7/2023;;;10;user5807mail.com;9752428378;9752428378;India
C5809;Rahul;Female;;Pune;30/7/2023;;;;user5808mail.com;924874423;0924874423;
C5810;Ravi;Female;;Chennai;;;;1;user5809mail.com;936249951;0936249951;USA
C5811;;Male;;Delhi;1/9/2022;;3815.89;10;;;;
C5812;Ankit;Male;;;6/11/2020;21/4/2022;3487.72;1;user5811mail.com;;;Canada
;Priya;Male;;;;;1032.73;;user5812@mail.com;958697388;0958697388;Canada
C5814;Rahul;Female;55;;21/10/2020;;;4;;;;UK
;Kiran;Female;;Pune;;;4809.71;1;user5814@mail.com;;;
;Kiran;;;Pune;;;;10;user5815mail.com;;;Australia
C5817;Kiran;;;Mumbai;25/6/2023;23/8/2025;;2;user5816@mail.com;9331213863;9331213863;USA
C5818;Sneha;Male;23;Kolkata;18/12/2022;;;1;user5817mail.com;;;USA
C5819;Ravi;Male;;Delhi;1/1/2026;;;1;;;;UK
;Pooja;;;Ahmedabad;1/8/2021;;;10;user5819mail.com;;;India
C5821;Ankit;Male;;Bangalore;;;;10;user5820mail.com;;;India
C5822;Sneha;Female;;Hyderabad;20/12/2024;17/8/2022;;10;user5821@mail.com;;;UK
C5823;Ravi;Male;;Mumbai;;;;1;user5822@mail.com;;;Canada
C5824;Ravi;Female;33;Mumbai;;;1038.62;1;user5823mail.com;925624957;0925624957;Australia
;Pooja;;54;Mumbai;;;938.39;;;9815347875;9815347875;India
;;Female;;Pune;17/6/2023;;;1;user5825mail.com;;;India
C5827;;;;;19/8/2024;3/5/2022;;1;;;;
;Ravi;;;Pune;13/6/2025;;3007.86;10;;;;
C5829;Sneha;Male;47;Mumbai;20/1/2025;8/11/2025;;1;;;;
C5830;;Male;;Delhi;6/1/2025;7/6/2024;;1;;;;UK
;Ravi;Male;;;17/2/2025;22/10/2023;1985.84;10;;;;
C5832;Simran;Male;;Kolkata;24/1/2026;6/11/2024;;1;user5831@mail.com;;;USA
C5833;;Female;46;Kolkata;8/5/2025;;2243.9;10;;;;UK
C5834;;Male;;Pune;;;;;user5833@mail.com;93572826;0093572826;USA
C5835;;Male;;Mumbai;11/11/2022;13/10/2021;;1;user5834@mail.com;;;UK
C5836;Pooja;Female;19;Bangalore;31/3/2025;17/5/2023;;3;user5835mail.com;;;Canada
C5837;Ravi;Male;65;Mumbai;18/7/2023;;;1;;;;USA
;;Male;;Kolkata;;;1088.96;5;;;;India
C5839;Rahul;Female;;Chennai;;;;10;;;;USA
C5840;Priya;Female;;;20/6/2025;;;1;;;;India
C5841;Simran;;47;;6/3/2021;;;3;user5840@mail.com;;;Australia
C5842;Priya;Female;;Ahmedabad;29/1/2024;;486.18;1;user5841mail.com;;;
C5843;Kiran;;;Pune;11/10/2024;;;2;user5842mail.com;9158919233;9158919233;Australia
C5844;Simran;Female;;Hyderabad;;15/7/2024;4402.91;4;;;;Australia
C5845;Simran;Female;;Ahmedabad;;;;1;user5844mail.com;;;Canada
C5846;Priya;Female;;Pune;;;;10;;;;India
;Rahul;;;;;;;1;user5846mail.com;;;Australia
;Amit;Female;;Chennai;17/1/2024;;;2;;;;India
C5849;Kiran;Female;;Bangalore;;3/9/2025;;10;user5848@mail.com;91571717;0091571717;
;Priya;Male;;Hyderabad;5/7/2023;26/5/2025;;1;;;;Australia
C5851;Priya;;;Kolkata;;10/11/2020;;1;;;;
;;;;Chennai;24/10/2024;;;1;;;;Canada
;Kiran;;;;23/3/2021;;1796.26;;;9861325894;9861325894;Australia
C5854;Simran;Male;;Hyderabad;;;;2;user5853@mail.com;;;USA
C5855;Rahul;Female;45;Pune;;7/6/2022;15.35;2;user5854mail.com;9247432137;9247432137;UK
C5856;Amit;Male;;Ahmedabad;12/5/2024;25/11/2023;;1;;;;UK
C5857;Neha;Male;;Delhi;16/12/2025;23/6/2022;;10;;;;
C5858;Pooja;Male;;Mumbai;30/10/2021;;;10;;;;Canada
C5859;Sneha;Female;31;Delhi;12/12/2025;25/4/2025;;;user5858@mail.com;;;UK
;;;;Pune;;;;;user5859mail.com;;;Australia
C5861;Kiran;Female;32;Hyderabad;;;;10;user5860@mail.com;9329284;0009329284;India
;Rahul;Female;43;Delhi;;;;10;user5861mail.com;;;Canada
;Amit;Female;;Kolkata;3/6/2025;4/4/2025;1604.35;3;;;;India
C5864;Amit;;31;Bangalore;;;3478.24;1;;;;UK
C5865;Amit;Male;;Bangalore;;;2400.16;10;user5864@mail.com;;;India
C5866;Kiran;Female;;Pune;6/1/2026;6/12/2025;4771.84;1;;;;UK
C5867;Rahul;Male;;Kolkata;10/10/2021;;;1;user5866mail.com;;;USA
C5868;Ankit;Male;;Hyderabad;13/8/2024;;;10;;;;UK
;Sneha;;;Ahmedabad;2/2/2025;;4345.62;1;user5868mail.com;;;Australia
C5870;Ankit;Female;38;Chennai;;;3354.92;10;user5869mail.com;969848292;0969848292;USA
;;;;;22/9/2024;;;10;;;;Australia
C5872;Kiran;Male;;Kolkata;15/8/2021;4/3/2021;;;user5871mail.com;9888957;0009888957;Australia
;Neha;Male;;;7/6/2025;;;1;user5872mail.com;;;Australia
C5874;Priya;Female;;Kolkata;;19/12/2020;;;user5873mail.com;;;India
;Simran;Male;26;Bangalore;;8/2/2022;2355.66;1;user5874@mail.com;9844334847;9844334847;Australia
;;Female;;Hyderabad;;;2145.28;1;;969134322;0969134322;India
;Ankit;Male;;Mumbai;;5/5/2021;3996.01;10;user5876@mail.com;;;Canada
C5878;;Female;53;Mumbai;;25/4/2025;;1;user5877@mail.com;9668236898;9668236898;Australia
C5879;Ravi;Male;69;;;26/10/2020;;;user5878mail.com;;;UK
C5880;;Male;;Pune;;;4003.23;4;;;;UK
;Ankit;Male;;Chennai;27/7/2022;5/6/2024;3823.69;5;user5880@mail.com;943334;0000943334;India
C5882;Priya;Male;;Bangalore;;;;10;;;;UK
C5883;Amit;Female;;;;;;;user5882@mail.com;;;UK
C5884;Simran;Female;;Mumbai;;;4822.87;1;user5883@mail.com;932297929;0932297929;USA
C5885;Pooja;;;Pune;;;;4;;;;Canada
;Ankit;Male;;Bangalore;;14/2/2024;;1;user5885@mail.com;;;India
C5887;Amit;;;;29/11/2020;;;10;;;;Canada
C5888;Rahul;Male;;Chennai;;;;;user5887@mail.com;97832421;0097832421;
C5889;Neha;;;Chennai;;;;3;;;;India
C5890;Pooja;Male;;Bangalore;9/7/2024;29/7/2024;;10;user5889mail.com;;;Canada
C5891;Amit;Female;;Kolkata;;;;;;;;UK
C5892;Ankit;;37;Ahmedabad;28/12/2020;5/8/2024;;;user5891mail.com;9699628458;9699628458;
;Sneha;Female;;Mumbai;8/10/2024;14/6/2022;;;;;;Canada
C5894;Priya;Male;;Mumbai;24/9/2020;;;10;;948719497;0948719497;
C5895;Rahul;;48;Kolkata;14/1/2026;;;;user5894mail.com;9346256994;9346256994;
C5896;;Female;;Delhi;;;;;user5895@mail.com;;;Canada
C5897;;;;Chennai;;;4394.1;;user5896@mail.com;9197852524;9197852524;
;Sneha;;;Delhi;;24/7/2024;;;;;;India
;;Female;;Bangalore;14/9/2025;;;1;;938975669;0938975669;UK
;Sneha;Male;;Chennai;15/8/2024;;;;user5899@mail.com;9571232147;9571232147;Canada
C5901;Rahul;Male;;Kolkata;17/7/2024;;3210.25;;;994675873;0994675873;Australia
C5902;Ankit;Male;;;17/5/2022;;;;user5901mail.com;;;UK
C5903;Priya;Female;;Pune;30/5/2021;5/7/2022;;3;;;;India
;;;;Chennai;;;3881.14;;;;;Canada
C5905;Amit;;;Mumbai;;;;;;;;Australia
;Sneha;Female;;Pune;22/10/2021;;3813.48;10;;;;
;Sneha;Female;;Delhi;27/12/2020;;;;user5906mail.com;99998594;0099998594;USA
C5908;Simran;;;Chennai;;18/7/2024;;1;;;;Australia
C5909;Kiran;Male;;Chennai;;;;1;user5908mail.com;;;Canada
C5910;Priya;Female;;Ahmedabad;25/9/2025;;1687.07;;user5909@mail.com;;;Australia
C5911;Rahul;Male;61;Kolkata;;29/11/2025;;10;;;;
C5912;Sneha;Male;;Pune;;27/8/2022;;;user5911mail.com;;;Canada
C5913;Ravi;Male;;Chennai;;;;;;;;Australia
C5914;;Male;;Kolkata;;;;1;user5913@mail.com;;;USA
C5915;Ankit;Female;;Ahmedabad;26/10/2023;29/3/2024;2048.26;;;;;UK
C5916;;Male;22;Pune;;26/4/2021;;1;user5915@mail.com;;;
C5917;Rahul;Female;49;Delhi;31/3/2025;6/8/2020;3817.56;1;user5916mail.com;;;Canada
C5918;Neha;;32;Pune;;24/4/2024;;10;;9297977914;9297977914;Canada
;Sneha;;;Chennai;11/8/2022;27/10/2023;3667.52;;user5918mail.com;;;
C5920;Rahul;Male;;Chennai;;;;2;user5919mail.com;;;Canada
C5921;;Male;;Mumbai;;14/12/2024;;10;;;;Canada
;Pooja;Female;;Delhi;;;590.21;1;user5921mail.com;9582499371;9582499371;USA
C5923;Neha;Male;;Delhi;;19/10/2025;;10;;961344246;0961344246;Australia
C5924;;Male;58;Bangalore;;;;1;;;;USA
;Ankit;Female;18;Pune;10/12/2024;29/9/2023;;1;user5924@mail.com;9414735319;9414735319;
C5926;Simran;;23;Delhi;11/11/2022;;1969.1;4;;98268729;0098268729;USA
C5927;Ankit;Male;;Chennai;16/6/2022;;;4;;;;Australia
C5928;Sneha;;;Delhi;28/11/2025;;;4;;;;UK
C5929;Amit;Male;;;;23/1/2025;;5;user5928@mail.com;;;India
;Pooja;Male;;Kolkata;;;;1;user5929@mail.com;9574933457;9574933457;Canada
;Neha;;36;Kolkata;;;;10;user5930@mail.com;;;
;Neha;;;Bangalore;;;;5;user5931@mail.com;9117689978;9117689978;
;Amit;Female;;Bangalore;;;2065.6;;user5932@mail.com;;;USA
C5934;;Female;;Ahmedabad;;;;5;user5933mail.com;;;Australia
;Priya;Female;;Chennai;;;;10;user5934mail.com;;;USA
;Amit;Male;44;Delhi;21/6/2024;;;2;;;;USA
;Rahul;Female;62;;1/11/2020;;;10;user5936mail.com;;;UK
;;Male;;Ahmedabad;21/3/2024;;901.36;10;user5937@mail.com;;;
;Ravi;Female;36;Pune;;;;1;user5938mail.com;;;Australia
;Neha;Female;;Delhi;;;;10;;;;
C5941;Amit;Female;;Delhi;26/4/2025;;38.39;10;user5940@mail.com;;;India
C5942;;Male;;Chennai;13/4/2024;22/1/2025;;1;user5941@mail.com;;;Australia
;;;;Delhi;23/1/2026;17/9/2025;2233.54;1;user5942mail.com;9385745755;9385745755;India
;Rahul;Female;;Hyderabad;;5/12/2025;;5;;984275425;0984275425;
C5945;Ravi;Female;;Bangalore;;;1084.57;;;9534651344;9534651344;Canada
C5946;Ankit;Female;52;Hyderabad;5/10/2025;4/2/2025;;3;;;;UK
C5947;;Female;;Delhi;;;;10;user5946@mail.com;;;India
C5948;Pooja;;;Hyderabad;30/4/2024;8/1/2024;;;;;;
C5949;Priya;Male;;Ahmedabad;6/11/2022;;226.75;;;934497837;0934497837;USA
C5950;Sneha;Female;63;Kolkata;;9/7/2023;;10;;;;USA
;Priya;;;Pune;;22/3/2025;;1;;;;UK
C5952;Simran;Male;32;Delhi;;26/6/2025;4831.16;10;user5951mail.com;;;India
;Amit;Female;34;Chennai;1/5/2024;16/1/2022;;1;;;;UK
C5954;Ravi;Female;;Pune;18/8/2024;;;;user5953@mail.com;;;
C5955;Neha;Female;;Ahmedabad;31/7/2024;;3707.47;1;user5954@mail.com;;;UK
C5956;;Female;;Pune;11/7/2024;21/2/2024;992.37;1;user5955@mail.com;96652265;0096652265;Australia
C5957;;Male;49;Chennai;;;;4;;;;Australia
C5958;;Male;;Ahmedabad;;27/7/2021;;;;;;Canada
C5959;Sneha;Male;;Mumbai;22/11/2022;4/2/2023;1218.25;4;user5958@mail.com;;;USA
C5960;Kiran;Female;40;Delhi;;;;10;user5959mail.com;;;Canada
C5961;Priya;Female;24;Bangalore;;;;1;;9951862426;9951862426;India
C5962;Kiran;Male;;Kolkata;;2/1/2025;;;;;;
C5963;Priya;Male;52;;15/7/2025;19/1/2022;;;;;;UK
;Sneha;Male;;Kolkata;;;;1;;;;Australia
C5965;Kiran;Male;;Kolkata;;6/5/2021;;;;;;Australia
C5966;Neha;Female;;Mumbai;;25/4/2021;1153.7;1;user5965@mail.com;;;USA
C5967;Pooja;;65;Chennai;;;4971.39;1;user5966@mail.com;9629628939;9629628939;Canada
C5968;Amit;;;;20/12/2021;;;1;;;;Australia
C5969;Amit;;;Chennai;21/5/2021;;;1;;;;Australia
;Amit;Female;67;Kolkata;31/1/2023;2/9/2024;;5;;966322811;0966322811;Australia
C5971;;Female;;Bangalore;;;364.95;;user5970mail.com;;;Australia
C5972;;Female;;Kolkata;;;;;user5971@mail.com;9815143229;9815143229;India
C5973;Kiran;Male;;Hyderabad;2/8/2025;31/3/2025;;;user5972@mail.com;;;UK
C5974;Ravi;Male;;Pune;29/2/2024;;;10;user5973@mail.com;;;India
;Rahul;Female;;Ahmedabad;;;;3;user5974@mail.com;;;Canada
C5976;Neha;;;Hyderabad;;28/11/2025;;10;user5975mail.com;;;
C5977;Simran;Male;;Chennai;;7/2/2022;;10;user5976mail.com;917483967;0917483967;UK
C5978;Pooja;;;Kolkata;20/11/2024;;;10;user5977@mail.com;9753223124;9753223124;Canada
C5979;Ravi;Male;;Kolkata;;;;4;;;;India
C5980;Ravi;Female;33;Ahmedabad;8/7/2023;;;1;;973317599;0973317599;USA
C5981;Amit;Female;;Kolkata;;;;;;;;USA
;Simran;Female;;Mumbai;12/8/2024;;;1;user5981mail.com;;;India
;Ankit;Female;;Ahmedabad;28/12/2023;;;1;user5982@mail.com;;;USA
C5984;Simran;Female;65;Ahmedabad;21/12/2021;;;;user5983@mail.com;9489358756;9489358756;India
C5985;Sneha;Female;35;Ahmedabad;;13/4/2024;1327.95;10;user5984mail.com;;;
C5986;Ravi;Male;;Mumbai;;;;1;user5985mail.com;;;India
C5987;Pooja;Female;;Kolkata;20/1/2023;10/5/2023;;;;;;Australia
C5988;Sneha;Female;;Delhi;21/12/2025;;;5;user5987@mail.com;968943821;0968943821;UK
C5989;;Female;;Bangalore;;;;1;;;;India
C5990;Amit;Female;32;Kolkata;;;;10;user5989mail.com;;;UK
;Neha;Female;;Kolkata;26/7/2021;8/7/2024;4647.7;10;user5990mail.com;;;India
C5992;Ankit;Female;;Pune;;;;;;;;Australia
C5993;Simran;;40;Hyderabad;;;;;user5992@mail.com;9437416632;9437416632;India
C5994;;Male;;Mumbai;19/5/2024;;1649.36;;;;;USA
;Rahul;Female;;;31/7/2022;;;1;;;;Canada
;Ankit;Male;;Bangalore;15/3/2024;;2670.78;1;user5995mail.com;;;India
C5997;Ankit;Male;;Hyderabad;23/9/2023;15/9/2022;1444.79;2;;975344747;0975344747;USA
C5998;Sneha;;38;Ahmedabad;10/8/2022;;;1;;;;
C5999;Sneha;Female;56;Hyderabad;22/6/2021;;;10;;;;USA
C6000;Rahul;Female;;Kolkata;29/11/2022;;;10;user5999@mail.com;;;Australia
;;Female;;Ahmedabad;12/12/2021;29/12/2024;;1;;;;UK
;Neha;Female;;Bangalore;23/10/2023;28/2/2021;;10;;923124862;0923124862;Canada
C6003;Neha;;69;;14/5/2023;;;1;user6002mail.com;;;Australia
C6004;Amit;Female;;Kolkata;;;;5;;;;Canada
;Ravi;Male;59;Kolkata;27/5/2023;;962.09;1;user6004mail.com;;;UK
C6006;Sneha;Female;;Hyderabad;;;;3;user6005mail.com;;;Canada
C6007;Pooja;Female;;Kolkata;8/10/2021;;;10;;93217348;0093217348;India
C6008;Pooja;Male;;;3/10/2025;;;;;;;India
C6009;;Female;21;;13/1/2022;;;1;;;;Australia
C6010;Rahul;Female;;Kolkata;2/8/2023;;;10;user6009@mail.com;;;Australia
C6011;;Female;33;Chennai;;;;1;;;;UK
C6012;Sneha;Male;54;Delhi;;;2265.67;10;;;;India
C6013;Ravi;Female;61;;;19/2/2025;;3;;;;
C6014;Rahul;Female;;Mumbai;6/11/2021;;;1;user6013mail.com;;;
C6015;Sneha;;57;Ahmedabad;;;;5;user6014mail.com;98776296;0098776296;Australia
C6016;Kiran;Male;;Mumbai;17/7/2025;;;;user6015mail.com;;;Australia
C6017;Kiran;;40;Hyderabad;3/12/2023;14/12/2025;;1;user6016mail.com;;;USA
C6018;Ravi;Female;;Kolkata;;;4248.69;1;;9516551585;9516551585;Canada
;Simran;Male;28;Chennai;8/6/2025;;;5;;;;
C6020;Amit;;;Mumbai;;;;10;;;;USA
C6021;Sneha;;;Chennai;3/5/2024;26/5/2021;;10;user6020@mail.com;;;Australia
;;;;Pune;28/6/2023;27/3/2025;2884.96;;;;;USA
C6023;Rahul;Male;;Pune;;;;10;user6022@mail.com;;;Canada
C6024;Priya;Male;;;;;;;user6023@mail.com;;;USA
C6025;Ankit;;;;;;;1;user6024mail.com;;;Australia
C6026;Simran;Male;;Ahmedabad;;;;;;;;USA
C6027;Kiran;;;Kolkata;;;;10;;;;India
;;Male;;Hyderabad;12/4/2025;21/3/2024;;;;9769524326;9769524326;
C6029;Neha;Female;;Pune;15/2/2024;;;10;user6028@mail.com;;;India
C6030;Kiran;Male;66;Pune;10/9/2022;;;10;user6029mail.com;;;India
C6031;Pooja;Female;;Delhi;12/4/2021;4/11/2023;;;user6030mail.com;;;
C6032;Priya;;;Mumbai;5/3/2021;;;5;user6031@mail.com;;;Canada
;;Female;;Ahmedabad;;;;10;user6032@mail.com;;;USA
C6034;Pooja;;;Mumbai;;;;1;user6033@mail.com;;;
C6035;Ankit;;;Ahmedabad;15/1/2023;;;1;user6034@mail.com;;;India
C6036;Simran;Male;62;Delhi;;;;;;989587988;0989587988;India
C6037;Neha;;;Chennai;;;;10;user6036@mail.com;;;USA
;Pooja;Male;;Bangalore;21/12/2023;;;10;;9131926181;9131926181;USA
;;;;;17/9/2022;23/12/2020;;1;user6038@mail.com;;;USA
C6040;Rahul;Male;;Pune;;2/1/2024;;1;user6039@mail.com;;;Australia
;Priya;Female;26;Chennai;10/4/2023;;;;user6040mail.com;;;USA
C6042;;;;;;;;4;;;;India
C6043;;;;Mumbai;;20/10/2021;;3;;;;
;;Male;;Mumbai;;;;1;;;;Canada
C6045;Rahul;Female;;Chennai;31/10/2024;;3902.19;;user6044mail.com;;;USA
C6046;Priya;Female;;Pune;;;4874.57;;;;;UK
C6047;Ravi;;;;;;;10;user6046@mail.com;;;Australia
C6048;Kiran;Female;18;Mumbai;;17/3/2024;;10;;;;USA
C6049;;Female;;Mumbai;;14/1/2022;3369.5;;user6048@mail.com;;;Australia
C6050;Rahul;;;Bangalore;;;2172.94;1;;;;Australia
C6051;Rahul;Female;;Mumbai;;;;;;;;India
;Kiran;Male;;Hyderabad;;;;10;user6051mail.com;9679265161;9679265161;UK
C6053;Kiran;;;Ahmedabad;;;;3;user6052@mail.com;;;Australia
C6054;Ankit;Female;;Kolkata;10/3/2022;;;1;user6053@mail.com;;;USA
;Rahul;;;Hyderabad;1/9/2020;11/10/2025;3881.44;1;;;;UK
C6056;Simran;;64;Mumbai;;;3318.59;1;;;;India
C6057;Priya;;;Bangalore;7/8/2022;;;1;user6056mail.com;;;USA
C6058;;Male;;Chennai;;1/2/2025;2579.4;2;user6057mail.com;;;UK
C6059;Neha;Female;;Bangalore;24/4/2021;;;1;;;;India
C6060;;Male;;Hyderabad;;22/4/2021;;10;;;;India
;Kiran;Male;;;;;2051.47;4;;;;Australia
;Rahul;Female;;;14/5/2023;;;5;user6061@mail.com;9463555542;9463555542;Canada
C6063;Neha;;44;;;;;1;user6062@mail.com;;;Australia
C6064;Ankit;;;Bangalore;29/5/2021;17/10/2020;;1;;;;USA
C6065;;;32;;;;;2;user6064mail.com;;;USA
;;;;Mumbai;;;;1;;9254343535;9254343535;India
C6067;Amit;Male;;Mumbai;;12/3/2021;3657.29;10;;;;Australia
C6068;Ravi;Female;37;Bangalore;30/8/2025;;;10;user6067mail.com;;;UK
C6069;Kiran;Female;;Kolkata;31/5/2022;15/3/2023;;1;;;;
;;Male;;Ahmedabad;6/10/2022;;;1;;9694397538;9694397538;
C6071;Ravi;Female;;Chennai;7/10/2025;;;3;;;;UK
C6072;Ravi;Male;;Kolkata;8/7/2021;27/7/2023;3428.61;1;;;;USA
C6073;Priya;;;Bangalore;12/12/2025;3/3/2022;;1;;;;India
;;Male;;Delhi;;6/1/2021;;1;user6073mail.com;;;USA
C6075;Pooja;Male;25;Hyderabad;;;;3;user6074mail.com;;;
C6076;Ankit;Male;;Bangalore;7/2/2021;28/11/2025;2309.38;;;;;USA
C6077;Neha;Male;;Hyderabad;;27/7/2025;;1;;;;
C6078;Ravi;;68;;26/8/2020;;;3;;;;USA
C6079;Amit;Female;;Mumbai;23/4/2023;;4039.08;1;;;;USA
C6080;;;;Hyderabad;25/4/2024;30/12/2023;;1;user6079mail.com;988745267;0988745267;UK
C6081;Kiran;Male;;;;;;3;;;;UK
C6082;Rahul;Male;;Mumbai;;;;5;user6081mail.com;;;
C6083;Neha;Female;;Chennai;12/9/2022;;;10;;;;
;Simran;Male;;;30/9/2025;;;2;;;;UK
C6085;Kiran;;;Bangalore;;;2486.22;5;user6084@mail.com;;;Canada
C6086;Priya;Male;46;Ahmedabad;2/1/2022;9/6/2022;;3;;;;India
C6087;Amit;;;Delhi;9/7/2021;4/2/2022;;;user6086mail.com;;;UK
C6088;Amit;Female;;;9/5/2023;9/2/2024;;3;user6087mail.com;;;India
C6089;Rahul;Male;;Mumbai;;;;;user6088mail.com;;;
;Priya;Female;;Mumbai;;;;10;;;;USA
C6091;Rahul;Female;;Bangalore;;;;10;;;;Canada
C6092;Rahul;Male;;Chennai;21/3/2024;;614.97;1;;;;
C6093;Simran;;;Delhi;20/4/2022;;;1;user6092mail.com;;;Canada
C6094;Priya;Male;;Ahmedabad;7/8/2022;;4830.16;10;user6093@mail.com;;;India
;Ankit;;;Bangalore;;;;1;user6094mail.com;;;
C6096;Neha;;;Hyderabad;;;;;user6095mail.com;;;
C6097;;Male;;Ahmedabad;;;;;;;;Australia
;Rahul;Male;;Delhi;;;;1;user6097@mail.com;;;UK
C6099;Kiran;Male;;Hyderabad;5/12/2022;26/6/2022;;1;user6098@mail.com;94651284;0094651284;Australia
C6100;Simran;Male;;Bangalore;7/4/2023;14/3/2024;;;user6099mail.com;;;USA
C6101;Ankit;Female;;Delhi;;;;;;;;UK
C6102;Ravi;Male;;Hyderabad;2/10/2020;;;10;user6101mail.com;9842841289;9842841289;UK
C6103;Simran;Female;;Bangalore;30/5/2022;;;5;user6102@mail.com;;;Canada
;Pooja;;;Delhi;20/10/2021;;;;;;;USA
C6105;Ravi;Female;43;Mumbai;;;;5;user6104@mail.com;;;
C6106;Neha;Male;;Pune;18/8/2022;21/11/2020;;4;;;;
C6107;Kiran;Female;;Mumbai;;27/4/2021;;4;;;;India
C6108;Kiran;;;;2/8/2023;13/8/2021;;10;;;;Canada
C6109;Pooja;Female;;Hyderabad;30/7/2024;;;1;user6108mail.com;;;India
C6110;Ankit;Male;36;Hyderabad;;;1052.24;3;;;;Canada
C6111;;;;;30/8/2021;10/10/2020;;;user6110@mail.com;9749167614;9749167614;Australia
C6112;Ankit;Male;;Kolkata;;;1582.27;3;user6111mail.com;;;USA
;Kiran;Female;;;19/2/2022;;;1;user6112@mail.com;;;UK
C6114;Priya;Female;;Kolkata;22/7/2021;;;1;;924677326;0924677326;Australia
C6115;;Female;60;;26/2/2022;;;5;;9534978838;9534978838;Canada
C6116;Pooja;Female;49;Mumbai;17/5/2025;19/10/2023;;5;;;;India
C6117;Simran;Male;;;;4/2/2025;4535.38;10;;;;
C6118;Amit;;19;Hyderabad;;;;;;969413991;0969413991;Canada
C6119;Rahul;Female;;Mumbai;3/10/2022;;;;;;;UK
C6120;Simran;Male;;;15/5/2021;;;4;;;;India
C6121;Sneha;Male;70;Delhi;;;2554.95;1;user6120mail.com;;;Australia
C6122;Rahul;Male;;Ahmedabad;6/4/2025;;1975.21;1;user6121mail.com;;;Australia
C6123;Sneha;Female;;;23/10/2023;;;10;;;;UK
C6124;Ankit;Female;;Kolkata;;25/12/2025;;10;;9688898312;9688898312;
C6125;;;;Hyderabad;;;;1;;;;USA
C6126;Rahul;;;;;;;;;;;USA
C6127;Priya;;;Bangalore;;11/5/2022;;;;;;India
C6128;;;;Kolkata;;;;;;;;UK
C6129;Sneha;Female;;Mumbai;;;;10;;;;UK
C6130;Neha;Female;37;Bangalore;;;;10;;;;UK
C6131;Amit;;;Pune;30/7/2025;1/5/2022;3325.28;;;9846694363;9846694363;India
C6132;Sneha;;;Chennai;6/11/2025;7/8/2021;2000.94;;user6131mail.com;9586916217;9586916217;Canada
;Amit;Female;;Bangalore;14/1/2021;;;;user6132@mail.com;;;Australia
;Ravi;Female;;Mumbai;7/5/2025;;;;user6133@mail.com;;;Canada
C6135;Neha;Male;;Kolkata;20/1/2025;;;;;;;UK
C6136;Sneha;;;Ahmedabad;18/3/2022;;2817.61;;user6135mail.com;;;India
C6137;Ravi;Female;;Delhi;29/9/2023;;;1;user6136mail.com;;;
C6138;;Male;;Ahmedabad;10/10/2022;;;;user6137@mail.com;;;USA
C6139;;Male;;Pune;5/9/2024;31/8/2020;;10;;;;UK
C6140;Amit;Female;;Hyderabad;;;;;;;;Australia
C6141;Neha;;;Pune;;12/8/2020;;2;user6140@mail.com;;;Australia
;Rahul;Female;;Kolkata;25/7/2023;;;1;user6141@mail.com;984182871;0984182871;Australia
C6143;Simran;Male;;Ahmedabad;4/2/2025;;;1;;;;Australia
C6144;;;58;Ahmedabad;;16/4/2023;4506.65;4;;;;India
C6145;;Female;;Pune;17/11/2023;;;1;user6144mail.com;;;India
C6146;Amit;Male;;Hyderabad;;;;1;;;;UK
C6147;Sneha;Female;31;Delhi;;;;;user6146@mail.com;;;India
C6148;Rahul;Male;26;Ahmedabad;;30/3/2023;910.45;3;user6147mail.com;;;India
C6149;Pooja;Female;55;;;;;3;user6148@mail.com;;;India
C6150;Simran;Female;;Delhi;1/2/2023;;;3;;92798213;0092798213;Australia
C6151;Amit;;;Hyderabad;;11/11/2024;;;user6150mail.com;;;UK
C6152;Sneha;Male;59;Pune;;8/12/2020;2035.14;10;;;;UK
C6153;Amit;Male;;Pune;21/1/2021;;;10;user6152@mail.com;;;
C6154;Ravi;Female;;Kolkata;2/10/2020;;3411.24;1;;;;India
;Simran;Female;;Hyderabad;24/10/2020;;;10;user6154mail.com;;;Australia
C6156;;Male;58;Hyderabad;;;3946.67;1;user6155@mail.com;9325323273;9325323273;USA
C6157;Amit;Male;;;;;;;;959713593;0959713593;UK
C6158;;Male;;Chennai;;;2871.62;10;;;;Australia
C6159;Neha;Male;;Mumbai;10/3/2025;25/7/2021;;;user6158@mail.com;;;Australia
C6160;Kiran;Male;;Kolkata;;;;;;;;
;Pooja;Male;58;Hyderabad;27/5/2025;;;10;;;;USA
C6162;Amit;;39;Delhi;29/3/2023;;3698.37;;user6161@mail.com;;;UK
C6163;Ravi;Female;;;20/1/2024;;4900.15;;user6162@mail.com;;;Australia
C6164;Kiran;Female;;Chennai;;11/3/2024;;2;user6163@mail.com;;;USA
C6165;Pooja;;36;Hyderabad;;;2675.85;;user6164@mail.com;;;
;Neha;;;Delhi;;31/10/2020;556.74;5;;;;India
C6167;Priya;Female;;Pune;;;;10;user6166mail.com;9167428149;9167428149;Australia
C6168;Kiran;Male;;Kolkata;;;;2;;;;USA
;Simran;Female;;Delhi;2/12/2022;21/6/2022;;1;user6168mail.com;9126957532;9126957532;USA
C6170;Simran;;26;Hyderabad;;9/10/2023;;1;;;;UK
C6171;Ravi;Female;58;Kolkata;;;;1;;925153689;0925153689;
;Priya;Male;;Bangalore;12/6/2024;7/6/2023;2394.2;;user6171@mail.com;;;
C6173;;Female;;Hyderabad;;5/11/2023;;2;;;;Canada
;;;;Delhi;6/10/2022;20/11/2024;;10;;;;India
;Rahul;Female;38;Delhi;;23/7/2021;4081.02;10;;;;Australia
;Amit;Female;39;;22/7/2021;;3422.14;1;;;;USA
C6177;Rahul;;;Ahmedabad;21/12/2020;;;;user6176mail.com;;;Australia
;Pooja;;60;Hyderabad;;8/7/2025;1231.61;1;;;;Australia
C6179;Ankit;Male;;Kolkata;;;;1;user6178mail.com;921731946;0921731946;
C6180;Simran;Female;39;Delhi;;;1895.4;10;;;;Australia
C6181;Ravi;Male;;Chennai;;11/2/2021;;;user6180mail.com;;;UK
C6182;Ankit;Male;47;Delhi;;;;10;user6181mail.com;;;UK
C6183;Amit;Male;;Mumbai;;;;3;;931492714;0931492714;USA
C6184;Kiran;Male;;Bangalore;;;3183.37;1;user6183@mail.com;;;UK
C6185;Ankit;Male;62;Pune;;;;10;user6184mail.com;;;UK
C6186;Sneha;Male;;Chennai;;;;1;user6185@mail.com;;;Australia
C6187;Simran;Female;38;;;21/4/2021;;3;user6186@mail.com;;;Canada
;Simran;Male;;Kolkata;;19/12/2025;;;user6187@mail.com;;;Australia
;Simran;;;Bangalore;15/2/2025;;56.28;1;;;;India
C6190;Amit;Male;;Hyderabad;9/8/2022;;;1;;92259891;0092259891;Australia
C6191;Priya;Male;;Chennai;5/2/2025;28/12/2023;;;;;;USA
;Pooja;;;Bangalore;11/10/2023;19/9/2022;;;;9584736762;9584736762;Canada
;Pooja;Male;;;;;;1;;;;USA
C6194;Amit;Male;;Kolkata;15/2/2023;;;1;user6193@mail.com;;;UK
;Rahul;Female;;Kolkata;10/10/2025;;;10;user6194@mail.com;;;Canada
C6196;Ankit;;46;Bangalore;13/7/2023;14/1/2025;;;;;;Canada
C6197;Priya;;;Pune;18/12/2025;;2013.13;3;;;;Canada
C6198;Simran;Male;;Mumbai;;;;3;user6197mail.com;;;Australia
C6199;Pooja;Female;;Mumbai;4/6/2022;;;;;;;Canada
;Simran;Female;;Bangalore;19/9/2024;;;;;;;Australia
C6201;Ankit;;;Pune;;;;10;user6200@mail.com;9983853;0009983853;USA
C6202;Amit;;;Bangalore;;10/10/2024;;10;;;;
C6203;Simran;Male;;Bangalore;3/7/2022;15/11/2022;201.13;;;;;
C6204;Kiran;Female;;;;14/2/2023;;1;;995743268;0995743268;Australia
C6205;;;;Ahmedabad;;;1510.38;5;;;;
;Kiran;Male;31;Bangalore;29/5/2021;;;1;;;;USA
;Ankit;Female;;;;;;10;;;;UK
C6208;Rahul;Female;;;27/12/2020;;583.94;10;user6207mail.com;;;India
C6209;Rahul;Female;24;Hyderabad;28/3/2023;26/10/2021;;;;;;Australia
C6210;Priya;Female;;Delhi;9/5/2022;25/2/2024;;1;;94632974;0094632974;
C6211;Rahul;Female;;;;;;1;user6210mail.com;;;
C6212;;;;Kolkata;;10/9/2022;3089.33;1;;966399992;0966399992;USA
C6213;;Male;19;Bangalore;7/10/2023;;4270.2;1;user6212@mail.com;;;UK
C6214;;Female;;Chennai;;17/4/2022;;10;user6213@mail.com;;;
C6215;Pooja;Male;;Kolkata;5/4/2022;15/8/2024;;10;;;;Canada
;Simran;Female;;Bangalore;14/8/2020;;;;;9582748169;9582748169;Australia
;Kiran;Male;51;Kolkata;2/6/2022;;;10;;;;India
C6218;Kiran;Female;61;Bangalore;;10/9/2022;;4;;;;USA
C6219;Neha;;;Ahmedabad;9/8/2022;;;10;user6218@mail.com;;;USA
C6220;Ankit;Male;;Delhi;25/10/2020;;;;user6219mail.com;9528838946;9528838946;UK
C6221;;Male;;Pune;8/12/2020;16/6/2024;;1;;;;
;Simran;Female;;Bangalore;10/12/2020;;;10;;;;Canada
C6223;Rahul;Male;;Hyderabad;30/12/2025;31/1/2021;;10;user6222@mail.com;;;UK
;Amit;Male;;Hyderabad;24/9/2021;10/6/2024;;1;user6223mail.com;9167147543;9167147543;India
C6225;Sneha;Female;24;Mumbai;17/10/2020;;;1;user6224mail.com;;;
C6226;Ravi;Female;;Delhi;;10/7/2021;2048.21;1;;;;Australia
C6227;Pooja;Male;;Pune;23/12/2020;;;1;user6226mail.com;;;USA
C6228;;Female;;Mumbai;12/6/2023;;;;user6227mail.com;;;USA
C6229;Ravi;Male;65;Ahmedabad;5/11/2023;;;;;91936623;0091936623;Canada
C6230;Priya;Female;;Ahmedabad;13/9/2020;;4607.88;10;;;;Australia
C6231;Amit;Female;;;22/3/2025;;;10;user6230mail.com;;;
;Pooja;;;Kolkata;26/1/2026;;;10;user6231@mail.com;9518246349;9518246349;Australia
C6233;;Male;;Kolkata;22/8/2022;28/3/2025;1113.21;;;;;Canada
C6234;Neha;Female;;Ahmedabad;;1/4/2021;2432.06;1;user6233mail.com;;;India
;Sneha;Male;;;;;;;;;;
C6236;Rahul;Female;;Bangalore;;1/12/2020;;1;user6235@mail.com;;;
;Neha;Female;;Hyderabad;;;;;user6236mail.com;;;
C6238;;Male;38;Kolkata;28/12/2025;;;1;;;;India
C6239;Pooja;Male;;Delhi;;10/1/2021;;4;user6238mail.com;;;Australia
C6240;Simran;Female;;Chennai;25/6/2021;;;10;user6239mail.com;;;Australia
;Ravi;Male;;Kolkata;9/7/2024;;;10;user6240mail.com;;;UK
C6242;Amit;Male;;Hyderabad;31/12/2022;;;10;;;;
C6243;Ravi;Male;;Bangalore;;18/10/2021;1374.68;10;user6242mail.com;911625815;0911625815;India
;Neha;;;Hyderabad;15/12/2025;;;10;;;;Australia
C6245;Sneha;Male;;Bangalore;;;;1;;;;USA
C6246;;Male;33;Bangalore;;;;1;user6245@mail.com;;;India
;Rahul;Female;;Bangalore;7/2/2024;;2892.01;;;;;Australia
C6248;Rahul;Male;;Ahmedabad;14/6/2023;;;3;;;;India
C6249;Amit;Female;67;Delhi;;;;3;user6248@mail.com;;;Australia
;;Male;;Delhi;;;2476.65;10;user6249@mail.com;;;USA
;Neha;Male;;Pune;2/11/2024;29/11/2024;382.89;10;user6250mail.com;;;India
C6252;Amit;Female;;Ahmedabad;30/7/2022;;;10;;;;Canada
C6253;;Male;;Bangalore;;;;5;;;;
;Rahul;Female;;Chennai;;;4541.52;2;user6253mail.com;;;Canada
C6255;Simran;Male;25;Bangalore;13/6/2022;;;2;user6254mail.com;;;Canada
C6256;Pooja;Male;;Kolkata;;;;10;;9341324979;9341324979;USA
C6257;;Female;;Kolkata;22/7/2021;;;1;user6256mail.com;;;India
C6258;;Male;44;Delhi;8/12/2023;1/10/2022;;1;user6257mail.com;;;India
C6259;Ravi;Male;;Hyderabad;7/8/2025;24/5/2025;2415.44;10;;9656663379;9656663379;Australia
C6260;;Female;;Chennai;;10/3/2024;3744.54;2;;;;USA
C6261;Sneha;;23;Chennai;;;;10;user6260mail.com;;;
C6262;Amit;;;Bangalore;;;4501.43;2;user6261mail.com;;;UK
;Priya;;57;Pune;;;2822.08;10;;;;USA
;Amit;Male;;Ahmedabad;10/2/2025;;3102.11;5;user6263mail.com;;;India
C6265;Priya;Female;;Hyderabad;3/3/2022;;;3;;95899812;0095899812;UK
C6266;Pooja;Male;45;Ahmedabad;4/9/2024;;;;user6265mail.com;94537622;0094537622;USA
C6267;;;29;Delhi;;;;1;;;;
C6268;Ravi;Male;;Mumbai;3/2/2021;20/10/2024;;3;;9569851923;9569851923;India
C6269;Sneha;Female;;Kolkata;;;4830.7;1;user6268@mail.com;;;
;Sneha;Female;;Bangalore;27/9/2022;;;1;user6269mail.com;;;Canada
C6271;Priya;Female;;Ahmedabad;;;1554.17;1;;;;USA
C6272;Neha;;;Hyderabad;30/7/2022;;;3;user6271mail.com;;;India
C6273;Sneha;Male;;Mumbai;;;;10;;;;
;Kiran;;;Hyderabad;20/1/2022;22/11/2024;;2;user6273mail.com;;;India
C6275;;Female;22;Hyderabad;28/5/2025;;1818.52;1;;95532337;0095532337;USA
C6276;Pooja;Female;;Kolkata;;20/2/2022;;1;;;;Australia
C6277;Priya;;32;Chennai;3/11/2023;;;1;user6276@mail.com;;;USA
C6278;Simran;;;Ahmedabad;;21/9/2022;;;user6277mail.com;;;UK
;;;69;Pune;21/2/2021;;3066.62;10;user6278mail.com;9758513327;9758513327;Canada
C6280;Rahul;Male;39;Ahmedabad;;;827.48;1;;9732737374;9732737374;India
C6281;Neha;;;Kolkata;;;;;user6280@mail.com;937151497;0937151497;UK
C6282;;Female;;;19/3/2023;;;10;user6281mail.com;9776165286;9776165286;UK
C6283;Pooja;Female;;Mumbai;13/4/2023;;;2;;;;Canada
C6284;;;;Pune;;;;1;user6283@mail.com;;;UK
C6285;Pooja;;42;Bangalore;29/7/2023;;;1;;935249846;0935249846;USA
C6286;Ankit;Male;;;;;265.79;1;;;;UK
C6287;Neha;Female;;Ahmedabad;;;;;user6286@mail.com;96376946;0096376946;
C6288;Simran;;;Kolkata;4/4/2021;;3395.76;;user6287mail.com;9353513617;9353513617;Australia
C6289;;Male;;Bangalore;;;;1;;;;India
C6290;;Male;;Pune;;;;10;user6289@mail.com;;;
C6291;Kiran;Male;;Ahmedabad;24/1/2021;12/7/2021;4302.93;1;;;;India
C6292;Ankit;Female;57;Bangalore;7/8/2020;;;1;user6291mail.com;;;India
C6293;Kiran;Female;;Mumbai;14/8/2022;;2918.22;1;user6292@mail.com;;;
C6294;;Female;;Delhi;23/10/2020;;;10;;;;UK
C6295;Sneha;Male;;Bangalore;;27/11/2021;2689.36;2;;;;
;Neha;Male;;Delhi;;;1692.33;3;user6295mail.com;;;Australia
C6297;Kiran;Male;70;Ahmedabad;26/10/2022;;3856.06;10;;;;
C6298;;Female;;Delhi;;;;10;user6297@mail.com;;;India
C6299;Kiran;Male;;Mumbai;;;;;user6298@mail.com;;;Canada
;Ravi;Female;;Hyderabad;;;;;;;;UK
C6301;Amit;Female;;Mumbai;21/11/2021;;;;user6300@mail.com;;;Canada
C6302;;Female;;Ahmedabad;10/4/2023;;;1;user6301@mail.com;;;USA
C6303;;Male;;Pune;30/5/2023;;;;user6302mail.com;9454317155;9454317155;
C6304;Kiran;Male;;Pune;6/12/2023;;;10;;937884711;0937884711;
;;Female;31;Chennai;;;;1;;9565332123;9565332123;Australia
C6306;Neha;;29;Kolkata;5/10/2024;;;1;user6305@mail.com;;;USA
C6307;;Male;;Delhi;9/12/2022;3/5/2021;2753.67;10;user6306@mail.com;9423973174;9423973174;Australia
C6308;Simran;;27;Pune;12/4/2024;18/7/2024;;;user6307mail.com;;;Canada
C6309;;Female;48;Mumbai;21/4/2023;;;4;;;;USA
C6310;Kiran;Female;43;Pune;;14/2/2023;;;user6309@mail.com;;;Australia
C6311;Kiran;Female;;Ahmedabad;;;;;user6310mail.com;9119447648;9119447648;UK
;Priya;;65;Kolkata;28/12/2024;;;;user6311mail.com;;;Canada
C6313;Simran;Female;;Chennai;;;;10;;;;Australia
;;;;Chennai;17/6/2025;9/10/2020;;1;user6313mail.com;;;UK
;Pooja;Male;;Bangalore;;;;;user6314@mail.com;;;Canada
C6316;;Male;;Bangalore;;;4904.04;5;;;;
;Neha;Male;;Pune;13/9/2024;20/7/2024;;10;;;;Australia
;Amit;;;;;;;5;;;;UK
C6319;Neha;Female;;Ahmedabad;1/10/2021;4/12/2022;;1;user6318@mail.com;;;
C6320;Sneha;Male;67;Hyderabad;16/4/2025;;1722.13;10;user6319mail.com;;;UK
;;Male;;Kolkata;;;;10;;;;UK
C6322;Simran;Male;;Ahmedabad;20/5/2024;26/7/2022;;10;;9751119643;9751119643;Canada
C6323;Rahul;Female;;Mumbai;;;;1;;;;Canada
C6324;Rahul;Male;67;Delhi;;23/3/2024;;1;;;;Australia
C6325;Priya;Female;24;Bangalore;30/10/2025;;;10;;;;UK
C6326;;Female;;Bangalore;22/10/2025;;;;;;;USA
C6327;;Male;65;Pune;;1/2/2021;;1;;;;Canada
C6328;Ravi;Female;;;11/2/2022;;;1;user6327@mail.com;;;India
;Kiran;Male;;Bangalore;;11/10/2022;2211.87;;user6328@mail.com;;;Australia
C6330;Sneha;Male;;Kolkata;1/8/2024;;;2;user6329mail.com;;;India
C6331;Sneha;Male;;Bangalore;;;2752.37;1;user6330@mail.com;;;
C6332;Ravi;Female;42;Ahmedabad;24/5/2025;;;5;;;;USA
C6333;Kiran;Male;;;14/3/2022;7/1/2021;;10;;;;India
C6334;Sneha;Female;;Delhi;;;;10;;953925339;0953925339;Canada
;Rahul;Male;;Mumbai;;16/3/2023;;;;924283547;0924283547;USA
C6336;Rahul;Female;64;Ahmedabad;;;491.72;;;94379544;0094379544;India
C6337;Amit;Female;;Bangalore;;;2052.69;;user6336@mail.com;;;Canada
;;Female;;Kolkata;;;;1;user6337mail.com;;;
C6339;Amit;Female;;Chennai;18/7/2023;19/4/2023;;10;user6338mail.com;;;UK
C6340;Ravi;;;Delhi;;;;;;99384678;0099384678;USA
C6341;Ravi;Male;;;5/7/2022;;4498.79;10;user6340@mail.com;;;UK
C6342;Rahul;Female;;Delhi;;;;;user6341@mail.com;;;UK
C6343;;Male;;Hyderabad;;5/12/2022;;4;user6342mail.com;;;UK
C6344;Neha;Male;25;Bangalore;3/11/2022;;;1;;;;UK
C6345;Priya;Female;48;Ahmedabad;;21/3/2024;;1;;9131598519;9131598519;
C6346;;Male;;;3/1/2025;27/7/2021;;1;user6345@mail.com;;;Canada
C6347;Rahul;Male;;Bangalore;24/1/2022;21/4/2023;;1;user6346mail.com;;;Australia
C6348;Ravi;;;Ahmedabad;;;559.33;1;;956983;0000956983;Canada
;Neha;;57;Hyderabad;27/2/2024;14/4/2022;;10;;;;USA
;Ankit;;42;Pune;;;;10;;;;
C6351;Neha;Female;;Pune;24/8/2025;;;1;;9536212962;9536212962;India
C6352;Amit;Male;;Pune;21/1/2026;;;4;user6351@mail.com;;;USA
C6353;Rahul;Female;;Pune;15/11/2025;;1177.96;1;;9263257411;9263257411;USA
C6354;Amit;Female;;Pune;;;4018.01;;user6353@mail.com;;;Canada
;Priya;Male;;Chennai;;;2575.39;;;9158724366;9158724366;Canada
C6356;Kiran;Male;;Delhi;;;;5;user6355mail.com;;;Australia
C6357;Rahul;;;Hyderabad;24/7/2023;7/6/2025;617.67;1;user6356@mail.com;9645849574;9645849574;
C6358;;Female;;Pune;;17/6/2023;1255.62;;;;;USA
C6359;Ravi;Male;50;Pune;;28/3/2021;;1;user6358mail.com;944192912;0944192912;India
;Sneha;;;Hyderabad;16/5/2022;;;10;;;;USA
C6361;Sneha;Male;;Bangalore;27/9/2025;;;3;;9135662474;9135662474;India
C6362;Simran;Female;;Delhi;23/1/2026;;3116.76;1;user6361@mail.com;;;India
C6363;Kiran;;;Hyderabad;2/1/2025;14/6/2024;;1;;9975575213;9975575213;USA
C6364;Kiran;Male;;Bangalore;10/12/2022;;;10;;;;UK
C6365;Kiran;Male;;;;10/11/2021;4014.07;1;user6364@mail.com;;;India
;Ankit;;40;Delhi;10/6/2022;;;5;;;;UK
C6367;;Male;;;4/6/2024;;;;user6366@mail.com;;;Canada
C6368;Priya;Female;59;Bangalore;13/9/2022;;;1;;9232231889;9232231889;USA
C6369;Neha;;;Hyderabad;26/8/2020;12/10/2024;;1;;;;UK
C6370;Amit;;25;Mumbai;;26/4/2025;;10;;;;Australia
C6371;Neha;;39;Delhi;;;;10;user6370@mail.com;;;India
C6372;Ravi;;;Delhi;6/4/2022;;1535.02;1;user6371mail.com;9317223937;9317223937;USA
C6373;;Male;34;Bangalore;;;;3;user6372mail.com;;;UK
C6374;Ravi;Female;;Hyderabad;;;;10;;9849383362;9849383362;UK
C6375;Pooja;;;;15/6/2023;;;1;user6374@mail.com;;;
C6376;Priya;;36;Mumbai;15/2/2023;;;;user6375@mail.com;;;India
C6377;Ankit;;;;25/1/2026;;;4;;;;UK
C6378;Kiran;;;Hyderabad;16/9/2021;29/10/2024;;10;user6377mail.com;977238568;0977238568;
;;;;Delhi;;1/8/2025;;10;user6378@mail.com;;;
;Pooja;Male;;Hyderabad;7/1/2024;26/8/2020;;1;user6379@mail.com;;;
C6381;Rahul;Male;67;Hyderabad;;;;;user6380@mail.com;9271189612;9271189612;Australia
C6382;Ravi;Male;40;;16/2/2023;;;5;user6381@mail.com;9392941246;9392941246;USA
C6383;Amit;;;;;6/8/2022;;1;user6382@mail.com;;;
;;Male;;Hyderabad;;;;5;user6383mail.com;;;Canada
C6385;;Male;;Pune;5/11/2025;;;1;user6384@mail.com;;;USA
C6386;Pooja;Female;;Chennai;;27/12/2021;;;;9484334926;9484334926;
C6387;Kiran;;;Kolkata;8/9/2022;;3661.51;5;;;;India
;Neha;;;Kolkata;25/7/2021;;2007.39;1;;;;India
;Amit;Female;;;3/5/2025;;;4;user6388mail.com;;;Australia
C6390;Sneha;Female;48;;;;;10;user6389mail.com;;;
C6391;Kiran;Male;46;Bangalore;19/9/2021;;;1;;;;Canada
C6392;Ravi;;;;;;;3;;973573963;0973573963;UK
C6393;;;;Bangalore;;;;10;;;;Canada
C6394;Amit;Male;47;Kolkata;;;;10;;;;India
C6395;Ankit;Male;47;Hyderabad;;7/8/2020;;10;;;;Australia
C6396;Priya;;;Kolkata;;27/3/2025;;3;;;;UK
;Kiran;;19;Chennai;12/10/2024;31/3/2022;;5;;;;USA
C6398;Neha;;;Chennai;1/4/2021;;1581.55;1;user6397@mail.com;;;India
C6399;Amit;Female;39;Chennai;13/11/2024;13/7/2024;4556.03;1;user6398@mail.com;;;Canada
C6400;Kiran;Female;;Pune;30/9/2022;;;;user6399@mail.com;91735256;0091735256;Australia
C6401;Kiran;Female;;Ahmedabad;15/5/2024;;;1;user6400mail.com;;;India
C6402;Sneha;Female;;Chennai;;;;4;user6401mail.com;;;
C6403;;Male;;Delhi;;;4050.72;;user6402mail.com;;;UK
C6404;Simran;Male;;Kolkata;;;;10;;;;USA
C6405;Kiran;;27;Chennai;3/4/2021;;;2;user6404@mail.com;9398822828;9398822828;UK
C6406;Rahul;Female;;Mumbai;29/12/2024;;;2;;;;India
C6407;Ravi;Male;;Pune;19/8/2021;;;10;user6406mail.com;;;
;Neha;Female;;Bangalore;18/4/2021;;;10;;;;
C6409;Kiran;;28;;2/1/2025;;;1;;;;UK
;Rahul;Male;;Mumbai;13/4/2023;;;;;925259942;0925259942;Canada
;Pooja;Female;39;Chennai;;26/7/2023;4945.74;5;user6410@mail.com;;;
C6412;Ankit;;;Mumbai;;;;1;;93124591;0093124591;Australia
C6413;Kiran;Female;;Pune;;;3962.16;;;9627321465;9627321465;USA
C6414;Amit;Male;;Chennai;31/8/2024;;;10;;9553218284;9553218284;UK
C6415;Kiran;Female;;Hyderabad;19/1/2021;20/8/2025;3889.75;1;;9551821827;9551821827;
C6416;;;;Chennai;3/11/2024;10/1/2023;;10;user6415@mail.com;;;UK
C6417;Kiran;Female;;Bangalore;;;;;user6416@mail.com;;;Canada
C6418;Rahul;Male;;Delhi;25/5/2022;;;1;user6417@mail.com;;;UK
C6419;Ravi;;52;Kolkata;30/12/2022;4/1/2025;;2;;;;Canada
C6420;Ravi;Female;;Hyderabad;;;;;user6419mail.com;;;Australia
C6421;Amit;Female;56;Delhi;;30/11/2021;;;user6420mail.com;;;USA
C6422;Simran;Male;;Bangalore;;16/11/2021;;1;;;;Canada
C6423;Simran;;;;21/6/2022;;;10;;;;USA
C6424;Rahul;Male;43;Hyderabad;;24/8/2023;;3;user6423mail.com;94482318;0094482318;Canada
;Pooja;;;Hyderabad;1/4/2025;1/3/2023;;5;user6424@mail.com;;;India
C6426;Kiran;Male;;Pune;27/9/2023;;;;user6425@mail.com;;;
C6427;Amit;Female;;Ahmedabad;23/12/2023;12/2/2025;1587.44;;user6426@mail.com;91544743;0091544743;Australia
C6428;Simran;Female;;Hyderabad;;26/5/2022;;;;938913992;0938913992;
C6429;Rahul;Female;;Kolkata;;4/1/2022;;1;user6428mail.com;;;USA
;Rahul;;;Mumbai;;16/3/2023;;10;user6429@mail.com;;;USA
C6431;;Male;18;Delhi;25/2/2024;;;;user6430mail.com;;;USA
;Ravi;Female;42;Chennai;6/12/2025;;;1;user6431@mail.com;;;India
;;Female;;Ahmedabad;;;;2;user6432@mail.com;;;Australia
C6434;Amit;Female;;;;;;1;user6433mail.com;;;Canada
C6435;Rahul;Female;;Mumbai;;;;4;;;;USA
;Rahul;Female;;;;7/10/2021;;4;;;;Australia
;;Male;;Hyderabad;21/3/2025;18/1/2021;3318;1;;;;India
C6438;Simran;Male;60;Delhi;14/5/2022;26/5/2024;;10;user6437@mail.com;9766312275;9766312275;
C6439;Simran;Male;;Delhi;;;;;user6438@mail.com;;;Canada
C6440;Priya;;;Hyderabad;28/3/2025;9/3/2022;;;;;;Australia
C6441;Ankit;;46;;;;;1;user6440mail.com;;;Australia
C6442;Simran;Female;;;;;;3;user6441@mail.com;9855614479;9855614479;Australia
C6443;;;44;Pune;;;;;;;;
C6444;;Female;;Mumbai;16/6/2023;;;10;;;;UK
;;Male;;;;8/2/2023;938.29;1;user6444@mail.com;;;India
C6446;Rahul;Female;37;Chennai;23/4/2023;31/8/2021;;;;;;Canada
C6447;;;42;Chennai;;;;;user6446mail.com;92851666;0092851666;Canada
;Rahul;Female;41;Bangalore;5/7/2024;;169.28;;user6447@mail.com;9584732442;9584732442;Canada
;;Female;;Hyderabad;26/9/2021;;;;;9876495845;9876495845;USA
C6450;Sneha;Male;;Hyderabad;;;;10;user6449mail.com;;;Canada
C6451;;Female;;Ahmedabad;;;;1;;;;
C6452;;;25;Delhi;24/1/2025;;;10;user6451mail.com;;;UK
;Neha;;;Pune;30/7/2024;;;1;;;;UK
C6454;Ankit;Male;;;28/5/2024;16/5/2024;2904.13;1;user6453mail.com;;;USA
C6455;Priya;Male;;Mumbai;1/9/2025;16/3/2021;;1;user6454@mail.com;;;Australia
C6456;Ravi;Female;;Hyderabad;;8/1/2024;;10;user6455@mail.com;;;
C6457;Simran;Female;43;Mumbai;9/4/2024;;;2;user6456@mail.com;;;India
C6458;Simran;;59;Hyderabad;;;;5;user6457@mail.com;9163365384;9163365384;Canada
C6459;Simran;Male;;Chennai;6/11/2020;;;1;;;;USA
C6460;Ravi;Female;;Chennai;13/3/2023;;;3;user6459mail.com;;;Australia
C6461;Pooja;Female;;Mumbai;5/1/2025;;;1;;961866811;0961866811;Australia
C6462;Priya;Male;;Ahmedabad;1/12/2025;;;1;user6461mail.com;;;India
C6463;Kiran;Male;;Delhi;7/7/2025;;;;user6462mail.com;;;Canada
C6464;;Male;;Chennai;19/4/2024;29/8/2020;;;;9474542947;9474542947;USA
;Kiran;Male;;Mumbai;10/9/2020;;1119.22;;user6464mail.com;918592319;0918592319;India
;Ankit;Male;31;Delhi;12/1/2026;;;;;9872983141;9872983141;Australia
C6467;Ankit;;;Chennai;;5/7/2024;;3;user6466@mail.com;;;India
C6468;Priya;;;Pune;;;;10;user6467mail.com;;;USA
C6469;Ravi;Male;;Mumbai;31/10/2022;;;10;;;;Australia
C6470;Neha;Male;;Pune;;;;1;;;;India
;Priya;Male;;Pune;;;;10;user6470mail.com;;;USA
C6472;Sneha;Male;;Ahmedabad;;;;;user6471@mail.com;;;USA
C6473;Kiran;Female;;Delhi;;;;;;;;USA
C6474;Rahul;Male;26;Delhi;9/3/2022;;;1;user6473mail.com;;;Canada
C6475;Amit;Female;;Kolkata;12/10/2024;;;1;;9759524575;9759524575;UK
;Simran;;;Hyderabad;;5/1/2022;;3;user6475mail.com;;;UK
C6477;Kiran;Female;;;1/1/2024;;;3;user6476@mail.com;;;Australia
C6478;;Female;;Bangalore;;28/9/2021;;1;user6477mail.com;;;India
C6479;Ravi;Female;;Delhi;;;;;user6478@mail.com;;;India
C6480;Priya;Female;;Bangalore;7/4/2021;;;2;;972333188;0972333188;
C6481;Amit;;;Delhi;27/9/2025;;;;;9838369724;9838369724;
C6482;Pooja;Female;24;Bangalore;;;;1;;;;UK
;;;;Delhi;23/1/2021;15/12/2022;;10;;;;Australia
C6484;Priya;Male;67;Pune;18/7/2025;29/1/2025;;;user6483@mail.com;;;
;;Male;;Hyderabad;18/12/2021;;;1;;;;USA
C6486;Sneha;Female;;Hyderabad;21/10/2022;;;;user6485@mail.com;;;
C6487;Simran;Female;61;;15/5/2023;;3794.05;;;;;USA
C6488;Sneha;;;Chennai;;;2213.13;10;user6487mail.com;;;Canada
C6489;Sneha;Female;;Delhi;21/12/2020;;;1;user6488@mail.com;;;Australia
C6490;Neha;;;Chennai;;;;10;user6489mail.com;;;UK
C6491;Neha;Male;;Bangalore;;;903.24;1;;9289422979;9289422979;Canada
;Neha;Male;;Pune;23/6/2022;;1060.4;10;user6491@mail.com;91815691;0091815691;India
;Pooja;Female;;Kolkata;;;;;user6492mail.com;;;Australia
C6494;Ankit;Female;;Mumbai;30/10/2024;8/4/2021;;;;;;Australia
C6495;Kiran;Female;;Ahmedabad;17/9/2022;17/7/2021;;;user6494@mail.com;;;UK
;Pooja;Male;;Mumbai;;;4535.38;1;user6495@mail.com;9932164398;9932164398;Canada
C6497;Rahul;Female;;Delhi;11/3/2024;29/1/2025;1506.05;2;;;;USA
;Sneha;Male;;Delhi;;;;5;user6497mail.com;924672762;0924672762;India
;;Male;;Hyderabad;22/9/2020;;;10;user6498mail.com;;;India
C6500;Kiran;;;Delhi;12/8/2020;;1071.93;10;user6499mail.com;;;
;Ankit;;;Hyderabad;;;;10;;;;
;Priya;Male;;Bangalore;;;252.39;3;user6501@mail.com;;;UK
C6503;Ankit;;;Pune;19/12/2024;;;1;;;;Canada
C6504;Sneha;Male;;Mumbai;29/9/2023;;3830.45;1;user6503@mail.com;9938747841;9938747841;Australia
C6505;;Male;70;Ahmedabad;;;;1;user6504mail.com;;;USA
C6506;Ravi;Female;;Bangalore;8/8/2025;;181.92;1;user6505@mail.com;;;USA
C6507;Priya;Female;;Chennai;;;;;;;;
C6508;Pooja;Female;;Ahmedabad;;;;5;;;;India
C6509;Neha;Male;;Ahmedabad;;;306.49;4;;;;Australia
C6510;;Male;;Pune;;;1818.26;1;user6509@mail.com;946178974;0946178974;USA
C6511;Neha;;67;Kolkata;16/11/2022;;;1;user6510mail.com;;;Canada
C6512;;;;;;;;10;;;;USA
;;Male;;Hyderabad;21/7/2025;13/9/2025;4280.63;1;user6512@mail.com;913787144;0913787144;Australia
;Priya;Male;28;Bangalore;;29/7/2022;;1;user6513@mail.com;;;India
;Ravi;;;;;;;2;;;;Canada
C6516;;;31;Kolkata;21/3/2025;;;;;9385626366;9385626366;UK
C6517;Kiran;Female;;Kolkata;10/10/2022;;;1;user6516mail.com;;;USA
;;Female;;Ahmedabad;26/5/2021;;;;;;;USA
C6519;Pooja;Male;;;18/6/2024;28/10/2021;2581.07;;;;;Canada
C6520;Ankit;;;Ahmedabad;;8/7/2023;1084.55;1;user6519mail.com;;;USA
C6521;Neha;Male;45;;24/10/2023;22/3/2025;1029.32;10;user6520@mail.com;;;USA
C6522;Pooja;Female;61;Pune;;;;;user6521@mail.com;;;UK
;Kiran;Male;;Delhi;13/6/2022;;;1;user6522@mail.com;;;India
C6524;Neha;Male;;Delhi;;;;10;;;;USA
;Pooja;Male;;Bangalore;24/9/2020;21/9/2022;;1;user6524mail.com;9872943925;9872943925;
;Ankit;Female;;Mumbai;28/9/2023;;;1;;966616915;0966616915;Australia
C6527;Pooja;Male;;Delhi;22/7/2023;2/2/2021;309.46;1;user6526@mail.com;;;USA
C6528;Ravi;Female;;Ahmedabad;3/8/2021;9/2/2024;;1;user6527mail.com;;;
C6529;Ankit;Female;;Chennai;24/12/2022;30/1/2021;2409.68;;user6528mail.com;;;UK
C6530;Neha;Male;;Delhi;10/10/2023;11/7/2024;;;user6529mail.com;;;India
;Rahul;;49;Mumbai;15/3/2024;;;;;;;UK
C6532;Kiran;;;Hyderabad;6/8/2024;;1468.18;3;user6531@mail.com;9977586664;9977586664;
C6533;Pooja;Male;21;Hyderabad;;;;1;user6532mail.com;;;
C6534;;Female;;Chennai;27/4/2025;30/7/2022;;;;94385334;0094385334;Australia
C6535;Ravi;Male;;Kolkata;;;;10;;;;
C6536;Kiran;Male;29;;23/2/2025;11/2/2023;;1;;;;India
C6537;Ankit;;;Ahmedabad;28/6/2024;22/8/2022;4921.66;;;;;UK
C6538;;;51;Mumbai;;18/6/2024;;10;;9741413351;9741413351;USA
C6539;Neha;Male;;Mumbai;8/1/2026;;;1;;9764125238;9764125238;
C6540;Ankit;Female;;Pune;;;;10;user6539mail.com;935898649;0935898649;UK
C6541;;Male;45;Pune;9/1/2023;;;;user6540@mail.com;;;
;Neha;Male;;Kolkata;17/10/2022;;194.03;5;;;;India
C6543;;Male;;Hyderabad;24/3/2021;14/4/2025;4881.88;1;;;;USA
C6544;;Female;;Bangalore;;;;;user6543mail.com;;;
C6545;Neha;;46;Pune;;16/9/2022;;10;;991855585;0991855585;USA
C6546;Ankit;Female;;Chennai;26/5/2023;;;1;;;;UK
C6547;Neha;;;Kolkata;12/3/2025;;4246.98;;user6546mail.com;;;Canada
C6548;Pooja;;;Kolkata;;25/8/2021;;1;user6547mail.com;95243371;0095243371;USA
C6549;Ravi;Male;;Bangalore;;;;5;;;;USA
C6550;;Female;;Bangalore;;;;;;;;
C6551;Kiran;Female;;Bangalore;27/12/2022;;;1;user6550@mail.com;;;
C6552;Kiran;;26;Pune;;;;5;user6551mail.com;;;UK
C6553;Ankit;Male;;Chennai;;;;;user6552@mail.com;;;Canada
C6554;Priya;Male;;Ahmedabad;16/8/2021;;;10;;;;USA
C6555;Ankit;Male;;Mumbai;;;;5;user6554mail.com;;;USA
C6556;Amit;Male;37;;8/8/2023;10/9/2021;;3;user6555@mail.com;;;India
C6557;Ankit;Female;;Hyderabad;2/2/2024;3/1/2022;;10;user6556mail.com;966941742;0966941742;India
C6558;Pooja;Female;;Delhi;;27/3/2023;;4;user6557@mail.com;;;Canada
C6559;Priya;Male;;Bangalore;11/10/2021;;1602.34;1;;;;Canada
C6560;Ankit;;;Pune;31/8/2023;31/1/2023;3085.17;;user6559@mail.com;;;Canada
C6561;Ankit;;;Pune;2/5/2022;;;;user6560mail.com;97895491;0097895491;USA
C6562;Kiran;;;Chennai;;;;;user6561mail.com;;;USA
C6563;Amit;Male;;Ahmedabad;;23/4/2025;;;user6562mail.com;;;
C6564;Pooja;Female;38;Pune;;;;10;user6563mail.com;;;
C6565;Neha;Female;;Ahmedabad;8/3/2025;7/12/2020;;10;;94687924;0094687924;Australia
C6566;Kiran;;;;18/10/2022;;;10;user6565@mail.com;;;Canada
C6567;Simran;Female;;Mumbai;;12/10/2020;;;user6566mail.com;;;India
C6568;Sneha;Male;38;Hyderabad;11/4/2025;;;1;user6567mail.com;;;USA
C6569;Rahul;Female;;Mumbai;21/3/2024;;;1;user6568mail.com;;;Canada
C6570;Simran;Female;;Delhi;;;;10;;998145684;0998145684;India
C6571;Amit;Female;;Kolkata;22/12/2022;;;1;user6570@mail.com;;;
C6572;Sneha;Female;54;Chennai;11/7/2022;;;1;;;;India
C6573;Sneha;Female;32;Pune;;;;;user6572mail.com;9379274297;9379274297;
C6574;;Male;;Pune;;;;;;;;Canada
C6575;Priya;;;Ahmedabad;;;;1;user6574mail.com;967292972;0967292972;India
C6576;Amit;;;Bangalore;;;;5;;934425765;0934425765;Canada
C6577;;Female;;Chennai;;3/11/2022;;2;user6576@mail.com;;;Australia
C6578;Simran;Female;;Kolkata;9/3/2023;;;;user6577mail.com;;;Canada
C6579;Simran;;63;Kolkata;;;;;;;;USA
C6580;Kiran;Male;;Ahmedabad;21/5/2021;;;10;;;;USA
C6581;Neha;Male;;Kolkata;28/8/2025;5/9/2025;;10;user6580mail.com;;;Australia
C6582;Amit;Female;;Bangalore;;3/10/2025;2100.94;5;;;;USA
C6583;Simran;;19;Mumbai;;;;10;user6582mail.com;9267199843;9267199843;UK
;Ankit;Female;;;6/6/2022;18/2/2022;;5;;;;Australia
C6585;Ankit;;54;Mumbai;;;;1;user6584@mail.com;9376694;0009376694;Canada
C6586;Sneha;Male;27;Bangalore;27/2/2021;;;1;user6585@mail.com;;;UK
C6587;Ravi;Male;;Bangalore;;;;2;;975554251;0975554251;USA
;Ankit;Male;;Ahmedabad;7/10/2025;21/4/2021;;1;;;;UK
C6589;Priya;Female;67;Ahmedabad;11/9/2024;11/7/2023;;10;;;;Canada
;Neha;Female;;Chennai;;;;2;;;;Canada
C6591;Sneha;Male;;Ahmedabad;;;;1;user6590@mail.com;;;Canada
;Priya;Male;;Ahmedabad;;;;1;;;;India
C6593;Sneha;Female;;Hyderabad;12/6/2025;;;;;;;India
C6594;Simran;;;Pune;19/5/2022;;;1;user6593@mail.com;;;UK
C6595;Ankit;;32;Ahmedabad;;;;4;user6594@mail.com;9291327922;9291327922;India
;Ravi;;;Chennai;;25/4/2024;;10;;9657764544;9657764544;UK
C6597;Kiran;Female;;;5/4/2022;;;1;;;;India
C6598;Kiran;Male;26;Hyderabad;;11/5/2024;;10;user6597mail.com;;;USA
C6599;Kiran;Male;64;Bangalore;23/12/2020;3/5/2023;3215.86;;;96291395;0096291395;Canada
C6600;Neha;Male;24;;;;;;;;;Canada
C6601;;Male;;Delhi;10/10/2021;;;5;user6600@mail.com;;;India
C6602;;Male;;Kolkata;;;2768.11;;;;;USA
;Amit;Male;;Hyderabad;7/9/2021;;;10;;;;Australia
C6604;Ravi;Male;;Hyderabad;;25/2/2023;;1;;;;Australia
C6605;Kiran;Female;;Delhi;;24/4/2025;;;user6604@mail.com;9242186757;9242186757;UK
C6606;Ankit;Male;;Chennai;24/9/2024;;3746.94;;;;;India
C6607;Priya;;;Mumbai;1/6/2024;;;4;;;;Canada
C6608;;Male;;Bangalore;;;;2;user6607@mail.com;9676522952;9676522952;India
C6609;Amit;;50;Delhi;27/12/2023;;;1;user6608@mail.com;;;Canada
C6610;Simran;;;Pune;;;2996.9;;;9686538156;9686538156;Australia
C6611;Rahul;Male;18;Pune;27/7/2023;;4016.95;1;user6610@mail.com;9935777285;9935777285;
C6612;Ankit;Female;19;Ahmedabad;;20/1/2023;;10;user6611mail.com;;;UK
C6613;;Female;;Bangalore;10/10/2020;;;;;;;UK
C6614;Ravi;;;Bangalore;;;;1;user6613mail.com;;;Canada
C6615;Ravi;Male;;Kolkata;;;;4;user6614mail.com;;;
C6616;Priya;Female;56;Chennai;16/10/2021;;;10;user6615mail.com;9894611496;9894611496;Australia
C6617;Sneha;;;Chennai;30/11/2022;;4740.52;;;;;India
C6618;Neha;Male;;Bangalore;22/3/2024;;;;;;;Canada
C6619;Rahul;Female;;Ahmedabad;4/9/2022;25/1/2024;611.93;10;user6618mail.com;;;USA
C6620;Ankit;Female;37;;;13/1/2026;;1;;;;UK
C6621;Pooja;Male;34;Kolkata;;30/7/2021;;10;;;;India
C6622;;Male;;Bangalore;26/4/2024;;2361.57;2;;996323841;0996323841;India
C6623;;Female;;Hyderabad;;5/3/2024;;;user6622mail.com;;;Canada
C6624;Ravi;;;Chennai;9/1/2025;;2311.79;1;user6623@mail.com;;;UK
C6625;;Male;;;;5/5/2022;;2;user6624@mail.com;938733714;0938733714;UK
C6626;Priya;Female;55;Ahmedabad;;;;1;;;;India
;Priya;Male;30;Hyderabad;;25/9/2024;1643.02;;;938799485;0938799485;USA
;Amit;;;Bangalore;19/10/2022;;;5;user6627mail.com;;;India
;;Female;;Hyderabad;5/1/2025;19/6/2022;;;user6628mail.com;;;India
C6630;Amit;Male;;Pune;13/1/2026;;;1;;;;
C6631;Kiran;Male;;Hyderabad;;;;1;user6630mail.com;;;Canada
C6632;Pooja;Male;61;Hyderabad;;;;;user6631@mail.com;;;USA
C6633;Priya;Female;;Bangalore;8/4/2021;7/6/2023;;4;;;;UK
;Rahul;Male;;Pune;3/12/2023;31/8/2022;;10;;;;India
C6635;;Female;63;Hyderabad;7/12/2021;16/1/2022;;1;user6634mail.com;963729415;0963729415;
C6636;Sneha;Female;;Mumbai;;;;2;user6635@mail.com;;;USA
C6637;Amit;Male;;;10/9/2021;22/6/2023;;;;;;Canada
C6638;Rahul;Male;;Ahmedabad;5/4/2022;13/10/2020;837.7;;user6637@mail.com;;;Australia
C6639;Sneha;Female;;Mumbai;23/5/2024;;4067.8;3;user6638@mail.com;964198762;0964198762;Canada
C6640;Rahul;Female;;Bangalore;;;;2;;;;
;Neha;Male;;Ahmedabad;18/12/2022;;;;user6640@mail.com;;;USA
C6642;;;;Ahmedabad;;;;;;;;Canada
C6643;Priya;Male;;Chennai;13/8/2021;;;1;;9779337723;9779337723;UK
C6644;Priya;Male;;Hyderabad;6/5/2021;;;;user6643mail.com;;;India
C6645;Sneha;Male;;Chennai;17/2/2023;16/6/2021;;5;;;;Australia
;;Male;33;Kolkata;28/6/2023;3/11/2025;;10;;9383944732;9383944732;UK
C6647;Simran;;46;Bangalore;27/3/2025;3/4/2021;;3;;;;India
C6648;Sneha;Female;;Hyderabad;15/1/2022;;;10;;;;Canada
C6649;Pooja;Male;;;;25/9/2021;;1;;;;
C6650;Amit;Female;;Kolkata;;;;1;user6649@mail.com;9449593989;9449593989;India
;Pooja;Female;;Bangalore;19/8/2023;;4561.86;;;942148989;0942148989;India
;Kiran;Female;;Pune;;;;10;user6651@mail.com;;;Canada
C6653;;;;Chennai;;24/1/2025;;;;9576796347;9576796347;
C6654;Simran;;67;Chennai;;;;1;;;;Canada
C6655;Amit;Female;;Bangalore;13/11/2022;;1116.69;;user6654@mail.com;;;Canada
C6656;Rahul;Female;;Pune;;;;;user6655@mail.com;;;Canada
;Rahul;Female;19;Ahmedabad;;18/4/2024;;1;;982262233;0982262233;
C6658;Rahul;Male;67;;;5/3/2024;;10;user6657mail.com;;;USA
C6659;Pooja;Female;29;Bangalore;20/3/2023;;;1;;94962326;0094962326;UK
C6660;Neha;Male;;Mumbai;7/11/2023;;;;user6659@mail.com;;;Canada
C6661;Pooja;Male;;;12/7/2023;;;;;;;USA
C6662;Neha;;66;Hyderabad;18/6/2021;17/2/2024;4411.91;10;user6661@mail.com;959316475;0959316475;Canada
C6663;Simran;Male;;Bangalore;;7/7/2024;338.1;10;user6662mail.com;;;
C6664;Kiran;;;Delhi;;;;1;user6663@mail.com;;;India
C6665;Ankit;Female;51;Pune;22/2/2023;;;3;;;;India
;Neha;;;Bangalore;8/6/2023;;1809.24;10;user6665mail.com;;;
C6667;Neha;Male;;Mumbai;6/5/2022;;;1;;99587877;0099587877;
C6668;Amit;Male;;Hyderabad;24/8/2020;29/9/2021;;1;user6667@mail.com;;;USA
C6669;Sneha;Female;;Hyderabad;;;;;user6668mail.com;9669997916;9669997916;UK
C6670;Ravi;Male;;Hyderabad;;;1193.09;;;9138894;0009138894;Canada
C6671;;Female;;Kolkata;;;;;user6670mail.com;;;Canada
C6672;Amit;Female;;Delhi;22/5/2024;;;;user6671mail.com;;;UK
C6673;Kiran;Male;;Delhi;28/3/2025;;;;;;;UK
C6674;Simran;Male;;;28/11/2025;;;3;;;;Canada
C6675;Pooja;Female;;Hyderabad;9/6/2021;5/12/2024;;;;;;
C6676;;Male;;Pune;23/2/2021;4/4/2023;;10;user6675mail.com;;;India
C6677;Ravi;Female;;Delhi;;6/3/2025;1455.87;;;977989675;0977989675;Australia
C6678;Priya;;28;Mumbai;1/4/2021;21/5/2021;2189.92;;user6677@mail.com;;;Canada
;;;32;;4/3/2023;6/7/2025;;1;;;;Australia
;;;;Kolkata;12/11/2022;;;10;user6679mail.com;92594299;0092594299;USA
C6681;Priya;Female;;Bangalore;;4/5/2024;;2;user6680mail.com;;;
C6682;;Male;;Kolkata;16/3/2024;;;1;user6681@mail.com;9946282322;9946282322;USA
;Amit;Male;;Delhi;;;4163.31;1;user6682@mail.com;;;
C6684;;Female;;Ahmedabad;18/6/2024;;2913.81;1;user6683@mail.com;985395376;0985395376;USA
C6685;Simran;Female;;Kolkata;18/10/2023;;;3;user6684mail.com;;;USA
C6686;Rahul;Male;;Delhi;31/1/2024;;;;user6685mail.com;;;Australia
;Priya;Female;;Kolkata;11/8/2020;;;;user6686@mail.com;;;India
C6688;;Male;;Mumbai;;;466.89;;;;;UK
C6689;Rahul;Male;;Chennai;;14/2/2021;;2;;;;UK
C6690;;Female;;Bangalore;16/9/2022;;;1;user6689@mail.com;;;Canada
C6691;Ankit;Male;;Pune;28/1/2021;23/12/2021;;1;user6690mail.com;9325423325;9325423325;UK
C6692;Ankit;;;Mumbai;;;;;;993581623;0993581623;Canada
C6693;Kiran;Male;;Ahmedabad;8/10/2022;;2841.33;;;;;India
C6694;;;;Delhi;16/3/2025;;;5;;;;India
C6695;;Male;;Mumbai;;;;10;user6694mail.com;;;Canada
C6696;Amit;;;Pune;5/10/2024;;;1;user6695@mail.com;;;
C6697;Sneha;;37;Kolkata;;;;1;;;;UK
C6698;Ravi;;;Pune;26/7/2023;;;1;;;;Canada
C6699;Rahul;;;;;;;;;;;UK
C6700;Priya;Female;;Bangalore;19/12/2020;27/5/2021;;2;user6699@mail.com;9882325952;9882325952;
C6701;Sneha;;;Pune;;30/8/2020;868.18;10;;;;Canada
C6702;Ravi;;50;Kolkata;;;297.03;10;user6701@mail.com;;;UK
C6703;;Male;65;;8/9/2023;;;1;;;;UK
C6704;Ravi;Female;;Delhi;;;2108.28;;;;;USA
;;Male;;Delhi;3/2/2024;2/1/2023;3612.15;;;;;India
C6706;Rahul;Female;;Hyderabad;;11/3/2021;3245.54;10;user6705mail.com;;;Australia
;;Male;42;;;10/12/2022;3813.33;5;;;;UK
C6708;Ravi;Male;;Delhi;;;;10;;;;India
C6709;Ankit;Female;;Kolkata;;;;1;user6708@mail.com;;;India
C6710;Neha;Male;;Hyderabad;22/5/2023;;;10;user6709@mail.com;;;USA
C6711;Simran;Female;;Pune;;26/10/2020;;3;user6710@mail.com;9152829631;9152829631;India
C6712;;Male;;;;21/12/2024;4643.63;10;;;;USA
C6713;Amit;Male;52;Pune;;;1633.4;1;;;;Canada
C6714;Kiran;Female;;Mumbai;1/5/2025;14/2/2024;;5;;;;Australia
C6715;Amit;Female;47;Kolkata;;;269.77;1;user6714@mail.com;;;India
C6716;Pooja;Male;;Bangalore;25/11/2021;;2885.85;10;;91545743;0091545743;India
;;Male;;Delhi;;2/9/2022;;10;;;;USA
C6718;;Male;;Delhi;;14/3/2023;;1;;99317422;0099317422;
C6719;Neha;Male;;Chennai;;25/1/2025;;;user6718mail.com;;;India
C6720;Sneha;Male;;Chennai;;;;1;;;;Australia
;Kiran;Male;;Pune;;21/6/2024;;10;;99641636;0099641636;India
C6722;Ravi;Female;;Kolkata;;;;10;;;;India
C6723;Priya;Female;;Hyderabad;28/12/2022;28/9/2024;;10;;;;India
C6724;Neha;Female;;Pune;18/8/2021;;;2;user6723@mail.com;;;Australia
;Pooja;Female;;Delhi;25/4/2024;;;5;;;;India
C6726;Ankit;;;Bangalore;23/9/2021;;;10;user6725@mail.com;9872966515;9872966515;Canada
C6727;Sneha;Female;;;4/11/2022;19/2/2021;;;;;;India
C6728;Priya;;;Mumbai;;;;;user6727@mail.com;938614476;0938614476;Canada
;Sneha;Male;;Mumbai;9/2/2022;;;1;user6728@mail.com;;;USA
C6730;Priya;Male;;Delhi;30/3/2021;10/12/2021;;1;user6729@mail.com;;;Canada
C6731;;Male;;Bangalore;;30/10/2020;;1;;;;USA
C6732;Sneha;Female;;Ahmedabad;25/9/2020;;2262.29;;user6731mail.com;;;India
C6733;;Male;;;8/8/2025;;;1;user6732@mail.com;;;Canada
;Simran;Female;;Pune;18/12/2020;;;;user6733mail.com;;;UK
C6735;Pooja;Female;;Pune;1/9/2022;23/1/2022;1790.57;;user6734mail.com;;;
;;;;;;;;;user6735@mail.com;;;India
C6737;Priya;Female;;Mumbai;;;4761.01;10;user6736mail.com;;;
C6738;;Female;;Hyderabad;;;;1;;;;India
C6739;Simran;Male;22;Pune;22/10/2024;;216.76;;;;;
C6740;Rahul;Male;;Mumbai;;;;10;user6739@mail.com;995523769;0995523769;UK
C6741;;Female;69;Delhi;;;4331.37;1;user6740mail.com;;;UK
;Neha;Female;;Bangalore;14/8/2024;;;10;user6741@mail.com;975328269;0975328269;Canada
C6743;Rahul;;;Pune;17/5/2023;;;;;;;USA
C6744;Priya;Male;;Ahmedabad;;18/4/2021;;1;;;;Canada
C6745;;;46;Ahmedabad;;;;5;user6744mail.com;;;India
;Kiran;Female;;Pune;;;;4;;;;UK
C6747;Neha;Male;63;Chennai;25/6/2025;;;1;;;;UK
;;Female;25;Chennai;5/10/2023;;;4;;;;
;Ankit;;;Bangalore;26/3/2023;;;5;;;;USA
C6750;Sneha;;20;Kolkata;;;;1;;97776635;0097776635;Australia
C6751;;Female;;Delhi;10/2/2022;22/11/2025;;1;user6750mail.com;;;
C6752;Priya;Male;61;Delhi;21/6/2025;;;1;;97819717;0097819717;USA
C6753;Simran;Male;;Chennai;29/8/2024;;;;;;;
C6754;Ankit;Male;69;;24/2/2022;;;1;user6753mail.com;;;Australia
;Kiran;;;Chennai;21/4/2024;;1700.76;10;user6754@mail.com;941836344;0941836344;India
C6756;Kiran;Female;;Pune;;20/12/2022;;;;;;India
C6757;Sneha;Male;;Pune;17/8/2022;;19.49;1;;;;Canada
C6758;Priya;;;Hyderabad;3/7/2024;;;10;user6757@mail.com;;;USA
C6759;Priya;Male;;Chennai;17/2/2022;;;1;;;;India
C6760;Priya;Male;;Ahmedabad;31/7/2024;21/11/2021;;2;;;;Canada
C6761;Amit;Female;;Mumbai;;;;5;;9514617234;9514617234;Australia
C6762;Ankit;Male;65;Hyderabad;;20/10/2021;;1;;;;India
;Ravi;Male;45;Mumbai;14/11/2024;22/12/2021;;3;;;;UK
;Amit;Male;;Bangalore;16/12/2023;18/7/2022;;1;;;;USA
C6765;Ankit;Male;;;;;;10;user6764mail.com;92189138;0092189138;USA
;Pooja;Male;;Delhi;19/3/2023;;4206.39;5;user6765@mail.com;935972765;0935972765;India
C6767;Neha;Male;;Ahmedabad;10/2/2025;24/2/2024;;3;;9943913636;9943913636;UK
C6768;Simran;;;Delhi;21/8/2021;;;10;user6767@mail.com;914339669;0914339669;UK
C6769;Amit;Female;66;Chennai;16/3/2024;;;1;user6768mail.com;;;Australia
C6770;Simran;Female;;Hyderabad;26/11/2023;12/5/2024;3131.54;10;user6769@mail.com;;;Canada
C6771;Pooja;Male;19;Pune;7/5/2025;12/6/2025;;1;;;;Canada
;Sneha;Male;;Delhi;27/10/2023;;;10;;9347849938;9347849938;USA
C6773;Pooja;Female;;Hyderabad;8/2/2024;;;10;user6772@mail.com;;;
C6774;Kiran;;;Bangalore;;;;;;;;UK
C6775;Simran;Female;;Mumbai;4/1/2023;;;3;user6774@mail.com;;;
C6776;Ankit;Female;42;Hyderabad;2/7/2024;;;;;;;Canada
;Pooja;Male;27;Chennai;18/10/2021;28/10/2022;;10;;964716119;0964716119;India
C6778;Ravi;;28;Pune;23/2/2025;;;1;user6777@mail.com;92488734;0092488734;Australia
C6779;;;44;;28/8/2023;;;1;user6778mail.com;;;Canada
C6780;;Male;;Chennai;23/12/2025;;3906.15;;user6779@mail.com;;;UK
;Sneha;;;Delhi;;;;1;;;;UK
;Amit;Male;;Ahmedabad;;11/10/2021;2790.53;;;;;USA
C6783;Pooja;Female;48;Chennai;2/7/2021;21/6/2022;;1;;;;India
;Kiran;;;;;;;;user6783mail.com;;;UK
C6785;;Female;;Delhi;;;;4;;9445524415;9445524415;UK
C6786;;Male;34;Mumbai;10/2/2023;;;;;;;
;Ravi;Female;38;Delhi;;;;10;user6786mail.com;9184455696;9184455696;India
C6788;Ankit;;;Delhi;28/3/2025;;1518.96;1;user6787mail.com;952319834;0952319834;India
C6789;Pooja;Male;;Kolkata;8/8/2024;;;2;;9888771469;9888771469;Canada
C6790;Kiran;Female;65;Chennai;;;;10;user6789@mail.com;;;USA
C6791;Amit;;;Hyderabad;;;;4;;;;Canada
;Neha;Male;;Hyderabad;;;;;user6791mail.com;95274369;0095274369;Canada
C6793;Amit;;;Pune;31/10/2020;18/8/2023;;1;;;;UK
C6794;Ravi;Female;;Ahmedabad;;;;;user6793@mail.com;;;USA
;Simran;Male;66;Bangalore;;29/8/2024;;1;user6794@mail.com;;;
C6796;Simran;Female;56;Hyderabad;;15/2/2025;;4;;;;
;Amit;;;Mumbai;11/6/2024;;1484.54;10;user6796@mail.com;;;
C6798;Ravi;Female;;Ahmedabad;15/7/2022;17/5/2022;1271.69;;user6797mail.com;;;
C6799;Simran;Male;;Delhi;17/6/2021;;;;user6798mail.com;95628983;0095628983;USA
C6800;Kiran;Female;59;Ahmedabad;;;;10;;9377487497;9377487497;Canada
C6801;Ankit;Male;;Ahmedabad;;;3583.93;;;;;Canada
C6802;Priya;Male;;Pune;23/9/2020;;4285.92;;user6801@mail.com;;;Australia
C6803;Rahul;Female;;Chennai;3/11/2021;;;5;user6802@mail.com;;;Canada
C6804;Ankit;Female;;Ahmedabad;;;;10;;;;India
C6805;Neha;Male;;Chennai;25/8/2024;;;1;;;;India
C6806;Ravi;Female;;Chennai;;;;;user6805mail.com;;;USA
C6807;Sneha;Male;;Chennai;21/9/2021;;;1;user6806@mail.com;;;Australia
C6808;Ravi;;55;Delhi;;;;;;;;UK
C6809;Rahul;Male;;;;;;1;user6808@mail.com;;;Canada
C6810;Ravi;Male;;Hyderabad;11/10/2024;;1151.97;;;9161787248;9161787248;UK
C6811;Amit;;;Chennai;25/11/2021;;;1;user6810@mail.com;;;UK
C6812;;Female;65;Ahmedabad;;2/6/2023;;;user6811@mail.com;;;
;Neha;Male;34;Pune;;9/3/2023;;10;user6812mail.com;95827846;0095827846;
;Sneha;;;Mumbai;;;;10;;;;UK
;Ankit;Male;53;Delhi;;;;;;;;India
C6816;Ankit;;;Pune;31/5/2022;;3629.23;1;user6815mail.com;;;Australia
C6817;Rahul;Female;;Hyderabad;;;1124.28;;;912894959;0912894959;UK
C6818;Simran;;44;Ahmedabad;;10/6/2024;;10;user6817@mail.com;;;UK
;Rahul;Male;;Hyderabad;;;;2;;;;India
C6820;;Male;;Pune;5/1/2021;;2475.85;1;;919362769;0919362769;Australia
C6821;Pooja;Male;;Bangalore;4/2/2022;;2209.14;10;user6820@mail.com;;;India
;Pooja;;;Delhi;3/11/2025;24/9/2025;;;;9144166438;9144166438;UK
;Priya;Male;;Pune;25/9/2023;;2961.99;1;;9279939587;9279939587;Canada
C6824;Sneha;Female;58;Delhi;;;;1;user6823@mail.com;;;Australia
;Simran;;;Ahmedabad;16/10/2021;26/5/2022;;10;user6824@mail.com;;;India
C6826;;Male;;Delhi;8/6/2021;;3545.12;;;951845147;0951845147;India
C6827;Rahul;Female;57;Ahmedabad;;;;10;;;;
;Ankit;Female;36;Ahmedabad;15/7/2024;18/5/2022;3933.98;10;user6827mail.com;;;Australia
C6829;Ravi;;35;;;;;;;;;USA
C6830;Ravi;Male;;Ahmedabad;23/3/2023;;;1;;;;Australia
C6831;Sneha;Male;;Hyderabad;;;;10;;;;
;;Male;;Kolkata;;;3624.23;4;user6831mail.com;91816753;0091816753;UK
C6833;Ravi;;;Delhi;13/3/2024;11/7/2022;1046.72;3;;9423995516;9423995516;UK
;;Male;59;Kolkata;1/7/2023;21/4/2022;;1;;;;Australia
;Ankit;Male;;;16/2/2021;;;5;;996672625;0996672625;Canada
;Simran;;;Hyderabad;27/8/2021;;637.93;1;user6835mail.com;;;India
C6837;Kiran;;;Kolkata;;2/2/2022;;10;user6836mail.com;;;USA
;Neha;Female;;Bangalore;;2/2/2023;;;;933788666;0933788666;Australia
;Kiran;Male;;Mumbai;6/12/2023;;;5;;933764564;0933764564;UK
C6840;Rahul;Male;49;Delhi;;12/4/2022;2020.31;10;user6839@mail.com;;;UK
C6841;Rahul;Female;;Hyderabad;18/7/2021;30/4/2022;;;;;;India
C6842;;Male;41;Delhi;;;4049.47;;;;;Canada
C6843;Sneha;Female;;Mumbai;;;3474.68;1;user6842mail.com;;;Canada
C6844;Neha;;;Hyderabad;21/12/2021;;;3;;;;UK
C6845;Ravi;;;Ahmedabad;;;;10;;;;Australia
C6846;Kiran;Female;;Hyderabad;;14/1/2021;;1;;;;Canada
C6847;Pooja;Male;;Kolkata;;;4549.5;3;;;;UK
C6848;Ankit;Female;;;;;;10;;;;Canada
C6849;Simran;Male;;Mumbai;;7/10/2021;;10;;;;India
C6850;Sneha;Male;;Kolkata;31/1/2021;15/7/2023;2821.35;;user6849mail.com;;;Australia
;Neha;;;Delhi;22/11/2022;13/6/2021;;10;;;;Canada
C6852;Pooja;Female;;Mumbai;27/11/2020;;;1;;;;USA
C6853;Simran;;52;Mumbai;;;4470.16;;user6852@mail.com;;;USA
C6854;Neha;Male;;Chennai;;;;;;;;UK
C6855;Ankit;Female;33;Delhi;;;;10;;9674112526;9674112526;
C6856;;Female;;;17/7/2023;28/2/2023;;1;;;;USA
C6857;Ravi;Male;27;Chennai;;29/7/2025;;10;user6856@mail.com;;;India
C6858;Simran;Male;45;Pune;9/12/2023;10/9/2024;;1;;9795764448;9795764448;Canada
C6859;Simran;Female;;Bangalore;14/10/2020;18/5/2022;2066.56;10;user6858@mail.com;921428;0000921428;
C6860;Neha;Female;;Chennai;28/12/2021;28/3/2024;;1;user6859mail.com;;;India
;Amit;Male;;Bangalore;5/6/2022;28/9/2020;;4;user6860mail.com;;;Canada
C6862;;Female;21;Hyderabad;;;;1;user6861mail.com;999422389;0999422389;Australia
C6863;Simran;Male;;;30/11/2025;;1115.05;10;;;;
;Neha;Female;62;Chennai;;;;3;user6863mail.com;;;
;Kiran;Male;;Hyderabad;;10/12/2022;;;user6864mail.com;;;USA
C6866;Sneha;Male;;Delhi;;9/1/2025;;;;;;India
C6867;;Female;;Chennai;;;;10;;;;USA
C6868;Pooja;;;Hyderabad;;;425.02;1;user6867mail.com;;;India
C6869;Kiran;;;Pune;;;;1;user6868mail.com;925443967;0925443967;Canada
C6870;Ravi;Male;;Pune;;;;1;;;;Canada
C6871;Ankit;;27;Ahmedabad;28/8/2022;;215.58;2;user6870mail.com;;;India
C6872;;;;Kolkata;20/6/2025;17/4/2023;;1;;;;UK
C6873;Amit;;22;Pune;;;;;user6872@mail.com;;;
;Ravi;Female;;Mumbai;;;1040.53;1;user6873@mail.com;;;UK
C6875;Simran;Male;;Ahmedabad;24/3/2021;;;10;;;;UK
C6876;;Male;68;Delhi;14/8/2020;;;1;user6875mail.com;;;Australia
C6877;Priya;Female;;Bangalore;21/12/2025;18/4/2022;;;user6876@mail.com;;;Australia
;Ankit;Female;;Ahmedabad;;5/10/2022;;10;;;;
;;Female;;Mumbai;;;;;;;;UK
C6880;Amit;Male;49;Mumbai;31/7/2025;;;1;;;;India
C6881;Rahul;;28;Mumbai;;13/2/2021;3381.59;10;user6880mail.com;;;USA
C6882;Neha;Female;;Ahmedabad;;;;1;;;;Australia
;Simran;Male;;Pune;;;150.28;10;user6882mail.com;;;USA
C6884;Neha;Female;;Pune;;;1399.03;10;;;;Canada
C6885;Neha;Female;;Delhi;;;139.28;10;;924527689;0924527689;
C6886;Neha;;;Mumbai;7/4/2021;;;1;user6885mail.com;;;UK
C6887;Ankit;Female;56;Kolkata;;8/10/2021;;1;user6886mail.com;;;Canada
C6888;Neha;Male;;Mumbai;;;;1;;;;India
C6889;Rahul;Male;;Hyderabad;;;;10;user6888mail.com;;;Australia
C6890;Ankit;;;Delhi;13/10/2025;;;;;;;USA
;Amit;Male;;Kolkata;;29/11/2022;;10;;;;USA
;Pooja;;;Ahmedabad;27/8/2024;;;;;;;UK
C6893;Neha;Female;61;Bangalore;6/9/2025;;;1;;;;USA
C6894;;;;Hyderabad;12/11/2025;;;;;;;
C6895;Amit;Male;;Hyderabad;;;;3;user6894mail.com;;;UK
C6896;Sneha;Male;;;31/1/2022;;;1;user6895@mail.com;;;USA
C6897;Simran;Male;;Kolkata;21/4/2022;;;10;user6896mail.com;;;UK
C6898;Ravi;Female;;Bangalore;;;;10;user6897@mail.com;;;Canada
C6899;Amit;Female;47;Ahmedabad;11/10/2024;;;;;;;UK
;Pooja;Female;;;;15/8/2023;;5;;;;India
C6901;Ankit;Female;;Bangalore;1/6/2022;;;5;user6900@mail.com;;;Canada
;Priya;;;Chennai;14/4/2024;;;4;;;;India
C6903;Ankit;Male;;Bangalore;15/5/2021;14/4/2024;2249.9;;user6902@mail.com;;;Canada
C6904;Ankit;Male;18;Chennai;27/7/2023;;;;;;;
;Kiran;Male;;;;;;4;user6904mail.com;;;Canada
C6906;Simran;;;Delhi;;6/11/2022;;10;user6905@mail.com;;;
;Pooja;;;Mumbai;;;;10;;;;
C6908;Ankit;Male;46;;;;1036.94;;;;;USA
;Ankit;Female;;Ahmedabad;24/10/2025;15/8/2021;;10;user6908@mail.com;;;USA
C6910;Neha;Female;;Ahmedabad;9/12/2023;9/6/2025;1344.53;;;;;Australia
;Simran;Male;;Pune;;6/5/2025;;;;;;
C6912;Ravi;;;Kolkata;;;4041.78;1;user6911@mail.com;;;India
;Priya;;;Chennai;;;;;;9168225868;9168225868;USA
C6914;;Male;;Kolkata;22/1/2021;31/8/2025;;;;915747232;0915747232;
;Ravi;Female;49;Mumbai;;;;1;;;;Canada
;;;19;Chennai;;;;1;;;;
C6917;;Female;;Ahmedabad;22/12/2024;;;10;;;;Canada
;Simran;Male;;Ahmedabad;5/8/2025;;;;;9957511431;9957511431;India
;;Female;;Kolkata;;14/6/2022;;1;;;;Australia
;;Female;20;Mumbai;27/6/2021;;;1;user6919@mail.com;;;India
C6921;Rahul;Female;;;;13/1/2021;4339.06;10;;;;
C6922;Simran;Male;70;;;;;;;;;Canada
C6923;Amit;Male;;;5/5/2024;;;1;user6922mail.com;;;India
C6924;Simran;Female;;Bangalore;14/6/2023;;;2;;;;USA
C6925;Simran;;;Chennai;4/2/2023;;;10;;;;India
C6926;Ankit;Male;;Kolkata;;25/8/2025;;;;;;India
;;Female;;Delhi;16/10/2025;30/5/2025;;1;user6926@mail.com;;;Canada
C6928;Pooja;Male;66;Chennai;;;1027.21;1;;9947991643;9947991643;USA
C6929;;Female;63;Chennai;1/2/2025;;;;;94569487;0094569487;
;Simran;Female;;Chennai;;;;2;;;;UK
C6931;Amit;Female;;Chennai;30/7/2025;14/7/2022;;;;;;USA
;Rahul;Male;;Chennai;20/3/2023;;;;user6931mail.com;918664223;0918664223;USA
C6933;Simran;;35;Hyderabad;;;;;user6932@mail.com;977583844;0977583844;UK
C6934;Neha;Female;;Chennai;14/2/2021;;;3;;;;UK
;Pooja;Male;;Hyderabad;10/7/2024;8/6/2025;;;user6934@mail.com;9227869848;9227869848;India
C6936;Kiran;Female;47;Pune;;31/7/2022;1492.24;10;;;;Canada
C6937;;Female;;Chennai;;;1183.78;5;user6936@mail.com;974289256;0974289256;Canada
C6938;Neha;Female;;Kolkata;;4/11/2022;;;;;;
C6939;Sneha;;;Pune;;;3621.17;1;user6938mail.com;;;UK
C6940;;Male;;Chennai;;;;2;;;;India
C6941;Pooja;Female;;Hyderabad;6/8/2021;;;;user6940mail.com;;;USA
C6942;Ankit;Male;59;Kolkata;15/11/2025;;;;user6941mail.com;;;India
C6943;Priya;Male;;Ahmedabad;;;;5;user6942@mail.com;;;India
C6944;Neha;Female;;Hyderabad;;;;4;;;;UK
C6945;;Female;;Chennai;7/6/2023;;;;user6944@mail.com;;;UK
;Ravi;Female;;Hyderabad;;;;10;;;;Australia
C6947;Kiran;Female;;Chennai;;;;10;;;;UK
C6948;Neha;Male;;Mumbai;23/12/2020;31/10/2021;3227.37;4;user6947@mail.com;;;Australia
C6949;;Male;;Ahmedabad;;;;10;;;;UK
C6950;Pooja;Female;;;;;4283.6;10;;;;
C6951;;Female;45;Pune;27/10/2024;;2896.79;1;;;;Canada
C6952;Ankit;Female;69;Chennai;17/10/2025;25/4/2023;;10;;;;USA
C6953;Kiran;Female;;Hyderabad;;;1169.72;5;user6952@mail.com;;;USA
;Pooja;Male;61;Chennai;;6/9/2022;;;;98891447;0098891447;Australia
C6955;Rahul;;;Bangalore;;29/3/2023;2912.25;1;user6954@mail.com;;;Canada
;Neha;Female;;Ahmedabad;;;;5;user6955mail.com;9731621911;9731621911;USA
;;Female;19;;29/6/2023;;186.24;1;;;;UK
C6958;Kiran;;43;Chennai;13/1/2024;;;10;user6957@mail.com;;;USA
C6959;Priya;;29;Hyderabad;;;;;user6958mail.com;;;USA
C6960;Ravi;Female;;Kolkata;;14/12/2025;;2;user6959mail.com;9384869427;9384869427;Canada
C6961;Rahul;Male;;Ahmedabad;;13/7/2025;;10;;;;Canada
C6962;Pooja;Female;;Ahmedabad;;28/3/2021;;10;;9458228667;9458228667;USA
C6963;Amit;Male;;;18/9/2020;;;;user6962@mail.com;;;India
C6964;;Female;;Bangalore;;;;1;user6963@mail.com;;;UK
C6965;Pooja;Female;;Pune;29/11/2025;;;;;;;USA
C6966;Ravi;;;Delhi;5/5/2025;;517.4;5;user6965mail.com;9319515932;9319515932;USA
C6967;Pooja;Female;;Kolkata;17/4/2024;;733.63;;user6966@mail.com;;;Australia
C6968;Amit;;;Hyderabad;26/5/2024;5/1/2024;;10;;;;USA
C6969;Ankit;Female;64;Chennai;;;;10;user6968@mail.com;947579581;0947579581;India
C6970;Pooja;;;Delhi;21/8/2021;;;10;;9625992;0009625992;
C6971;Amit;;34;Mumbai;18/7/2024;;;;;94259292;0094259292;UK
;Priya;Male;;Kolkata;10/1/2021;;;1;;;;India
C6973;Simran;Male;;Delhi;;8/10/2022;224.72;;;;;Australia
C6974;Priya;Male;;Bangalore;25/9/2025;7/9/2025;;1;;;;
C6975;Sneha;Female;31;Kolkata;19/5/2024;;;3;user6974mail.com;;;India
C6976;Ankit;Female;;Ahmedabad;21/5/2023;;;1;user6975@mail.com;;;USA
C6977;Ravi;Female;;Pune;;;;1;;9328757988;9328757988;India
C6978;Rahul;Female;;;31/7/2024;;;5;;;;USA
C6979;Kiran;Male;28;Pune;5/3/2024;;4832.97;10;user6978mail.com;;;UK
;Neha;Female;;Pune;4/2/2021;;2045.61;10;;;;Canada
C6981;Rahul;Female;;Ahmedabad;;;;1;;;;Canada
C6982;;Female;70;Delhi;;;;;user6981@mail.com;;;India
;Ravi;Female;;;;;;3;user6982@mail.com;;;India
C6984;Ravi;Female;50;Ahmedabad;;;;3;user6983mail.com;;;USA
C6985;Sneha;Male;36;Ahmedabad;9/7/2025;;3718.32;;;;;UK
;;;38;Ahmedabad;1/11/2023;;;;;;;Australia
C6987;Sneha;Male;;Hyderabad;3/12/2025;25/3/2021;3538.84;1;user6986mail.com;;;Australia
;;Male;;Ahmedabad;;;;1;user6987mail.com;;;
C6989;Simran;Female;;;3/9/2025;26/3/2021;;1;user6988mail.com;921189153;0921189153;Canada
;Ravi;Male;;Chennai;;;;1;user6989mail.com;925169665;0925169665;India
C6991;Kiran;Female;;Bangalore;2/2/2023;;;1;;;;India
;Ravi;Female;;Mumbai;24/4/2023;;;10;;917141589;0917141589;India
C6993;Priya;Female;;Bangalore;28/5/2021;;;10;;;;Canada
C6994;Simran;Female;;Ahmedabad;;;;1;user6993@mail.com;;;Australia
;Amit;Male;;Bangalore;;;;3;;98845384;0098845384;USA
C6996;;Female;;Bangalore;4/4/2022;;;1;;;;
C6997;Amit;Female;67;;;;;10;user6996@mail.com;9328298726;9328298726;USA
;Amit;Female;;Hyderabad;9/8/2024;;;10;;;;India
;Ravi;Female;;Mumbai;16/7/2025;11/5/2021;;10;user6998mail.com;;;Canada
;;Male;;Hyderabad;30/6/2023;;;1;user6999@mail.com;;;Canada
C7001;Kiran;Male;;Hyderabad;3/6/2023;;;10;user7000@mail.com;;;
C7002;Amit;Male;;Hyderabad;3/1/2026;;2634.92;2;user7001@mail.com;;;India
C7003;;Female;;Kolkata;19/1/2023;;3962.19;10;user7002mail.com;97957619;0097957619;UK
C7004;Pooja;;;Bangalore;;;;1;;;;Australia
C7005;;Male;;;;;2718.89;10;user7004@mail.com;;;
C7006;Amit;Male;;Mumbai;11/2/2024;;3285.55;1;user7005@mail.com;;;UK
;Rahul;Male;67;Ahmedabad;30/8/2025;30/9/2023;;;;9652316325;9652316325;USA
;Kiran;Male;33;Kolkata;;;;1;;;;India
C7009;Amit;;;Pune;;;;10;user7008@mail.com;9724726988;9724726988;
;Ankit;;68;Pune;;;;;;95719985;0095719985;USA
C7011;;;;;;;3024.94;;user7010mail.com;;;USA
C7012;Kiran;Male;;Ahmedabad;;;;10;;;;
;Amit;Male;;Hyderabad;28/12/2020;8/4/2023;;1;;;;Canada
C7014;Priya;;;Ahmedabad;;;;4;;913121154;0913121154;UK
C7015;Kiran;;;Hyderabad;;6/2/2021;;1;user7014@mail.com;;;Australia
C7016;Amit;;;Kolkata;;;1219.34;5;;9791421131;9791421131;Canada
;;Male;;Delhi;23/1/2022;;;10;user7016@mail.com;945855799;0945855799;USA
;Sneha;Male;69;Chennai;;;;3;user7017mail.com;;;UK
;;;;Chennai;;;;;user7018@mail.com;;;Australia
C7020;Amit;;;Bangalore;12/8/2024;17/1/2023;;;user7019@mail.com;;;USA
C7021;;Female;;Ahmedabad;4/4/2024;;294.79;10;user7020@mail.com;;;USA
C7022;Simran;Female;;Kolkata;26/6/2022;;;;user7021@mail.com;9736651726;9736651726;
C7023;Amit;Female;;Chennai;11/7/2022;;;1;user7022@mail.com;;;Canada
C7024;Ravi;Female;51;Kolkata;16/4/2024;;;1;user7023mail.com;;;UK
C7025;Sneha;Male;70;Chennai;;26/11/2022;;;user7024mail.com;;;Australia
C7026;Ravi;;27;;;;437.8;;;;;India
C7027;Pooja;Male;68;Chennai;26/12/2024;;;10;user7026@mail.com;931363116;0931363116;Australia
C7028;Sneha;Male;;Chennai;13/8/2021;;2537.96;5;;943993937;0943993937;Australia
C7029;Simran;;;Pune;14/12/2020;;;3;;;;Australia
;;;;Mumbai;;28/5/2025;;1;user7029@mail.com;9744891379;9744891379;India
C7031;Rahul;Female;;Pune;;8/12/2025;;;user7030mail.com;;;UK
C7032;Ankit;Male;;Bangalore;12/10/2020;16/8/2025;;1;;;;USA
C7033;Pooja;Male;;Pune;;;;1;user7032mail.com;;;UK
C7034;Rahul;;;;;;;10;user7033@mail.com;;;India
C7035;Priya;Female;;Kolkata;29/12/2024;;;1;user7034@mail.com;;;India
C7036;Simran;Female;22;Bangalore;;;;10;;;;Canada
C7037;Ravi;Male;28;Kolkata;;;;3;user7036mail.com;;;Australia
;Rahul;Female;;;2/4/2022;14/9/2024;;2;user7037mail.com;;;
C7039;Simran;;38;;;;;1;user7038mail.com;;;Australia
C7040;Ravi;;;;14/12/2020;18/8/2025;;;;976689543;0976689543;India
;Simran;Female;25;Hyderabad;3/10/2024;;;1;;946379669;0946379669;Canada
;Pooja;Female;;Hyderabad;2/8/2023;;4390.67;2;;9989878171;9989878171;USA
C7043;;Female;;Bangalore;;;;1;user7042mail.com;;;UK
C7044;Sneha;Male;49;;;8/2/2021;;10;user7043mail.com;;;UK
C7045;Simran;Female;37;Chennai;17/5/2022;3/9/2020;;;user7044mail.com;;;
C7046;Priya;Female;;Kolkata;28/9/2024;1/8/2025;;10;user7045@mail.com;;;USA
C7047;Sneha;Male;;Mumbai;;5/8/2024;;10;user7046mail.com;99275334;0099275334;UK
C7048;Ankit;Female;;Hyderabad;7/10/2022;;;1;user7047@mail.com;;;Australia
C7049;;Male;;Ahmedabad;1/1/2023;20/9/2021;;;user7048@mail.com;;;India
C7050;Sneha;;27;Chennai;;;;5;user7049@mail.com;;;USA
C7051;;Male;28;Mumbai;14/10/2022;;;5;;9563317181;9563317181;India
C7052;Neha;Male;68;Bangalore;19/7/2021;;;;user7051mail.com;;;
C7053;Neha;Male;;Pune;;;2636.16;1;;;;Australia
C7054;Ravi;Female;;Mumbai;12/7/2025;11/4/2025;430.91;;user7053mail.com;999194853;0999194853;
C7055;Sneha;Female;40;Ahmedabad;28/9/2022;;;10;;968461959;0968461959;Canada
C7056;Sneha;Male;;Bangalore;;28/11/2022;;2;user7055mail.com;9589679825;9589679825;
C7057;;Male;;Ahmedabad;;;;4;;;;Canada
C7058;Ankit;Male;;Hyderabad;3/5/2021;16/3/2024;;1;;;;Australia
C7059;;Female;19;Chennai;22/9/2022;;;10;user7058mail.com;;;Australia
C7060;Rahul;Male;;Kolkata;2/1/2021;;;;;96173895;0096173895;
C7061;Kiran;Female;48;;23/10/2024;;;1;;;;Australia
C7062;Simran;Male;31;Kolkata;3/6/2024;;;;;;;Canada
;;Female;;Kolkata;;;561.8;3;user7062mail.com;;;Canada
C7064;Amit;Male;;Mumbai;7/7/2025;;;10;user7063@mail.com;;;USA
C7065;;;;Bangalore;11/9/2022;;;1;;;;India
C7066;;Male;;Hyderabad;;30/7/2022;;2;;;;Canada
C7067;Neha;Female;41;Pune;18/1/2021;;;10;;;;Australia
C7068;Neha;;;Mumbai;;10/11/2024;4582.53;4;;;;UK
;Simran;;;;;;;1;;;;
C7070;Pooja;;;Mumbai;6/9/2021;;;10;;9894827476;9894827476;Canada
C7071;Sneha;Female;29;Mumbai;7/3/2025;16/7/2022;221.54;;user7070mail.com;;;Australia
C7072;Priya;;;;6/10/2020;30/7/2024;;2;user7071@mail.com;;;India
C7073;Neha;Male;;Chennai;18/5/2023;12/6/2022;;1;;;;USA
C7074;Sneha;;63;Hyderabad;20/8/2025;22/11/2023;;3;user7073@mail.com;;;UK
;Rahul;Male;;Kolkata;15/12/2025;;;1;;987611948;0987611948;Canada
;Sneha;Male;;Bangalore;;;3416.83;1;;;;
C7077;Kiran;Male;;Pune;29/12/2021;;;1;user7076mail.com;;;Canada
;Priya;Male;;Hyderabad;19/7/2024;22/7/2024;;3;;;;Canada
C7079;;Male;;Hyderabad;15/3/2022;;;1;user7078@mail.com;;;Australia
C7080;Amit;Male;;Delhi;1/5/2025;;;;;9194952266;9194952266;UK
;Sneha;Female;;Hyderabad;;;;;user7080@mail.com;;;Australia
C7082;Ravi;Male;;Delhi;;6/3/2023;;;user7081@mail.com;;;
;Simran;;37;Pune;;;;1;user7082@mail.com;;;India
C7084;Kiran;Female;;;;19/8/2023;3397.75;1;;;;India
C7085;;Male;;Hyderabad;9/1/2023;5/7/2025;1703.69;10;;9283467435;9283467435;
C7086;Ravi;Female;;Chennai;;;;5;;;;UK
;Pooja;Female;;Delhi;27/4/2025;11/12/2022;;3;user7086@mail.com;964912529;0964912529;
C7088;Priya;Male;;Mumbai;;21/1/2021;4307.31;4;;;;
C7089;Neha;;61;Mumbai;;;4554.06;10;;;;Australia
;Simran;Female;;Bangalore;;;;10;;;;India
C7091;Ravi;Female;;Bangalore;;3/10/2024;;1;;;;Canada
C7092;Sneha;;;Pune;;20/4/2024;;3;;;;Canada
C7093;Pooja;Female;;Delhi;;;;10;user7092@mail.com;;;Canada
;Rahul;Female;;Delhi;;;;5;;;;USA
C7095;Pooja;;;Pune;8/1/2022;;;1;;;;
C7096;Simran;;;Kolkata;;;;10;;;;
C7097;Rahul;Male;;Pune;;;4844.46;1;;9952294313;9952294313;India
C7098;;;;Bangalore;26/3/2023;;;;user7097@mail.com;;;Canada
C7099;Pooja;Male;;Pune;;;;1;user7098mail.com;;;UK
C7100;Rahul;Male;22;Bangalore;;;;10;user7099@mail.com;;;Canada
C7101;Rahul;;;Bangalore;;;1161.64;1;;;;
C7102;Pooja;Female;;Pune;10/12/2022;;4115.24;3;;98953525;0098953525;Canada
C7103;;Female;;;;;;1;;;;UK
;Amit;Male;;Hyderabad;26/5/2025;;;10;user7103@mail.com;997463646;0997463646;Australia
C7105;Kiran;Female;;Mumbai;26/9/2024;;;1;;;;India
C7106;Priya;Female;;Bangalore;21/4/2025;;;;;;;India
C7107;Ravi;Female;;Bangalore;12/3/2021;19/9/2023;;;user7106mail.com;9151786143;9151786143;India
C7108;Simran;Female;;Bangalore;27/11/2024;14/6/2022;;10;;;;
C7109;;Female;;Kolkata;1/7/2024;;;10;;;;Australia
C7110;Pooja;Male;;Ahmedabad;17/6/2024;;;10;user7109@mail.com;9646274272;9646274272;
;;;;Chennai;20/3/2021;;;1;;;;Australia
C7112;;Female;;Chennai;17/8/2021;26/9/2022;;1;user7111mail.com;;;
C7113;Ankit;Female;;Mumbai;24/3/2025;;;10;;;;UK
C7114;Ravi;Male;;Ahmedabad;25/4/2024;;;1;;;;UK
C7115;Ravi;Female;;Pune;12/1/2026;;;;;9257533195;9257533195;UK
C7116;;Male;;Bangalore;;;3055.02;10;;;;UK
C7117;Amit;;40;Pune;12/3/2023;;;1;;;;UK
C7118;Priya;Female;59;Hyderabad;;9/2/2023;;10;user7117mail.com;;;USA
C7119;;;;Bangalore;;;;1;;;;UK
C7120;;Female;;Pune;;27/8/2021;3108.96;10;;;;UK
;;Male;49;Hyderabad;7/3/2021;10/10/2020;3829.75;10;user7120@mail.com;94147515;0094147515;UK
C7122;Rahul;Male;;Hyderabad;;8/6/2022;;;user7121@mail.com;;;UK
C7123;Ankit;;62;Hyderabad;;26/6/2023;;10;user7122@mail.com;9355368888;9355368888;
C7124;Neha;;70;Bangalore;;;217.51;1;;938788719;0938788719;USA
C7125;;;;Ahmedabad;26/4/2021;18/4/2023;;10;user7124mail.com;;;USA
C7126;Amit;Female;;Bangalore;14/10/2020;;;1;user7125mail.com;;;India
C7127;Sneha;;;Ahmedabad;;30/10/2020;;;user7126@mail.com;;;
;Neha;Male;;Hyderabad;30/10/2025;4/4/2023;;3;;;;UK
C7129;Priya;;24;Delhi;;19/12/2021;;1;;;;Canada
;Amit;Female;;;;4/8/2022;;10;user7129@mail.com;934984484;0934984484;Australia
;;Male;37;Bangalore;4/2/2023;;116.16;1;;;;
C7132;Amit;Male;;Ahmedabad;;;;;user7131@mail.com;;;
C7133;Kiran;Female;34;Bangalore;;11/11/2022;;5;user7132@mail.com;;;Canada
C7134;Rahul;Female;;Delhi;;;1603.53;1;;95228112;0095228112;USA
C7135;Pooja;Female;;Chennai;23/10/2020;;;10;;96286654;0096286654;USA
;Priya;;;Ahmedabad;;7/8/2022;;10;user7135@mail.com;999671369;0999671369;Australia
C7137;;Male;;Ahmedabad;;9/3/2023;;10;user7136@mail.com;993413151;0993413151;India
;Ankit;;;;22/1/2022;;;2;user7137mail.com;;;India
C7139;Sneha;Male;;Hyderabad;22/3/2024;18/1/2025;;4;user7138mail.com;;;
C7140;Kiran;;;Kolkata;6/4/2025;28/7/2025;;10;user7139@mail.com;;;Australia
C7141;Rahul;Male;;Chennai;11/12/2025;;;1;;;;Australia
;Sneha;Male;;Delhi;6/4/2023;;;3;;;;
C7143;Ravi;Male;;Bangalore;7/11/2024;;4353.01;;user7142@mail.com;93421337;0093421337;UK
;Rahul;Male;;Hyderabad;;;;1;;;;UK
C7145;Priya;Male;;Delhi;;;;10;;;;Australia
C7146;Simran;;69;;15/6/2022;30/3/2023;;1;user7145mail.com;;;Australia
C7147;Sneha;Female;;Mumbai;10/2/2024;25/10/2025;;1;user7146mail.com;;;Canada
C7148;Amit;Female;61;Hyderabad;;;3589.64;;;;;India
C7149;Simran;Female;35;Hyderabad;10/2/2025;;;1;;;;Australia
C7150;;Male;36;Mumbai;1/12/2025;;;;;941755279;0941755279;USA
C7151;Rahul;;;Delhi;;;;10;;;;
;Pooja;Male;65;Kolkata;;;34.06;;;;;Canada
C7153;Pooja;Female;;;21/6/2025;;;1;;;;Canada
C7154;Neha;;24;Ahmedabad;13/7/2023;15/2/2022;;;user7153@mail.com;;;India
C7155;Neha;Female;;Bangalore;;;693.76;4;;;;UK
C7156;Neha;Female;;Ahmedabad;9/2/2025;;3190.06;1;;988111162;0988111162;Australia
;;Male;;Pune;26/9/2022;;;10;;;;Australia
C7158;Simran;Male;20;Mumbai;31/7/2024;31/3/2024;;10;;;;UK
C7159;Pooja;;;Bangalore;3/1/2022;;433.16;10;;;;USA
C7160;Amit;Male;32;Chennai;27/1/2024;;2256.46;2;;;;Canada
C7161;Ankit;Male;57;Ahmedabad;;15/8/2025;;1;;;;USA
;Priya;Female;;Chennai;;;2987.96;;;;;UK
C7163;Neha;Female;28;Pune;15/6/2022;;;1;user7162@mail.com;;;Canada
C7164;Pooja;;;;17/6/2025;15/6/2021;;;;;;Canada
C7165;Simran;Male;;Chennai;23/7/2024;;;10;user7164mail.com;9192774237;9192774237;Canada
C7166;Ravi;Female;;Mumbai;;;;5;user7165@mail.com;967889892;0967889892;Canada
C7167;Priya;Male;;Chennai;4/11/2021;;;1;user7166@mail.com;9888486555;9888486555;India
;Kiran;;;Delhi;;;194.78;5;user7167mail.com;;;UK
C7169;Amit;Male;;Bangalore;17/12/2023;15/3/2025;;1;user7168mail.com;;;Canada
;Ankit;Male;;Kolkata;;;;10;user7169mail.com;;;Australia
C7171;Ankit;Female;;Mumbai;;;;2;user7170@mail.com;;;Australia
;Ankit;Female;;Bangalore;;;;;;;;Australia
C7173;Simran;Male;;Bangalore;;8/4/2023;4437.73;2;;98897884;0098897884;Australia
;Simran;Male;28;Ahmedabad;;22/6/2025;4172.67;1;;;;Canada
;;Female;69;Pune;;4/11/2023;;10;;;;USA
;Sneha;Female;;Pune;;;;1;;;;USA
C7177;Neha;Female;68;Mumbai;;9/6/2025;;10;user7176mail.com;;;Canada
;;;;Delhi;;;3670.61;1;user7177@mail.com;9628476891;9628476891;UK
C7179;Rahul;Female;;Pune;8/4/2024;15/12/2025;;1;;;;UK
C7180;Priya;Female;;Mumbai;;;;1;user7179@mail.com;;;Canada
C7181;Sneha;;63;Kolkata;;15/9/2025;3051.95;3;;;;Canada
C7182;;;;Mumbai;17/4/2023;;;;user7181mail.com;9442559685;9442559685;USA
C7183;Sneha;Female;;Delhi;;;;1;;;;
C7184;;Female;;;22/11/2022;20/1/2021;;10;;;;India
C7185;Neha;Female;;Ahmedabad;;;;2;user7184mail.com;;;UK
C7186;Neha;;;Delhi;;;;1;user7185@mail.com;9577879667;9577879667;
C7187;Neha;Male;;Mumbai;29/12/2023;7/10/2023;3593.4;10;user7186@mail.com;;;Australia
C7188;Priya;Male;;Ahmedabad;11/12/2023;;;1;;;;Canada
C7189;Sneha;;;Bangalore;;;1846.46;1;;;;
C7190;;;;Pune;;10/6/2024;;1;;99589626;0099589626;
C7191;Ankit;Female;;Ahmedabad;;;;5;;;;
C7192;Rahul;Male;;Kolkata;17/8/2020;;2670.92;;;;;UK
C7193;Kiran;Male;;Hyderabad;;;;2;user7192mail.com;9366851493;9366851493;Australia
C7194;Priya;Male;68;Hyderabad;;22/9/2025;;1;;;;USA
;Amit;;47;Mumbai;;26/5/2024;3771.84;;;972887199;0972887199;USA
C7196;Neha;;;Pune;4/11/2021;;;;;9655495539;9655495539;India
;;Male;;;18/6/2023;7/11/2020;;1;user7196mail.com;;;USA
C7198;;Male;;;27/6/2025;;;;user7197@mail.com;;;USA
;Simran;;26;Kolkata;21/2/2024;4/6/2023;2332.76;1;user7198mail.com;;;
C7200;Pooja;Male;47;;;8/7/2021;;1;user7199mail.com;;;Australia
;;Female;;Ahmedabad;4/6/2025;;;;user7200mail.com;;;Australia
C7202;Rahul;;;Pune;;;;;user7201mail.com;97494343;0097494343;UK
C7203;Amit;;;Ahmedabad;;;;10;user7202@mail.com;;;
C7204;;;;Hyderabad;26/8/2022;;1879.69;1;;;;USA
C7205;Sneha;Female;70;Mumbai;;;;10;;9212546316;9212546316;Canada
C7206;Priya;Female;46;Kolkata;;12/9/2023;;10;user7205@mail.com;;;Australia
;Amit;Male;;Chennai;;;;;user7206@mail.com;96783194;0096783194;India
C7208;Pooja;Male;;Bangalore;;7/4/2022;;;;9572912924;9572912924;
C7209;Ankit;Female;;Kolkata;;;;10;user7208@mail.com;;;India
;Pooja;Male;;Mumbai;23/1/2025;;967.07;1;user7209mail.com;;;Australia
;Priya;Female;66;Chennai;;2/4/2024;3718.46;;;;;India
C7212;Kiran;Female;;Delhi;18/9/2025;;;10;;9531422761;9531422761;UK
C7213;Kiran;Female;;Bangalore;;19/3/2024;;3;;9945951349;9945951349;Canada
C7214;Pooja;Female;26;;;;65.99;10;;;;UK
C7215;Amit;Male;50;Hyderabad;;;;4;;;;Australia
;Ravi;Male;;Hyderabad;15/8/2024;;4535.97;1;;;;USA
C7217;Pooja;Male;;Pune;;24/11/2022;;1;user7216mail.com;;;UK
C7218;Simran;Male;;Delhi;;1/3/2024;;3;user7217@mail.com;;;UK
C7219;Pooja;Male;;;;;4331.12;10;user7218@mail.com;;;Canada
C7220;Pooja;;68;Bangalore;6/6/2023;;;10;;;;UK
C7221;Pooja;Male;49;Bangalore;17/7/2025;;;;;;;UK
C7222;Ravi;;;Chennai;31/1/2025;;;4;user7221@mail.com;;;Canada
C7223;Ravi;;;Bangalore;;;;;user7222mail.com;97472563;0097472563;Canada
;Simran;Male;45;Ahmedabad;;;;1;;;;India
C7225;Pooja;Female;;Delhi;1/2/2021;9/10/2023;;;user7224@mail.com;;;Australia
;Amit;Female;;Kolkata;28/2/2023;;;4;;9135941323;9135941323;Australia
C7227;Simran;Male;;Pune;14/6/2022;;;10;;;;
C7228;Neha;Male;;Chennai;10/3/2022;17/2/2021;2740.93;;user7227mail.com;;;Australia
C7229;Sneha;Male;30;;;;;10;;9932449365;9932449365;India
;Priya;Male;;Hyderabad;20/8/2024;;;10;user7229mail.com;;;
C7231;Priya;;;;;;;;;957895754;0957895754;Canada
C7232;Ankit;Male;36;Mumbai;;;;1;;94766698;0094766698;USA
C7233;Pooja;Male;;Chennai;2/3/2024;;2718.57;10;;;;
C7234;Kiran;Female;;Kolkata;;;;1;user7233@mail.com;;;Australia
C7235;;Male;;Delhi;29/9/2020;;;10;;;;UK
C7236;Neha;Female;;Kolkata;;;;1;;;;UK
C7237;Priya;Female;29;;;;;10;;99665882;0099665882;USA
C7238;Pooja;Female;64;;;;;;user7237@mail.com;955153626;0955153626;Australia
C7239;Neha;Female;;Kolkata;17/7/2023;8/2/2024;;1;user7238@mail.com;;;India
C7240;Ravi;Male;33;Hyderabad;15/9/2022;;;1;;;;
C7241;Sneha;;;Delhi;;;2272.54;10;user7240mail.com;;;USA
C7242;Sneha;Male;;;19/6/2025;;;1;user7241mail.com;;;Canada
C7243;Simran;Male;;Pune;;;;10;;;;
C7244;;;33;Chennai;;12/6/2024;;1;;;;UK
C7245;;;39;Bangalore;28/12/2021;;;1;;967571922;0967571922;UK
C7246;Priya;;29;Delhi;;;;3;user7245@mail.com;939375123;0939375123;USA
;Priya;Female;44;Kolkata;;;;10;;;;
C7248;;Male;;Pune;;;4211.3;10;user7247@mail.com;;;Canada
C7249;Sneha;Male;;Pune;8/8/2025;30/1/2022;;;;;;
C7250;Amit;Male;;Kolkata;;;;10;;9432512511;9432512511;Canada
C7251;Rahul;Male;;Mumbai;12/11/2023;;;10;user7250@mail.com;;;USA
;Neha;Female;;Pune;;;;3;;;;USA
;Ravi;Male;;Hyderabad;25/1/2025;;;1;user7252@mail.com;;;Australia
C7254;Priya;Male;;Ahmedabad;15/5/2025;12/9/2021;;;;;;UK
;Simran;Male;;Bangalore;;3/9/2023;1729.14;1;user7254mail.com;;;Australia
;Ankit;Female;;Mumbai;15/9/2021;6/8/2022;2656.38;1;;;;Australia
C7257;Priya;Male;;Chennai;;;4491.84;1;;;;Australia
;Pooja;Female;27;;;;;;;;;
C7259;Rahul;Male;;Mumbai;;11/6/2023;;5;;91267629;0091267629;
;;Female;;Chennai;15/3/2023;3/10/2025;;;;;;Australia
C7261;Priya;Male;67;Chennai;3/12/2020;;;1;user7260@mail.com;9415498383;9415498383;Canada
C7262;Simran;;67;;27/2/2024;15/3/2024;;;;;;India
C7263;Priya;Male;;Kolkata;;;2260.53;10;;;;USA
C7264;Neha;Male;;Pune;11/2/2025;14/6/2023;;1;;;;Canada
;Ankit;Male;;Delhi;;3/6/2022;;5;;;;
C7266;Kiran;Male;;Delhi;24/2/2021;1/1/2021;;;user7265mail.com;91253893;0091253893;Canada
C7267;Kiran;Female;;Hyderabad;;;;2;;;;USA
C7268;Sneha;Female;70;Kolkata;;18/7/2021;;10;;;;USA
C7269;;Male;;Ahmedabad;;;;10;user7268mail.com;9717754735;9717754735;USA
;Priya;;;Ahmedabad;;;;10;;9754959999;9754959999;
;Kiran;Male;;Hyderabad;14/11/2024;;;2;;;;Canada
C7272;Simran;;;Mumbai;;18/11/2022;;10;user7271mail.com;;;Canada
C7273;Pooja;Male;;Chennai;6/9/2025;;192.06;1;;;;UK
C7274;;Female;;Pune;;5/10/2021;1251.57;1;user7273@mail.com;;;Australia
;Ravi;;;Bangalore;3/4/2023;;2150.47;;user7274@mail.com;;;India
C7276;;;;;25/4/2024;;;;user7275@mail.com;9958823537;9958823537;USA
;Kiran;Female;32;Hyderabad;19/11/2022;9/6/2021;;10;;;;Canada
C7278;Ravi;;;Bangalore;31/1/2023;;;;user7277mail.com;96256264;0096256264;Canada
C7279;Simran;Female;;;;;3675.24;10;;;;India
;Priya;Female;;Kolkata;21/12/2023;;;1;;;;USA
C7281;Kiran;;;Pune;;;;;user7280@mail.com;;;UK
C7282;;;24;Mumbai;9/9/2022;;27.84;4;;;;India
C7283;Kiran;Male;;Ahmedabad;13/7/2022;;1928.22;10;user7282@mail.com;;;
C7284;Ravi;Male;;Delhi;;;3263.46;10;user7283mail.com;;;
C7285;;;36;Mumbai;;3/3/2024;;1;;;;
C7286;Priya;Female;;Mumbai;;20/10/2023;;1;;9439277914;9439277914;Australia
C7287;Rahul;;;Kolkata;;3/2/2021;;5;user7286@mail.com;;;Canada
C7288;Ravi;;33;Hyderabad;;;2356.57;;user7287mail.com;;;Canada
C7289;Pooja;Male;25;Pune;3/10/2023;;;10;user7288mail.com;;;India
C7290;Kiran;Female;;Chennai;29/11/2024;;;1;;;;USA
C7291;Ankit;Female;;Delhi;8/5/2023;;1159.08;;;;;Canada
C7292;Priya;Male;;Kolkata;9/5/2025;;;1;;;;UK
;Kiran;;;Mumbai;23/7/2022;;;10;user7292mail.com;;;
C7294;;Female;;Hyderabad;;;;5;user7293mail.com;915572163;0915572163;Australia
C7295;Ankit;Male;40;Chennai;;;3107.87;4;;9663919461;9663919461;India
C7296;;Male;18;Mumbai;19/12/2021;;3354.99;3;;;;
C7297;Simran;Male;;Pune;;;;1;user7296@mail.com;;;UK
C7298;Pooja;Male;;Ahmedabad;30/3/2025;11/8/2022;4505.37;10;user7297@mail.com;;;USA
C7299;Kiran;Female;;Ahmedabad;16/6/2025;;;;;;;USA
C7300;Simran;Male;;Mumbai;;;4667.07;10;;;;Canada
C7301;Ankit;;;Hyderabad;22/12/2020;;;1;user7300@mail.com;;;
C7302;Rahul;;41;Hyderabad;28/11/2024;;;;;96479627;0096479627;
C7303;Sneha;;;Hyderabad;20/10/2022;;;;user7302@mail.com;;;Australia
C7304;Ravi;Male;;Kolkata;13/11/2022;;1396.23;;;9248537179;9248537179;
;Sneha;Female;;Ahmedabad;3/4/2025;;;;user7304@mail.com;;;Australia
C7306;Rahul;Male;41;Kolkata;10/7/2022;19/10/2025;537.37;;user7305mail.com;;;Australia
C7307;Pooja;Male;;Kolkata;25/6/2024;17/9/2024;;1;;;;
C7308;Amit;Female;;Ahmedabad;26/11/2024;;;1;;98653714;0098653714;
C7309;Rahul;Male;54;Pune;17/11/2022;;;1;user7308@mail.com;92118514;0092118514;Australia
C7310;Priya;Female;;Bangalore;;;4483.47;;;;;Canada
;Ankit;Male;;Pune;;;;1;user7310mail.com;;;USA
;;Male;;Hyderabad;5/6/2021;;3083.46;4;;;;Canada
C7313;Simran;Male;;Hyderabad;20/4/2025;29/8/2025;;1;;;;
C7314;Amit;;;Kolkata;;26/9/2023;;1;user7313@mail.com;;;UK
C7315;Ravi;;;Ahmedabad;;9/5/2025;;1;;;;UK
;Priya;Female;44;Bangalore;;;4784.93;3;;9831952118;9831952118;
C7317;Simran;Female;;Hyderabad;16/12/2024;14/2/2025;3667.3;;user7316@mail.com;971461474;0971461474;Australia
;Simran;Female;;Ahmedabad;11/12/2024;;;1;;;;India
C7319;Rahul;;23;Delhi;;;;10;;;;Canada
C7320;Sneha;Female;;Chennai;1/12/2024;;;1;;964929996;0964929996;India
;;Female;;Pune;10/3/2023;;;1;user7320@mail.com;;;India
C7322;;Female;;Kolkata;19/11/2023;;14.23;;;;;UK
C7323;Pooja;;;Ahmedabad;14/8/2020;;;;user7322@mail.com;;;UK
C7324;Simran;Male;;Bangalore;;;;2;;;;
C7325;Neha;Female;;Mumbai;20/11/2020;;;10;user7324@mail.com;;;UK
C7326;Priya;Female;;Mumbai;29/10/2023;17/1/2025;3683.76;10;;;;UK
C7327;;Male;;Chennai;;;;;user7326@mail.com;9886269393;9886269393;USA
C7328;Sneha;;;Pune;12/6/2025;;;;;;;Canada
C7329;;;;Bangalore;4/7/2025;;;;user7328@mail.com;;;India
C7330;Amit;;34;Chennai;;;;5;user7329mail.com;;;Canada
C7331;Amit;Female;;Kolkata;8/12/2025;;;1;;;;India
C7332;Simran;Male;;Delhi;29/3/2022;;4074.61;1;user7331@mail.com;;;USA
;Ankit;Female;20;;28/1/2021;30/3/2024;;;user7332mail.com;;;Canada
C7334;Ankit;Female;;Mumbai;13/1/2026;;;10;;;;India
C7335;Simran;Female;30;Pune;;;771.31;1;;;;Canada
C7336;Kiran;Male;;Kolkata;18/2/2024;;;;;;;
;Simran;;;Mumbai;3/3/2021;;;1;user7336mail.com;;;
;Simran;Female;;Hyderabad;16/1/2021;;;1;;9153451;0009153451;Canada
C7339;Sneha;Male;27;Bangalore;;21/3/2021;;;;924382436;0924382436;
C7340;Ravi;Male;36;Bangalore;;11/6/2025;;1;user7339mail.com;;;UK
;;Female;;Mumbai;;;2630.7;;;;;India
C7342;Simran;Female;;Delhi;20/4/2024;;;1;;;;India
C7343;Pooja;Male;;;29/6/2021;;694.73;2;;;;UK
C7344;Ankit;Female;;Chennai;;;;;;;;Canada
C7345;;Male;;Mumbai;;9/10/2020;;1;user7344mail.com;;;
C7346;Simran;Female;;Kolkata;;21/5/2024;2327.06;;user7345mail.com;;;USA
;Ankit;Male;;Bangalore;;15/10/2024;;4;user7346mail.com;;;Canada
;Kiran;Male;;Delhi;17/11/2021;19/3/2025;;;user7347mail.com;9289495735;9289495735;India
C7349;Neha;Male;34;Mumbai;17/8/2021;2/10/2021;;;user7348mail.com;;;UK
;Neha;;65;Pune;23/11/2025;10/2/2024;;10;user7349@mail.com;9867741614;9867741614;India
C7351;Amit;Female;28;Hyderabad;17/8/2020;;;;user7350mail.com;;;
;Sneha;Male;67;Delhi;;;;;user7351mail.com;;;UK
C7353;Rahul;Male;;Mumbai;28/1/2022;29/7/2021;;1;;;;UK
C7354;;Male;;Ahmedabad;;;;1;;;;USA
;Pooja;;;Hyderabad;;;;10;;;;UK
;Rahul;;;Mumbai;;14/12/2020;;;user7355mail.com;998787928;0998787928;Canada
C7357;Priya;Male;57;Bangalore;10/8/2023;11/11/2025;;1;user7356@mail.com;;;Canada
C7358;Neha;Male;;Kolkata;22/3/2025;;;;user7357@mail.com;;;USA
C7359;Priya;Female;;Chennai;;;;;user7358@mail.com;;;USA
;Kiran;;34;Pune;;;;4;;997284319;0997284319;UK
C7361;;;;Ahmedabad;4/2/2021;13/9/2022;;2;user7360mail.com;;;India
;Kiran;Male;;Ahmedabad;29/5/2025;6/11/2020;2027.3;;;;;USA
C7363;Kiran;Male;;Ahmedabad;19/3/2021;22/2/2023;;2;;9584317526;9584317526;
C7364;Simran;Female;;Mumbai;;5/10/2023;4184.65;2;;;;
;Pooja;Male;;Hyderabad;8/5/2024;;;10;;;;USA
;Priya;;18;Ahmedabad;22/1/2026;;;10;user7365mail.com;;;USA
C7367;;Female;;Delhi;27/11/2022;;;;;;;UK
;;Male;;Chennai;4/11/2023;;1567.78;10;;;;India
C7369;Ankit;Male;30;Bangalore;;;3403.46;10;user7368@mail.com;;;Canada
C7370;Ankit;;;Chennai;7/12/2020;;;10;;9246962;0009246962;India
;Ravi;Male;;Ahmedabad;22/12/2020;;;;;9231417293;9231417293;India
;Priya;;24;Bangalore;;;;5;;;;USA
C7373;Kiran;Male;;Chennai;;;3923.36;3;user7372mail.com;935536275;0935536275;
C7374;Simran;;;Kolkata;1/5/2023;18/3/2025;;10;;9571657894;9571657894;Canada
C7375;Sneha;Female;;Hyderabad;8/7/2021;;;10;user7374mail.com;;;USA
;;Female;32;Mumbai;;;2915.52;2;;;;
C7377;Sneha;;;Bangalore;11/4/2022;;;1;;9869162;0009869162;India
;Ankit;Female;33;Pune;5/5/2021;3/1/2025;;4;;;;USA
C7379;Ankit;Male;40;Delhi;;;;;user7378mail.com;;;
C7380;Sneha;;;Pune;;10/5/2022;2849.93;1;user7379mail.com;;;India
;Priya;;;Hyderabad;;;;10;;;;Australia
C7382;Ravi;;;Bangalore;;;;10;;;;UK
C7383;Priya;;;Hyderabad;;;;10;user7382mail.com;;;USA
C7384;Neha;;;Delhi;24/11/2020;25/5/2022;3933.05;3;;935552437;0935552437;USA
C7385;;;39;Chennai;;;;1;;;;USA
C7386;Ravi;Male;55;;5/2/2022;5/12/2021;;;;;;Canada
C7387;Pooja;Female;;Delhi;;1/3/2025;;1;user7386@mail.com;;;USA
C7388;Sneha;Male;;Kolkata;;6/5/2025;;10;;;;Canada
C7389;Ankit;Female;;Bangalore;11/3/2025;;;10;user7388mail.com;971349225;0971349225;Australia
;Pooja;;;;;;1731.26;10;;;;Australia
C7391;Kiran;Male;70;;23/11/2023;;;10;;;;
C7392;Sneha;;;Kolkata;;;;1;user7391mail.com;;;
;Neha;Male;;Hyderabad;17/12/2025;;;10;user7392mail.com;9485532142;9485532142;USA
C7394;Ravi;;63;;;;;1;user7393mail.com;;;USA
C7395;Priya;Female;;Bangalore;;3/9/2021;;5;;;;India
C7396;Ravi;Male;;Delhi;;;;10;user7395mail.com;9297752455;9297752455;India
C7397;Ravi;Female;;Ahmedabad;18/9/2021;;;10;;;;
C7398;Simran;Female;;Mumbai;29/6/2024;;;;user7397mail.com;915216821;0915216821;Australia
C7399;Kiran;Female;;Chennai;;16/4/2024;;1;user7398@mail.com;;;UK
;Rahul;Male;;Hyderabad;;;;;user7399@mail.com;;;Canada
C7401;Sneha;;;;26/9/2020;;;10;;9186344;0009186344;India
C7402;Kiran;Female;;Mumbai;30/9/2023;5/9/2025;;;;;;UK
C7403;Ankit;Female;42;Pune;;;;10;user7402mail.com;9855214134;9855214134;Canada
C7404;Pooja;Female;26;Pune;25/3/2022;20/2/2025;3509.46;10;;;;UK
C7405;;Female;;;18/3/2025;;;2;;;;India
;Amit;Female;;Delhi;;;;10;;;;UK
C7407;Ankit;Female;;Kolkata;30/9/2024;;2172.8;1;;;;UK
C7408;Priya;Male;;Kolkata;20/10/2022;;;3;;944525782;0944525782;Australia
C7409;;Female;;;27/10/2021;;;1;user7408@mail.com;;;
;Amit;Male;33;Pune;13/12/2021;8/8/2022;3494.93;1;;;;Canada
C7411;Sneha;;40;Mumbai;;;3381.74;1;user7410mail.com;;;
C7412;Pooja;Female;;Pune;;;2884.77;;;;;Australia
;Ankit;Female;;Pune;;6/1/2022;;1;user7412@mail.com;;;USA
C7414;;;;;;;4238.63;4;;9866928949;9866928949;USA
C7415;Ravi;Male;;;;13/8/2020;;1;user7414@mail.com;;;Australia
C7416;Priya;Female;;Hyderabad;;;;1;;;;Australia
C7417;Rahul;;;;13/9/2023;;;1;;;;Canada
;Simran;Male;;Mumbai;;;;;;;;Australia
C7419;Ankit;;;Kolkata;14/11/2023;;;1;user7418@mail.com;;;Canada
C7420;Simran;;;Hyderabad;2/10/2021;18/12/2025;;3;;97231471;0097231471;UK
C7421;Priya;Female;;Ahmedabad;;;;1;user7420@mail.com;913538372;0913538372;USA
C7422;Simran;Male;33;Delhi;;26/8/2024;;;;;;USA
C7423;Kiran;;;Kolkata;;;;1;user7422mail.com;;;India
C7424;Simran;Male;;Delhi;9/7/2023;;2428.95;1;user7423mail.com;;;
C7425;Rahul;;;Kolkata;;;;1;user7424mail.com;9675245373;9675245373;Canada
C7426;Priya;;;Kolkata;;;;3;user7425@mail.com;;;
;Pooja;;57;Delhi;22/4/2024;19/1/2025;3442.54;10;user7426@mail.com;;;USA
C7428;Ankit;Female;66;Pune;8/12/2023;31/5/2024;166.34;;user7427@mail.com;;;Canada
;Amit;Female;;;;;;10;;;;India
C7430;Ravi;Male;;Chennai;21/9/2024;;;1;user7429mail.com;;;
C7431;Amit;;;Kolkata;30/11/2025;;3605.56;3;;9737383796;9737383796;India
C7432;Neha;Female;;Hyderabad;8/8/2020;;;10;user7431mail.com;;;UK
C7433;Rahul;Male;;Bangalore;;;1679.52;;;;;Canada
C7434;Ravi;Male;;;2/1/2023;13/10/2021;;1;user7433@mail.com;;;Canada
C7435;Sneha;;;Chennai;23/10/2022;30/8/2020;;2;;;;Canada
C7436;;Female;;Kolkata;30/7/2022;;;;;;;USA
C7437;;Male;52;;;6/10/2023;;;user7436mail.com;;;Canada
C7438;Ravi;Female;24;Kolkata;9/9/2023;;;;;;;India
;Rahul;Female;;Kolkata;;2/3/2021;3387.6;10;;;;UK
C7440;Neha;;;Delhi;4/8/2022;25/1/2021;;;;;;USA
;Amit;Female;;Chennai;11/4/2025;;;;user7440@mail.com;;;Canada
C7442;Amit;;51;;;4/9/2023;1767.86;4;;;;India
;Kiran;Male;;Mumbai;;;4925.23;1;;;;Australia
C7444;Rahul;Female;30;Delhi;;25/10/2023;;10;user7443mail.com;;;Australia
C7445;Simran;;;Kolkata;;27/12/2021;;1;;;;Australia
;;Female;;Bangalore;3/8/2022;28/3/2023;;1;user7445@mail.com;98827347;0098827347;USA
C7447;Amit;;;Pune;;;4143.3;;user7446@mail.com;;;Australia
C7448;Rahul;Female;;Pune;;27/11/2023;;3;user7447mail.com;;;Australia
C7449;Ankit;Female;;Ahmedabad;9/8/2023;;;1;user7448@mail.com;992624279;0992624279;Australia
C7450;Sneha;Male;;Delhi;21/4/2023;23/12/2020;;10;;9995457757;9995457757;India
C7451;Ankit;Male;28;Mumbai;6/1/2024;;227.54;;user7450@mail.com;;;Canada
;Kiran;Male;;Hyderabad;10/6/2023;;;10;;9778931;0009778931;India
;Kiran;;;Bangalore;31/7/2022;;;1;;;;Canada
C7454;Sneha;;;Pune;24/6/2023;;;;user7453mail.com;;;India
C7455;Sneha;Female;;;19/7/2023;;;;user7454@mail.com;;;India
C7456;Kiran;Female;;Ahmedabad;;;;1;;9421275283;9421275283;USA
C7457;Neha;;;Pune;8/1/2022;;;;;;;India
;Sneha;Female;;;3/8/2021;;;;user7457mail.com;;;USA
C7459;Neha;Male;;Kolkata;23/1/2022;;;1;user7458mail.com;;;India
C7460;Ankit;Male;31;Delhi;;;;3;user7459mail.com;;;USA
C7461;Simran;Female;;Ahmedabad;11/6/2023;;;5;;;;USA
;;Male;;Kolkata;21/8/2020;;;;user7461mail.com;;;USA
;Ravi;Female;;Hyderabad;;;;1;;;;Australia
;Pooja;Female;22;Mumbai;2/9/2021;;;1;;98718811;0098718811;Canada
;Sneha;;;Chennai;30/6/2025;12/12/2023;;;user7464@mail.com;;;UK
;Priya;;;Ahmedabad;;12/12/2023;;;;;;
C7467;Sneha;;;Bangalore;;10/7/2025;847.57;;;;;
C7468;Amit;Female;26;Hyderabad;;;;;user7467mail.com;;;Australia
C7469;Priya;Male;;Hyderabad;30/6/2024;;;1;;;;USA
C7470;Simran;Female;;Bangalore;;;;10;user7469mail.com;983928567;0983928567;UK
C7471;Priya;;;Kolkata;27/8/2020;13/9/2022;;1;user7470@mail.com;987882249;0987882249;
C7472;Kiran;;;Ahmedabad;;27/12/2022;;4;;;;Australia
C7473;;Male;;Kolkata;17/9/2024;1/1/2023;;10;user7472mail.com;;;India
C7474;Simran;Female;;;10/8/2024;;3556.94;10;user7473mail.com;913111737;0913111737;
;Pooja;;;;;7/7/2025;;10;user7474mail.com;;;Australia
C7476;Neha;;;Bangalore;13/9/2021;24/1/2025;;5;user7475mail.com;955826971;0955826971;
;;Male;25;Delhi;2/3/2023;23/7/2024;;;;;;Australia
C7478;Simran;Female;;Delhi;11/5/2022;;;;user7477@mail.com;9949444728;9949444728;Australia
;;;;Kolkata;21/10/2020;;2934.77;1;user7478@mail.com;;;USA
C7480;Neha;Male;41;Bangalore;10/12/2022;;424.93;10;user7479@mail.com;9799652948;9799652948;Canada
C7481;Simran;;46;Chennai;;;;;user7480@mail.com;9175375941;9175375941;
C7482;Simran;Male;;;;;2659.12;10;;991984482;0991984482;USA
C7483;;Male;22;Bangalore;;26/12/2020;2080.67;10;user7482@mail.com;;;Canada
;Simran;Female;;Chennai;;9/2/2021;;10;;;;India
C7485;Priya;Male;42;Ahmedabad;28/10/2025;;;1;user7484mail.com;;;USA
;Neha;Male;;Kolkata;;7/3/2025;;2;user7485@mail.com;;;Australia
C7487;Ravi;Female;;Ahmedabad;;;;10;;9765758744;9765758744;India
C7488;Amit;Female;;Kolkata;8/7/2023;;;10;user7487mail.com;;;UK
C7489;Pooja;Female;;Chennai;18/5/2023;15/5/2024;;;;9739545982;9739545982;UK
C7490;Rahul;Male;26;Pune;;;1635.71;3;;;;Australia
C7491;Priya;Female;;Bangalore;;;;1;;;;UK
C7492;Neha;Female;50;Kolkata;;;4646.04;3;user7491@mail.com;928541659;0928541659;Canada
C7493;Amit;;68;;;;4693.47;10;user7492mail.com;;;
;Pooja;;;Kolkata;;;;1;user7493@mail.com;;;UK
C7495;;;;Hyderabad;;;;;;;;UK
;Kiran;Female;;Delhi;;;;1;user7495@mail.com;;;Australia
C7497;Priya;Female;;Hyderabad;;;;1;;;;Canada
C7498;Kiran;Female;;Pune;;;2435.62;1;;946519968;0946519968;UK
C7499;Ankit;Male;61;Bangalore;;;4460.33;;;;;USA
;Amit;Male;;Delhi;18/8/2023;;;;;;;
;Ravi;Male;;Hyderabad;30/1/2025;;;;;;;USA
C7502;Neha;;;Hyderabad;22/12/2024;;;1;;;;India
;Amit;Male;;Pune;;;;1;user7502@mail.com;91215238;0091215238;
;Simran;;;;;;;10;user7503@mail.com;;;Canada
;Pooja;Female;;Kolkata;;;;10;user7504mail.com;;;
;Kiran;;;Bangalore;11/12/2023;;;3;;;;Canada
C7507;Pooja;;24;Bangalore;3/2/2025;4/2/2025;;1;;9171445885;9171445885;India
C7508;Amit;Male;;Hyderabad;25/6/2025;;;10;user7507@mail.com;9916395784;9916395784;USA
C7509;;Male;;Mumbai;;11/11/2021;;10;user7508@mail.com;;;UK
C7510;Simran;;;Pune;;;;1;user7509@mail.com;;;Australia
C7511;Rahul;;;Hyderabad;26/11/2022;;2236.59;;user7510mail.com;;;Canada
C7512;Rahul;Male;;Chennai;15/7/2025;1/8/2021;;2;;9736655;0009736655;India
C7513;Rahul;Male;;Mumbai;31/1/2022;;;1;;;;UK
;;;;Kolkata;;;;10;;;;
;Ankit;;;Pune;1/6/2025;;;1;;;;
C7516;Pooja;Female;;Mumbai;;29/10/2022;;;user7515mail.com;;;India
;;Female;;Hyderabad;14/5/2025;;;;user7516mail.com;9526252555;9526252555;Canada
C7518;Amit;;50;Kolkata;28/4/2021;;;3;;;;India
C7519;;;;Chennai;;;1254.19;;user7518@mail.com;;;USA
;Amit;Male;;Hyderabad;25/10/2022;;;10;;9638418658;9638418658;Australia
C7521;Pooja;Male;;Chennai;4/9/2021;;;10;user7520mail.com;96863912;0096863912;Australia
C7522;Priya;;;Hyderabad;;;;4;;;;Canada
C7523;Rahul;Male;;Chennai;10/4/2023;;;5;;;;Australia
C7524;Rahul;;;;13/2/2021;24/3/2021;;10;user7523mail.com;;;USA
C7525;Simran;Female;31;Delhi;;;;10;;;;
C7526;Simran;Female;;Pune;;;;1;;;;
;Rahul;Male;40;Bangalore;;;;10;user7526mail.com;96984641;0096984641;
C7528;Ankit;Female;;Ahmedabad;;;;1;user7527mail.com;;;USA
C7529;Ravi;;;Chennai;12/3/2025;;;;user7528@mail.com;9612539657;9612539657;Australia
C7530;Rahul;Female;;Hyderabad;6/3/2023;;;1;user7529@mail.com;;;Australia
C7531;;Male;;;;22/5/2022;;;user7530mail.com;;;UK
;Pooja;Male;;Chennai;;30/6/2025;;1;user7531@mail.com;;;USA
C7533;Ankit;Female;42;Ahmedabad;;21/4/2023;;1;user7532@mail.com;;;UK
C7534;Kiran;Male;;Hyderabad;19/7/2024;;;1;user7533@mail.com;;;Australia
C7535;Sneha;Male;;;28/6/2022;;4533.25;1;user7534@mail.com;94224315;0094224315;UK
C7536;Amit;;37;Mumbai;;;;4;user7535mail.com;;;Canada
C7537;Ravi;;;;11/6/2022;;;1;user7536@mail.com;;;UK
C7538;Pooja;Female;49;Pune;;26/1/2025;;1;;;;USA
C7539;Rahul;Female;29;Bangalore;;;;10;;;;Canada
C7540;Kiran;Female;;Kolkata;15/11/2023;;282.25;4;;;;Australia
;;;64;Delhi;3/7/2025;;3639;;;973538698;0973538698;Canada
C7542;;Female;;Ahmedabad;8/10/2023;22/8/2023;;10;user7541@mail.com;9392428675;9392428675;Canada
C7543;Pooja;;;Mumbai;10/6/2024;27/6/2023;;;user7542@mail.com;;;USA
C7544;;Female;;;;25/9/2022;3931;;;983168928;0983168928;UK
C7545;Neha;Female;;Mumbai;9/9/2024;15/12/2021;;10;user7544mail.com;;;Australia
C7546;Neha;Female;27;Chennai;;18/8/2021;;10;;;;USA
;Priya;;43;Delhi;11/9/2024;31/5/2023;;1;user7546mail.com;;;
C7548;Simran;Female;;Hyderabad;17/7/2023;11/3/2025;1865.85;;user7547mail.com;;;
C7549;Kiran;;;Ahmedabad;30/6/2021;7/11/2025;2493.37;1;;947969864;0947969864;India
C7550;Pooja;Female;;Hyderabad;22/3/2021;;;10;user7549@mail.com;9388237747;9388237747;Canada
C7551;Pooja;;;Hyderabad;;;;;user7550@mail.com;9976955347;9976955347;India
C7552;Simran;Male;;Bangalore;;10/2/2025;;10;;;;Canada
;;Male;;Mumbai;10/9/2020;;;10;;9339693467;9339693467;Canada
;Pooja;Male;;Delhi;24/11/2025;18/8/2025;;10;;;;Australia
;Simran;Female;;Mumbai;22/5/2025;;;10;;;;India
C7556;Amit;Female;18;;7/2/2021;;2632.9;10;user7555mail.com;9462491217;9462491217;
;Priya;;;Ahmedabad;;;;5;user7556@mail.com;;;
;Simran;Male;69;Pune;28/7/2025;;;2;user7557mail.com;;;
C7559;Priya;Male;;Pune;6/10/2020;10/10/2024;557.46;5;user7558@mail.com;;;Australia
;Priya;Female;24;Bangalore;;;3023.03;4;user7559@mail.com;;;UK
C7561;Neha;Female;;Pune;11/12/2023;26/12/2022;712.81;2;;;;UK
C7562;;;;Hyderabad;;;;;user7561mail.com;;;UK
C7563;Priya;Male;;Mumbai;;;;;;;;Australia
C7564;Ravi;Male;;Mumbai;22/6/2024;21/12/2023;;10;;;;Canada
C7565;Neha;Female;;Ahmedabad;;1/8/2025;3370.62;3;user7564@mail.com;;;India
;Sneha;Female;;Delhi;10/3/2024;;;1;;9779752379;9779752379;USA
C7567;Simran;Male;70;Delhi;22/8/2020;;;;user7566mail.com;9536753944;9536753944;USA
C7568;;Female;21;Chennai;21/12/2025;;;2;;;;Australia
;Ankit;Male;60;Bangalore;17/2/2025;;3944.42;1;;;;UK
C7570;Ankit;;;Chennai;17/10/2023;;;5;user7569@mail.com;;;Canada
C7571;Ankit;Male;;;10/11/2021;7/1/2022;232;;;;;Australia
C7572;Pooja;;29;;;12/5/2022;;5;;;;
;;Female;39;Chennai;;23/12/2021;3593.7;;;;;USA
C7574;Amit;;66;Delhi;19/10/2025;;;10;;911422836;0911422836;Canada
;Amit;Female;;Mumbai;29/5/2022;;;1;user7574@mail.com;;;UK
;Neha;Male;19;Delhi;13/10/2021;;688.05;1;;;;UK
;Priya;;;Delhi;;;;5;;;;Australia
C7578;Neha;;68;Kolkata;;;4827.23;;user7577@mail.com;;;
C7579;Ravi;Female;68;Delhi;6/2/2025;;;;user7578mail.com;;;
C7580;Kiran;Male;;Delhi;28/7/2021;;;;;983223928;0983223928;Australia
C7581;Ankit;Male;;Kolkata;;;1615.42;;user7580mail.com;;;Canada
;Pooja;Male;;Pune;19/1/2022;;;1;;;;USA
;Priya;Male;60;Pune;;;;10;user7582mail.com;;;Australia
C7584;Neha;Female;52;;6/10/2020;22/2/2025;;;;;;
;Sneha;Male;37;Pune;;;;1;user7584mail.com;;;Australia
C7586;Pooja;Female;22;Hyderabad;28/1/2025;;;5;user7585@mail.com;;;UK
C7587;Pooja;;34;Bangalore;;;2726.97;1;user7586mail.com;;;
C7588;Ankit;Female;;Ahmedabad;11/6/2024;16/9/2023;;1;;;;India
C7589;Sneha;Female;;Chennai;;;;;;;;UK
C7590;;;;Kolkata;;;;10;user7589mail.com;;;Australia
C7591;Priya;Female;;Pune;;;;1;user7590mail.com;;;India
C7592;;Male;;;;;;3;user7591mail.com;;;USA
C7593;Pooja;Male;69;Kolkata;24/9/2025;7/2/2025;;1;;;;Canada
C7594;Priya;Male;;Chennai;11/1/2025;25/6/2025;;10;user7593mail.com;;;UK
C7595;Sneha;Male;41;Hyderabad;;7/10/2021;;;user7594@mail.com;;;India
;Sneha;;;Bangalore;;24/3/2021;;;;965457463;0965457463;Canada
;Ankit;Male;69;Mumbai;;;;4;user7596mail.com;;;
C7598;Sneha;Female;;;7/5/2025;;;2;;;;Australia
C7599;Sneha;Female;;Hyderabad;;30/12/2020;;10;user7598mail.com;;;UK
C7600;Priya;;;Kolkata;7/6/2025;10/12/2023;;1;user7599mail.com;;;Canada
C7601;Rahul;;32;Delhi;;;;1;;9359431549;9359431549;
C7602;Sneha;Male;;Chennai;;23/3/2025;;1;;;;USA
C7603;Rahul;;41;Bangalore;;;2319.16;1;user7602@mail.com;9778459638;9778459638;USA
;Sneha;Male;;Mumbai;30/9/2025;;;10;user7603mail.com;;;UK
;;Female;;Kolkata;10/11/2020;28/6/2025;;1;user7604@mail.com;;;UK
;;Male;;Mumbai;;;3279.26;;user7605mail.com;;;USA
;Ankit;Female;;Mumbai;8/4/2024;;;10;;964666161;0964666161;Australia
C7608;Priya;Female;;Bangalore;;;;3;user7607@mail.com;;;India
C7609;Kiran;;;;;;;;;9855953877;9855953877;Canada
C7610;Kiran;Male;;Hyderabad;;;1888.24;3;user7609@mail.com;;;UK
C7611;Ankit;Male;58;Kolkata;17/8/2023;;;10;;9346988775;9346988775;USA
C7612;Simran;Male;;Kolkata;21/2/2025;19/8/2025;;5;;925497151;0925497151;USA
C7613;Sneha;;;Kolkata;;;;;user7612mail.com;;;Australia
;Sneha;Male;;Delhi;2/9/2024;13/8/2020;;1;;9385997769;9385997769;UK
C7615;Ankit;Female;;Bangalore;;;;10;user7614mail.com;;;India
C7616;Kiran;Female;20;Delhi;9/4/2025;18/4/2022;;;user7615@mail.com;;;Canada
C7617;Kiran;Female;;Pune;22/8/2020;;;3;user7616@mail.com;9718395727;9718395727;UK
C7618;Ravi;Male;;Chennai;;;;;;;;
C7619;Sneha;Female;47;Pune;;3/4/2021;;1;;;;
C7620;Simran;Male;55;Delhi;5/11/2024;21/4/2024;;1;;;;Canada
C7621;Amit;Male;;Ahmedabad;4/11/2024;;;;;9447948682;9447948682;Canada
C7622;;Female;;Delhi;;;;10;user7621@mail.com;;;USA
C7623;Kiran;;;Pune;;;;1;user7622@mail.com;;;
C7624;Simran;Female;;Mumbai;;;;1;;969562887;0969562887;USA
C7625;Pooja;;;Kolkata;;;155.61;;;;;India
C7626;Sneha;Male;;Pune;;6/10/2022;3572.57;10;user7625mail.com;;;Canada
C7627;Ravi;Female;58;Pune;;;3189.34;10;user7626mail.com;;;
C7628;Pooja;Male;60;Ahmedabad;21/9/2022;4/12/2023;;;user7627@mail.com;9896961919;9896961919;USA
C7629;;Male;59;Hyderabad;8/11/2025;;1567.83;3;;;;India
C7630;Sneha;Male;;;2/9/2023;30/10/2025;;10;user7629@mail.com;;;
C7631;Ravi;Male;;Ahmedabad;;;;1;user7630mail.com;9114548847;9114548847;Canada
C7632;Pooja;Female;;;;;1048.41;;;;;Australia
C7633;;Male;;Kolkata;;;;;user7632@mail.com;;;USA
C7634;Kiran;;;Chennai;15/3/2022;;3463.16;;user7633mail.com;;;UK
C7635;;Male;;Hyderabad;;11/9/2022;;1;;;;USA
C7636;;;;Delhi;20/9/2024;;2341.55;10;;;;Australia
;Amit;Female;63;Bangalore;7/1/2021;20/9/2022;;1;user7636@mail.com;;;India
C7638;Amit;;;Pune;;;;10;user7637mail.com;;;USA
C7639;Amit;Female;;Chennai;9/8/2024;;540.51;3;user7638@mail.com;;;Canada
C7640;Amit;Male;;Kolkata;23/10/2021;;;5;user7639mail.com;;;Canada
C7641;;Male;;Hyderabad;19/11/2021;;2460.65;1;;;;Australia
C7642;;Female;23;Bangalore;;;;1;;;;
C7643;Rahul;Female;50;;;;;;;;;UK
;Amit;;;Ahmedabad;;;;10;user7643mail.com;;;Canada
;;Female;;Mumbai;;23/1/2022;;1;;;;USA
C7646;;Female;;Pune;;;74.67;1;user7645mail.com;;;
C7647;;Male;20;Ahmedabad;19/4/2025;;;;user7646@mail.com;;;UK
C7648;Neha;Female;;Hyderabad;30/1/2025;22/5/2021;;4;;9196618174;9196618174;
;Ankit;Male;;Chennai;;;;1;;;;USA
C7650;Neha;Female;;Ahmedabad;29/10/2020;;2074.43;4;;955821919;0955821919;Australia
C7651;Neha;Female;56;Delhi;14/9/2024;;;10;;;;Australia
C7652;Sneha;Male;;Ahmedabad;;22/4/2025;;;user7651mail.com;;;
;Sneha;Female;;Hyderabad;;;;1;;9665254579;9665254579;Canada
C7654;Amit;;;Delhi;;30/7/2022;;1;;;;
;Sneha;Male;;Mumbai;;;;10;user7654@mail.com;;;UK
;Neha;Female;51;Hyderabad;;;;;;;;USA
;Neha;Male;;Kolkata;;11/9/2022;;3;;;;
C7658;Pooja;Female;50;Mumbai;2/1/2024;;;1;;;;USA
;;Male;;Hyderabad;24/6/2023;21/11/2020;;10;;;;UK
C7660;Sneha;Female;;Hyderabad;;29/3/2024;;10;user7659@mail.com;;;USA
C7661;Ankit;Female;;Hyderabad;;28/7/2022;;2;;;;UK
C7662;Ravi;Female;;Delhi;;;;2;user7661@mail.com;;;UK
;Priya;Male;;Hyderabad;29/2/2024;24/2/2024;;5;user7662mail.com;;;USA
;Amit;Female;;Chennai;;;;1;;;;
C7665;Ankit;Male;;Chennai;;24/9/2023;1182.08;10;;;;USA
C7666;Ankit;;;Kolkata;19/5/2022;12/4/2023;721.58;1;user7665@mail.com;;;Canada
C7667;Rahul;Female;;Kolkata;19/12/2025;;;10;user7666@mail.com;;;
C7668;Ravi;Female;;Delhi;7/3/2021;;;;user7667@mail.com;958987233;0958987233;India
;Amit;Male;;Kolkata;9/8/2022;;;2;;961424382;0961424382;USA
C7670;Sneha;Female;45;Kolkata;5/5/2021;;;10;;;;USA
;Pooja;Male;;Hyderabad;21/4/2021;;;3;user7670mail.com;;;
C7672;Kiran;Male;;;1/9/2020;;;1;;;;Australia
C7673;Priya;Male;31;Pune;;24/10/2024;;1;;;;India
C7674;Sneha;Female;;Ahmedabad;8/11/2023;;;1;user7673@mail.com;9264685155;9264685155;India
C7675;Kiran;Male;;;26/10/2022;;3293.21;10;;9795495885;9795495885;Canada
C7676;Ravi;Male;;Chennai;;;;5;;;;UK
C7677;Simran;;;Chennai;;23/5/2024;;;;;;Canada
C7678;Rahul;Female;65;;;;;4;user7677@mail.com;;;
C7679;;Male;;Pune;19/1/2023;;;10;user7678mail.com;;;USA
C7680;Neha;Male;25;Ahmedabad;28/10/2023;20/1/2026;;;;;;Australia
C7681;Pooja;Male;;Ahmedabad;2/4/2023;;2330.94;10;user7680mail.com;;;USA
C7682;Neha;Female;;Chennai;29/5/2021;;;;;976851282;0976851282;USA
C7683;Rahul;;;;24/7/2022;;;10;user7682@mail.com;9547744839;9547744839;Australia
C7684;Neha;Female;;Chennai;;;2069.75;5;;;;USA
C7685;;Male;68;Delhi;26/10/2020;28/4/2024;1863.98;10;user7684@mail.com;;;Australia
C7686;Kiran;;;Bangalore;;;;5;user7685mail.com;;;USA
C7687;Pooja;Female;38;Mumbai;15/3/2022;;;1;user7686@mail.com;;;India
C7688;Amit;;;;;;;;user7687@mail.com;;;UK
C7689;Neha;;64;;27/3/2023;;;3;;;;USA
C7690;Ravi;Female;32;;28/3/2022;;890.23;;user7689@mail.com;;;Canada
C7691;Pooja;Female;;Kolkata;;;4936.65;1;;;;
C7692;;;;Bangalore;;;;10;user7691@mail.com;;;
C7693;;Male;;Ahmedabad;;17/7/2023;;10;user7692@mail.com;;;
C7694;Priya;Male;27;Ahmedabad;20/2/2024;14/2/2024;;2;;94343957;0094343957;India
C7695;Priya;Male;;Delhi;;30/6/2022;;1;;9793517584;9793517584;USA
;;Male;44;Bangalore;;;;1;;949878197;0949878197;
C7697;Rahul;Female;;Pune;;;;10;;;;India
C7698;Rahul;Male;;Chennai;;17/8/2020;;;;;;UK
C7699;Priya;Male;;Mumbai;28/11/2023;12/5/2023;;1;user7698mail.com;;;Australia
;Kiran;Female;;Mumbai;;;;10;;;;Canada
C7701;Ankit;Female;;Delhi;;;;10;user7700mail.com;;;UK
C7702;Sneha;Female;;Bangalore;;7/5/2022;3116.49;;;9589392834;9589392834;India
C7703;Simran;Female;;Bangalore;12/12/2025;;;5;user7702mail.com;;;UK
C7704;Rahul;Male;;Mumbai;20/4/2025;29/3/2023;;1;;;;India
C7705;Amit;Male;;;26/5/2024;25/6/2025;4193.19;3;user7704@mail.com;;;India
C7706;Amit;Female;;Bangalore;11/2/2025;3/3/2025;;10;;;;India
C7707;Kiran;Male;59;Hyderabad;;;;5;;;;
C7708;Priya;Male;;Hyderabad;29/6/2023;;;2;;95132265;0095132265;USA
C7709;;;;Pune;;;;10;;;;USA
C7710;Amit;Male;54;Hyderabad;;13/7/2023;;10;;;;
C7711;;Male;;Pune;11/8/2025;4/1/2021;;1;;976582759;0976582759;
C7712;Ravi;Male;;Chennai;19/6/2024;;;;;951913682;0951913682;India
C7713;Priya;;32;Delhi;3/9/2025;;3327.34;;;99121616;0099121616;Australia
;Ankit;Female;;Kolkata;;21/8/2023;;5;;9287871367;9287871367;India
C7715;Priya;Male;;Hyderabad;;;4735.25;1;user7714@mail.com;;;India
C7716;Rahul;Female;;Hyderabad;;;;;;;;USA
C7717;;Male;52;;;;;10;;;;USA
C7718;Simran;Female;;Kolkata;8/9/2020;;;1;user7717@mail.com;993374195;0993374195;Australia
C7719;Neha;Male;;Ahmedabad;;6/8/2022;;;;;;Australia
C7720;;Female;;;7/4/2021;18/10/2022;4625.34;1;;;;
C7721;Rahul;Female;;Hyderabad;27/9/2024;;1359.29;;user7720@mail.com;;;
C7722;Sneha;Male;;;;1/9/2020;;;;;;Canada
C7723;Priya;;56;Hyderabad;24/6/2022;22/12/2025;3456.32;1;;9524862644;9524862644;
C7724;Kiran;Female;;Hyderabad;;;4607.78;;;9192492454;9192492454;UK
C7725;Kiran;;55;;3/10/2021;;;1;;;;USA
;Ankit;Female;;Ahmedabad;;;;1;;;;Australia
C7727;Kiran;Male;43;Hyderabad;11/2/2025;13/5/2023;;10;user7726mail.com;;;
C7728;Rahul;Female;;Ahmedabad;;;;1;;;;India
C7729;Ravi;Male;;;4/10/2023;14/2/2022;;10;;;;India
C7730;Sneha;Female;;Kolkata;25/4/2023;18/4/2025;;;user7729@mail.com;;;
C7731;Sneha;;41;Hyderabad;8/12/2022;;2573.35;1;user7730mail.com;919293926;0919293926;Australia
C7732;Ankit;Female;;Pune;;;;10;user7731mail.com;;;USA
C7733;Ravi;Male;64;Kolkata;9/11/2024;7/5/2025;;;;;;Canada
C7734;Rahul;Male;;Hyderabad;27/6/2021;26/1/2024;;1;;;;Canada
;Amit;;;Kolkata;8/8/2024;;;10;user7734@mail.com;;;Australia
;Neha;;;Pune;5/8/2021;22/10/2022;;1;;;;Australia
C7737;Ankit;;;Bangalore;;;2590.97;1;user7736mail.com;92356246;0092356246;
C7738;;;;Ahmedabad;;23/11/2024;542.41;4;;;;Australia
C7739;;;;Pune;;25/1/2023;;1;;;;Canada
C7740;Kiran;Female;;Bangalore;3/3/2023;;;1;user7739@mail.com;;;
;Simran;Female;;Ahmedabad;18/7/2024;;;1;user7740mail.com;9383768744;9383768744;UK
C7742;Kiran;;;Ahmedabad;26/5/2022;;;2;;99778891;0099778891;USA
C7743;Sneha;;;Chennai;;;;1;;;;
C7744;Amit;;70;Bangalore;8/10/2022;;;3;user7743@mail.com;;;
C7745;Sneha;Male;;Delhi;27/2/2021;21/5/2024;;4;;9519356836;9519356836;UK
C7746;;;;Kolkata;;;1321.67;10;user7745mail.com;9675682916;9675682916;Canada
;Pooja;Male;39;;;;;10;user7746@mail.com;;;Australia
C7748;Pooja;Female;;;10/10/2024;;;;user7747mail.com;9479781883;9479781883;USA
C7749;Pooja;;;Bangalore;;;;;user7748mail.com;;;Canada
C7750;Sneha;;;Pune;15/11/2022;;3332.78;1;;;;Australia
C7751;Sneha;;;Mumbai;;;;1;;9342443572;9342443572;
C7752;Kiran;Female;25;Hyderabad;;;3927.37;10;user7751@mail.com;;;India
C7753;Ankit;Female;;Kolkata;10/3/2024;27/11/2025;;10;;;;Canada
C7754;Sneha;Male;;Pune;27/9/2023;;;10;;;;Canada
C7755;Simran;;;Mumbai;;;;1;;928587993;0928587993;India
C7756;Sneha;Female;49;Chennai;;26/12/2023;;;user7755mail.com;;;Canada
C7757;;Male;;Mumbai;29/6/2022;;428.94;10;;955131415;0955131415;UK
;Sneha;Female;;Mumbai;;;4042.4;5;user7757@mail.com;;;India
C7759;Amit;Male;59;Delhi;3/7/2023;;;;user7758@mail.com;9477594942;9477594942;Australia
C7760;Sneha;;;Kolkata;15/6/2024;;;1;;;;USA
C7761;Sneha;;;Pune;;;;10;;9257314842;9257314842;India
;Simran;Male;;;10/5/2023;;;;user7761mail.com;;;India
;Sneha;;61;Pune;;;;;user7762@mail.com;;;
C7764;Amit;Male;;Chennai;8/11/2022;9/12/2022;;10;;;;USA
;Pooja;Female;32;Bangalore;;7/6/2025;;10;;;;USA
;;;;;;;;;;;;UK
;Priya;;;Chennai;;25/3/2021;;10;;95733374;0095733374;Australia
C7768;Neha;;;Mumbai;3/1/2026;20/6/2023;;1;user7767@mail.com;;;Australia
C7769;Neha;Female;;Mumbai;;3/9/2023;;10;;;;Australia
C7770;;Male;;Ahmedabad;;12/10/2023;;10;user7769mail.com;96141123;0096141123;UK
C7771;Priya;;;Hyderabad;4/3/2025;9/6/2021;;;user7770@mail.com;962335689;0962335689;Australia
C7772;Ravi;Male;;Mumbai;28/4/2023;;2037.22;10;user7771@mail.com;;;Canada
C7773;Priya;Male;;;;;;1;user7772mail.com;;;Canada
C7774;Sneha;Female;;Ahmedabad;21/5/2023;8/11/2022;;10;;982645939;0982645939;India
C7775;Kiran;Male;;Pune;;;4501.47;;user7774@mail.com;9991117368;9991117368;
C7776;Ravi;Male;;;19/7/2024;18/8/2023;;1;;;;India
C7777;Neha;Male;;Mumbai;22/6/2021;;;10;user7776@mail.com;;;
;;Female;;Bangalore;;29/3/2024;;;user7777mail.com;;;UK
;Pooja;Female;;Ahmedabad;;10/1/2026;;4;;;;India
C7780;Ankit;Female;;Hyderabad;19/11/2022;6/8/2020;;;;;;UK
;Ravi;Female;22;Bangalore;22/12/2025;;;;;;;USA
C7782;Sneha;Female;53;Kolkata;;;3709.82;10;;9249457569;9249457569;India
;Pooja;Male;;Chennai;29/7/2024;27/7/2025;;5;user7782mail.com;956445916;0956445916;UK
C7784;Ravi;Male;27;Chennai;;;;1;user7783@mail.com;;;Canada
C7785;Ankit;Male;;Hyderabad;18/2/2024;;;4;user7784@mail.com;955781881;0955781881;UK
;Neha;;;Hyderabad;6/12/2021;19/3/2023;;;user7785@mail.com;;;USA
C7787;Sneha;Female;;Chennai;15/6/2023;30/3/2024;;;;;;India
C7788;Priya;;;Bangalore;23/6/2024;29/3/2024;;10;;;;India
;Ravi;Male;;Ahmedabad;;27/5/2025;4879.97;3;user7788mail.com;;;Australia
C7790;Rahul;;;;19/8/2021;5/12/2023;;10;;;;
C7791;Neha;Female;;Ahmedabad;14/5/2025;22/1/2025;;3;user7790mail.com;;;Canada
C7792;Amit;Female;;Mumbai;;;;;user7791@mail.com;;;UK
;Sneha;Female;;Mumbai;5/1/2021;9/9/2021;;1;user7792mail.com;;;India
C7794;Sneha;Male;55;Bangalore;2/12/2025;;1770.94;1;user7793@mail.com;;;India
;Priya;Female;;Pune;;16/7/2022;4624.76;3;;;;UK
C7796;Kiran;;;Hyderabad;;23/2/2024;;1;user7795mail.com;;;UK
;Pooja;Female;;Pune;14/4/2023;;1013.28;10;user7796mail.com;;;Australia
C7798;Sneha;Male;;Kolkata;22/2/2021;;;4;user7797mail.com;;;Australia
C7799;Neha;Male;;Hyderabad;;;;1;user7798@mail.com;;;India
C7800;Priya;Male;;Kolkata;23/5/2025;;299.69;;;;;UK
;Ravi;Female;;Ahmedabad;6/4/2023;;;1;user7800mail.com;;;India
;Rahul;Male;;Bangalore;2/3/2021;;570.42;1;;;;India
C7803;Amit;Female;55;Pune;22/2/2023;;;1;user7802mail.com;;;India
C7804;Sneha;Female;;Bangalore;3/12/2020;24/10/2023;4632.62;2;;;;India
;Rahul;Female;;Ahmedabad;;7/8/2023;;1;;;;Australia
C7806;Ravi;;;Bangalore;;;;2;;;;UK
C7807;Simran;Female;;Bangalore;2/7/2024;14/7/2021;1042.67;4;user7806mail.com;;;
C7808;Kiran;;44;Delhi;6/10/2024;;;;;;;
C7809;Simran;Female;;;;5/8/2021;;1;user7808@mail.com;968378977;0968378977;
;;Female;;Bangalore;23/10/2022;;;1;user7809@mail.com;9786184951;9786184951;
C7811;Ankit;Male;;;24/2/2022;;;5;user7810@mail.com;;;UK
C7812;;Female;;Chennai;5/8/2021;1/12/2020;4334.9;3;user7811mail.com;;;
C7813;;Male;;Mumbai;31/1/2022;;3612.39;1;user7812mail.com;;;India
C7814;Pooja;Male;;Delhi;20/9/2022;14/6/2024;3112.45;;;9747355117;9747355117;Australia
C7815;Amit;;44;Bangalore;;;;1;;;;Canada
C7816;;Female;20;Mumbai;;17/10/2023;;10;user7815mail.com;;;UK
C7817;Simran;Female;;Delhi;31/12/2020;;;4;;;;India
C7818;Amit;Male;;Chennai;;;;1;user7817mail.com;;;
C7819;Amit;Male;33;Chennai;7/12/2022;2/1/2026;;10;user7818mail.com;;;India
C7820;Simran;;22;;9/7/2024;24/6/2023;3402.28;;user7819mail.com;9693474211;9693474211;Australia
C7821;Priya;Female;;Chennai;;;;;;;;India
C7822;Kiran;Male;;Delhi;;2/2/2023;;1;;;;Canada
C7823;Amit;;;Mumbai;;;2623.97;10;user7822@mail.com;;;Canada
C7824;Kiran;;33;Delhi;23/3/2021;;;1;;;;USA
C7825;;Female;;;31/12/2025;;537.54;10;user7824mail.com;9934548576;9934548576;Australia
C7826;;Male;;Delhi;25/6/2021;10/8/2023;3982.73;2;;;;
C7827;Pooja;;;Mumbai;20/5/2022;;2159.09;1;;;;USA
C7828;Sneha;Male;;Delhi;;22/6/2022;;1;;;;USA
C7829;Ankit;;;Pune;10/10/2023;9/2/2023;4981.71;2;user7828mail.com;994787685;0994787685;Canada
C7830;Ravi;Female;;;;13/5/2023;;;;9811541957;9811541957;India
C7831;Rahul;Female;;Mumbai;;;;10;;;;UK
;Ravi;Female;;Kolkata;2/5/2022;;;;user7831@mail.com;;;Australia
;Kiran;Female;53;Kolkata;30/11/2025;;;1;;985229417;0985229417;India
C7834;Ankit;Male;24;Delhi;19/9/2024;24/4/2021;;3;;;;Canada
C7835;Simran;Female;;Mumbai;;;1623.33;4;;;;UK
C7836;Ravi;Male;;Ahmedabad;;;;;;9384867369;9384867369;UK
C7837;Ravi;Female;;Chennai;28/1/2021;31/5/2023;;3;user7836@mail.com;;;USA
C7838;Amit;Male;25;Hyderabad;17/5/2022;;;1;;9254682776;9254682776;UK
;;Female;;Mumbai;13/10/2020;1/10/2025;;1;user7838mail.com;;;Australia
C7840;Ravi;Male;;Pune;25/5/2021;;;10;;;;UK
C7841;Kiran;Female;;Mumbai;25/10/2023;;;1;;;;
C7842;Neha;;;;13/12/2024;25/1/2025;;1;;;;UK
C7843;Rahul;;21;Bangalore;;;;3;;9622391815;9622391815;India
C7844;Sneha;Female;;Delhi;7/2/2023;;55.18;10;;911635476;0911635476;Canada
C7845;Amit;;70;Chennai;;;;1;;;;
C7846;Rahul;Male;;;21/10/2020;8/7/2025;;3;user7845mail.com;935729862;0935729862;Australia
C7847;Rahul;Male;;Hyderabad;6/10/2021;;;;;;;Canada
C7848;;Male;;Bangalore;22/8/2024;9/5/2021;;4;;;;India
C7849;Neha;;;Chennai;9/3/2025;17/11/2024;;1;;9587915626;9587915626;USA
C7850;Priya;;;Bangalore;;7/1/2022;4768.66;2;;;;UK
C7851;Simran;Female;;Delhi;4/4/2023;;;4;user7850@mail.com;956658357;0956658357;Canada
C7852;Amit;Female;;Bangalore;;;;;;;;
C7853;;Male;;Bangalore;3/6/2021;;2756.84;1;;;;India
C7854;Ankit;;;Delhi;23/4/2024;10/10/2021;3247.69;1;;9294197532;9294197532;
C7855;;Male;;Bangalore;27/9/2024;;;2;;;;
C7856;Rahul;;;Chennai;11/5/2023;;1478.98;5;user7855mail.com;;;Canada
;Ravi;Female;;Kolkata;;;2381.32;;;;;UK
C7858;;Female;;Mumbai;3/11/2023;;568.69;10;;;;Canada
;Rahul;;;Chennai;;;;10;user7858mail.com;;;Australia
C7860;Amit;;31;Pune;;;;1;user7859mail.com;;;USA
;Ravi;Female;;Chennai;;;2951.99;3;user7860@mail.com;;;Australia
C7862;Simran;Male;;Delhi;;;3032.92;2;;;;Australia
;Rahul;;;Pune;;;;1;;;;
C7864;Ankit;Female;;Kolkata;3/11/2021;;;;;;;
C7865;Kiran;;;Mumbai;;;2723.55;10;;;;USA
;Sneha;Female;;Delhi;;;;1;;;;USA
C7867;;Male;;;10/1/2025;16/5/2022;;;;;;Australia
C7868;Rahul;Male;;Kolkata;;;;10;user7867mail.com;;;UK
C7869;Ankit;Male;;Bangalore;27/11/2023;;;1;user7868mail.com;;;UK
C7870;Amit;Female;;Mumbai;;;;1;user7869@mail.com;927215949;0927215949;Canada
C7871;Pooja;Female;56;Pune;15/9/2024;;;;user7870@mail.com;;;Australia
C7872;;Male;;Hyderabad;22/10/2024;;;10;user7871@mail.com;;;Canada
C7873;Neha;;;Bangalore;3/6/2023;;412.8;10;user7872@mail.com;;;
C7874;Kiran;Female;;Pune;26/8/2020;;;1;user7873@mail.com;977735984;0977735984;USA
;Priya;;;Pune;24/5/2025;;;1;user7874@mail.com;;;UK
;;Female;;Chennai;;8/6/2024;;1;;;;Canada
C7877;Ravi;Male;;Chennai;;;;10;;;;Australia
C7878;Ravi;Male;64;Bangalore;22/8/2021;19/7/2021;;10;user7877@mail.com;;;India
C7879;Ankit;Female;;Chennai;;;;1;;;;UK
;Priya;Male;;Hyderabad;;20/4/2021;;1;;911323;0000911323;India
C7881;Kiran;Female;;Kolkata;;;;4;;95457239;0095457239;Australia
C7882;Ravi;;;Ahmedabad;9/8/2021;;;2;;;;India
C7883;Neha;;;Delhi;;;;1;;95994185;0095994185;
C7884;Sneha;Female;;;;4/6/2023;;1;;;;India
;Amit;Female;;;4/8/2022;14/8/2020;2774.24;10;;;;UK
C7886;Neha;;;;;;;10;;9647591936;9647591936;
C7887;Ankit;Female;59;Hyderabad;24/11/2023;;1706.29;4;user7886@mail.com;;;India
C7888;;Male;33;Mumbai;10/11/2024;21/1/2023;;10;;;;
;Ankit;;;;28/11/2021;;105.11;1;;;;USA
C7890;;Female;;Ahmedabad;;;;;user7889@mail.com;949812615;0949812615;Canada
C7891;;Male;64;Delhi;;6/2/2025;3031.6;10;;;;
C7892;Ravi;Male;;Chennai;18/2/2022;;;10;;9899398622;9899398622;UK
;Kiran;Male;;Bangalore;15/11/2023;;;4;;9695831217;9695831217;India
C7894;Pooja;;54;Chennai;;;514.59;5;;;;UK
C7895;Neha;Male;;;;;;4;user7894mail.com;94481346;0094481346;Australia
C7896;Simran;Female;;Ahmedabad;;;;2;;9454442632;9454442632;India
C7897;Pooja;;;Bangalore;14/6/2024;;931.01;4;;;;UK
;Priya;Male;;Chennai;19/10/2021;31/5/2025;;1;;;;
C7899;Amit;Male;;Pune;;;;10;user7898@mail.com;;;UK
C7900;Pooja;;;Kolkata;22/12/2021;;;;user7899mail.com;;;USA
C7901;Neha;;;Hyderabad;;;;1;user7900@mail.com;;;UK
C7902;Sneha;;24;Chennai;;20/6/2025;;3;user7901@mail.com;;;India
C7903;Simran;Male;;Ahmedabad;;;;;user7902mail.com;;;India
C7904;Pooja;Male;;Mumbai;;28/8/2025;;3;user7903mail.com;98353196;0098353196;UK
C7905;Rahul;Male;;Bangalore;;12/12/2023;;10;;;;India
C7906;Rahul;Male;;;;;;10;user7905mail.com;;;USA
C7907;Neha;Female;31;Ahmedabad;20/11/2020;3/1/2023;769.83;2;;97368143;0097368143;UK
C7908;Ankit;;;Mumbai;24/11/2025;;;1;user7907mail.com;;;Australia
C7909;Priya;Female;41;Ahmedabad;;14/2/2021;;;;9757319234;9757319234;
C7910;Ravi;Female;;Pune;25/10/2024;;;10;user7909@mail.com;98464329;0098464329;India
C7911;Ravi;Male;;Chennai;3/1/2023;;;3;user7910@mail.com;;;
;Neha;Female;34;Pune;7/11/2020;;;1;user7911mail.com;9388876544;9388876544;
C7913;Amit;;;Pune;;16/9/2020;;10;user7912mail.com;;;USA
C7914;Kiran;Male;40;Pune;;;4106.42;2;;;;UK
C7915;Amit;;;Delhi;28/8/2021;;;5;;;;Canada
C7916;Pooja;Male;;Delhi;6/4/2021;;;5;;;;USA
C7917;Sneha;Male;;Pune;5/10/2020;10/11/2020;;5;;;;
;Kiran;Male;;;15/2/2023;;;1;;;;UK
C7919;Amit;Female;;Mumbai;;;;1;user7918mail.com;;;
C7920;Ravi;Female;;Mumbai;3/11/2025;;2781.26;;user7919@mail.com;;;Australia
C7921;Kiran;Female;;Delhi;;;4600.13;3;;;;Australia
C7922;Kiran;Male;;Bangalore;27/8/2024;;;1;user7921@mail.com;;;
;;Female;37;Hyderabad;;;;1;;;;Canada
C7924;Priya;;;Delhi;;21/8/2023;;10;user7923mail.com;;;UK
C7925;;Male;;Hyderabad;2/2/2023;;;1;;;;India
;Pooja;Male;59;Pune;;;;;user7925@mail.com;9215289361;9215289361;Canada
;Kiran;Male;;;;;2893.25;;;;;
C7928;Rahul;Male;51;Mumbai;;;;;user7927mail.com;91497357;0091497357;
C7929;Amit;Female;38;Ahmedabad;29/11/2022;28/9/2021;;1;;;;UK
C7930;Ankit;Male;;Mumbai;20/12/2020;;;;user7929mail.com;9717317475;9717317475;Canada
C7931;Pooja;Male;;Hyderabad;9/6/2022;19/6/2021;;10;;9658583393;9658583393;USA
C7932;Ankit;Male;;Mumbai;20/5/2024;;;4;user7931@mail.com;957975143;0957975143;
C7933;Ravi;Male;;;;19/3/2025;;3;;917693557;0917693557;USA
C7934;Ankit;Male;;Delhi;8/11/2020;;;1;;998966217;0998966217;
C7935;Priya;Male;;Mumbai;;17/9/2024;;10;;;;UK
;;Female;;Hyderabad;23/10/2025;1/12/2020;3913.96;1;user7935@mail.com;;;Australia
C7937;Pooja;Male;47;;17/3/2024;;;;user7936mail.com;953592861;0953592861;UK
C7938;;Female;;;;;4834.39;2;user7937@mail.com;;;Canada
C7939;Ankit;Female;;Kolkata;21/10/2023;;648.7;10;user7938@mail.com;;;Australia
;Ankit;Male;;Ahmedabad;29/11/2021;9/10/2025;;;;;;India
;Amit;Female;;Chennai;4/6/2024;;;4;user7940@mail.com;96755934;0096755934;
C7942;Kiran;;;Mumbai;;23/12/2020;;1;user7941@mail.com;;;
C7943;Neha;Female;37;;;;;3;;;;
C7944;Amit;Female;;Kolkata;;2/12/2024;;10;;;;USA
C7945;Pooja;Male;62;Pune;5/6/2024;;;10;;;;India
C7946;Sneha;Female;;Mumbai;10/1/2021;;;10;user7945@mail.com;;;Canada
C7947;Sneha;Male;23;Ahmedabad;;;;10;;9537546725;9537546725;USA
;Ravi;Male;;Chennai;25/7/2023;;;1;;;;Australia
;;Male;;Hyderabad;;;;;user7948mail.com;;;
;Ankit;Male;;Kolkata;31/1/2025;;4439.14;;user7949mail.com;9177439863;9177439863;UK
C7951;Kiran;;;Chennai;13/8/2024;;1609.58;1;user7950mail.com;;;UK
C7952;Rahul;Female;;Delhi;;18/11/2020;;1;user7951@mail.com;;;India
C7953;Pooja;;;Pune;;;;1;;965633842;0965633842;UK
C7954;Kiran;Female;;;8/10/2025;;;;user7953mail.com;;;USA
C7955;Kiran;Male;49;Bangalore;;;;1;user7954@mail.com;;;Australia
C7956;Ankit;Male;;Pune;17/6/2022;29/4/2023;;2;;9697632244;9697632244;
C7957;;Male;29;;19/2/2021;;873.81;10;;;;India
C7958;Ravi;Female;43;Delhi;1/10/2025;;;;user7957@mail.com;;;India
C7959;Ravi;Female;;Ahmedabad;4/11/2022;27/9/2025;;1;;;;USA
C7960;Rahul;Male;;Kolkata;;;;;;;;UK
C7961;Ankit;;;Ahmedabad;;2/7/2021;;;user7960@mail.com;;;Australia
C7962;Ankit;Male;;Chennai;22/7/2023;;;1;user7961@mail.com;;;Australia
C7963;;Female;58;Ahmedabad;;7/4/2023;;;user7962mail.com;9586321;0009586321;Canada
C7964;Neha;Female;58;Mumbai;27/2/2021;;;3;;9363642753;9363642753;USA
;Ankit;;67;Delhi;;;;;user7964@mail.com;;;Canada
C7966;Sneha;Female;31;Delhi;;;4939.34;;;;;Canada
C7967;;Male;;Chennai;;29/9/2025;1249.15;;;;;USA
C7968;Simran;Male;;Bangalore;;27/7/2025;;;;;;Canada
C7969;Simran;;;Ahmedabad;15/7/2025;;;5;;;;Canada
C7970;Sneha;Female;;Ahmedabad;;;;1;user7969mail.com;;;India
C7971;Priya;Female;;Kolkata;20/9/2025;;;1;user7970@mail.com;;;USA
C7972;Sneha;Male;;Bangalore;;17/2/2021;;;;;;
;Ravi;Male;;Chennai;15/6/2021;29/12/2024;2423.82;10;;;;UK
C7974;Priya;;;Bangalore;28/10/2022;;;1;;;;Canada
;Sneha;Male;;Hyderabad;;;;;;;;UK
C7976;;Male;;Bangalore;;;;10;;;;India
C7977;Pooja;Male;;Chennai;;;;1;user7976@mail.com;;;USA
;Sneha;Female;;Chennai;26/5/2022;;;;user7977mail.com;;;Canada
C7979;;Male;;Kolkata;13/1/2023;;;1;;;;UK
C7980;Neha;Female;;Bangalore;;;1641.41;10;;;;UK
C7981;Simran;Male;;Pune;16/12/2025;22/7/2022;;2;;;;
C7982;Ankit;;;;;;;10;user7981mail.com;;;UK
C7983;Ravi;Female;;Pune;;;4833.35;;;;;Canada
C7984;Ravi;Female;;Bangalore;9/5/2024;;;1;user7983mail.com;95742879;0095742879;
C7985;Neha;Female;;Bangalore;;2/12/2024;;4;user7984@mail.com;;;India
C7986;Kiran;Female;18;Kolkata;3/6/2021;;;10;user7985mail.com;;;Canada
C7987;Kiran;Male;43;Delhi;16/11/2024;;;10;;;;Australia
C7988;;Male;;Chennai;23/10/2021;;;10;user7987@mail.com;;;USA
C7989;;Female;;Chennai;;;;;;98394533;0098394533;UK
C7990;;Female;;Hyderabad;;14/5/2025;;10;;;;Australia
C7991;Priya;Female;;Pune;12/7/2022;17/9/2023;;10;user7990@mail.com;;;USA
C7992;Neha;Male;;Pune;16/9/2020;6/12/2023;;1;;;;USA
C7993;Neha;;;Ahmedabad;13/9/2022;;;1;user7992mail.com;9351892188;9351892188;USA
C7994;Ankit;Male;29;;20/12/2020;18/1/2021;4169.48;3;user7993mail.com;9168739143;9168739143;UK
C7995;Kiran;;;Bangalore;26/2/2021;17/10/2022;1270.38;1;user7994mail.com;;;Canada
;Kiran;Male;;Mumbai;;27/3/2024;2615.54;10;user7995@mail.com;;;India
C7997;Sneha;Male;;Hyderabad;16/1/2024;;;10;user7996mail.com;;;Australia
C7998;;Male;;;11/7/2021;3/8/2023;;1;user7997@mail.com;;;USA
;Sneha;Male;64;Delhi;;;;4;;913519195;0913519195;India
C8000;Sneha;;;;;;;2;user7999mail.com;989643141;0989643141;India
C8001;Simran;Male;;Delhi;6/8/2023;;;10;;;;Australia
C8002;Pooja;Female;;Mumbai;25/12/2024;;;10;user8001mail.com;;;India
C8003;;Male;;Bangalore;1/5/2021;;;3;user8002@mail.com;;;UK
C8004;;Male;;Chennai;27/9/2025;;;4;user8003@mail.com;;;Canada
C8005;Ravi;Female;;Hyderabad;;;;1;user8004@mail.com;;;USA
C8006;Rahul;Male;29;Delhi;21/10/2020;16/5/2022;;1;;9269667448;9269667448;USA
C8007;Pooja;;;Delhi;;;;10;;;;UK
C8008;Priya;Female;30;;14/10/2020;;;10;user8007mail.com;9279624148;9279624148;Canada
C8009;Pooja;Female;33;Bangalore;;10/7/2023;;1;;;;USA
;Amit;Male;34;Ahmedabad;;;;1;;9544252524;9544252524;
C8011;Ravi;Male;;Hyderabad;3/11/2025;11/3/2022;4093.03;10;user8010mail.com;;;USA
;;Female;;Delhi;12/3/2025;8/8/2020;2290;;user8011mail.com;9724215981;9724215981;Canada
;;Male;;Bangalore;;1/5/2023;2755.25;1;;;;India
C8014;Simran;Female;53;Delhi;;;;1;;976996732;0976996732;India
C8015;Ankit;Male;;Bangalore;;1/7/2022;;10;user8014mail.com;;;USA
;Pooja;Female;28;Hyderabad;;;;10;;;;Canada
C8017;Sneha;Female;;;;9/3/2023;;3;user8016@mail.com;;;UK
C8018;;Female;19;Pune;9/11/2021;;;;user8017@mail.com;;;USA
C8019;;Female;;Ahmedabad;15/7/2025;;;10;user8018mail.com;;;Canada
C8020;Pooja;Male;;Hyderabad;;;;1;;;;India
C8021;Sneha;Female;;Pune;;;;10;user8020mail.com;9352152687;9352152687;USA
C8022;Neha;;23;Pune;20/10/2024;;4086.69;1;;;;UK
;Rahul;;64;Pune;;;3395.52;3;;96373538;0096373538;USA
C8024;Ravi;Female;;Bangalore;;1/11/2023;;;user8023mail.com;;;Canada
C8025;Simran;;65;Hyderabad;;3/10/2023;;1;;;;USA
;;Male;;Pune;5/7/2022;;2858.37;5;;;;Canada
C8027;Pooja;Female;;Mumbai;;;;1;user8026@mail.com;93125894;0093125894;UK
C8028;Ankit;Female;;Bangalore;11/7/2022;29/10/2020;;10;user8027mail.com;993579152;0993579152;Australia
;Neha;Female;;;15/4/2023;;;1;user8028@mail.com;974283345;0974283345;Canada
C8030;Amit;Female;;Bangalore;;;;1;user8029@mail.com;;;USA
C8031;;Female;;Chennai;9/3/2022;;;10;user8030mail.com;9134589834;9134589834;USA
;Priya;Female;;;3/11/2025;;;;user8031@mail.com;98557279;0098557279;Canada
;Priya;Female;;Ahmedabad;6/9/2020;;;10;user8032@mail.com;;;
C8034;Ravi;Female;;;;;;2;;;;USA
C8035;;Male;;Delhi;14/1/2026;;;;;;;
;Kiran;Male;44;Ahmedabad;;;4004.41;10;user8035@mail.com;9683333942;9683333942;Canada
C8037;;Male;;Chennai;19/7/2024;12/12/2020;;10;user8036mail.com;;;India
C8038;Rahul;Male;;Chennai;25/2/2025;14/8/2025;1933.98;;user8037@mail.com;;;USA
C8039;Pooja;Male;;Chennai;19/12/2021;19/3/2025;;10;user8038mail.com;;;India
C8040;Neha;;;Ahmedabad;;;;1;;992446859;0992446859;USA
;Priya;Male;;Bangalore;3/5/2024;;4075.3;10;user8040@mail.com;9659265471;9659265471;Canada
C8042;;Male;;Mumbai;;;;3;;;;India
C8043;;Female;;Kolkata;28/10/2023;1/4/2021;;1;;;;Australia
C8044;Amit;Female;;Ahmedabad;;;3336.74;10;user8043@mail.com;;;
C8045;Ravi;Male;22;Chennai;2/11/2022;19/3/2021;;1;user8044@mail.com;9287246796;9287246796;India
C8046;Ravi;Male;;Delhi;;;4563.13;2;user8045mail.com;;;
C8047;Neha;Female;;Bangalore;;;;10;;9656949966;9656949966;
C8048;Rahul;Female;28;Bangalore;6/5/2022;6/9/2024;;1;user8047mail.com;9611877461;9611877461;Australia
;;Male;44;Bangalore;;28/5/2021;;10;user8048@mail.com;;;Canada
;;Male;68;;;;;1;;;;UK
C8051;Pooja;Male;;Ahmedabad;;28/8/2023;829.38;;;;;Australia
C8052;Rahul;Female;;Hyderabad;6/12/2025;3/7/2021;699.81;1;user8051@mail.com;;;India
C8053;;Female;48;Pune;28/5/2022;24/2/2021;;;;;;UK
C8054;Priya;Female;36;Bangalore;9/5/2023;17/9/2025;2077.84;2;;;;Australia
;Rahul;Female;57;Ahmedabad;4/3/2023;5/5/2025;;1;;;;UK
C8056;Rahul;;;Kolkata;15/12/2023;;;10;user8055mail.com;;;
C8057;;Male;;Kolkata;12/7/2022;;;5;user8056@mail.com;;;Australia
C8058;Rahul;Male;;Kolkata;4/8/2024;;3500.3;1;;;;UK
C8059;Rahul;Male;;Pune;;;103.82;1;;;;
C8060;Ravi;Male;;;2/3/2024;;;;;915469483;0915469483;
;Priya;Male;;Chennai;25/11/2022;20/6/2024;;10;;;;Australia
C8062;Priya;;32;Pune;11/2/2021;22/12/2020;;;;;;India
C8063;Simran;;;Ahmedabad;;;;1;;;;Australia
C8064;Ravi;Female;25;Chennai;19/10/2023;16/12/2023;4404.27;10;user8063mail.com;;;
;;Male;;Hyderabad;;6/1/2025;;1;;;;Canada
C8066;Ravi;Female;;Pune;30/8/2020;10/11/2020;;10;user8065@mail.com;;;
C8067;Kiran;Female;;Mumbai;23/8/2021;11/10/2020;;;;;;India
C8068;Simran;Female;33;Kolkata;10/7/2024;13/11/2025;;10;;9913319299;9913319299;Canada
C8069;;Female;;Kolkata;;;1907.79;10;;;;Canada
C8070;Priya;Male;;Kolkata;;;;1;user8069@mail.com;;;UK
C8071;;Male;41;Pune;;;;;;9165724292;9165724292;
C8072;Kiran;;;Bangalore;;;;1;user8071@mail.com;966927624;0966927624;Australia
C8073;Pooja;Male;;Kolkata;7/3/2021;10/3/2022;1297.88;10;user8072@mail.com;;;Canada
C8074;Rahul;Male;;Bangalore;7/8/2020;14/5/2023;3372.72;2;;;;
C8075;Simran;Male;;Mumbai;;16/11/2023;;10;user8074@mail.com;921799971;0921799971;
C8076;Ravi;Female;;Bangalore;;23/12/2022;;1;;9234994972;9234994972;UK
C8077;Ankit;Female;;Kolkata;18/11/2023;;4562.8;1;;;;Canada
C8078;Priya;Male;;Hyderabad;;;;10;user8077@mail.com;;;Australia
;Priya;Male;;Kolkata;;25/10/2024;320.66;2;user8078@mail.com;;;
C8080;Amit;;;;30/8/2020;;;1;user8079@mail.com;9327879947;9327879947;
C8081;Neha;;63;;21/12/2021;8/2/2025;1318.68;;user8080@mail.com;;;UK
C8082;Neha;Male;45;Chennai;;;;;user8081@mail.com;;;
C8083;Priya;Male;;Kolkata;31/7/2024;31/1/2023;505.72;1;user8082@mail.com;;;Australia
C8084;Sneha;;;Bangalore;;;634.44;2;user8083@mail.com;91824559;0091824559;
C8085;Kiran;Female;;Chennai;22/6/2024;;712.52;;user8084mail.com;;;UK
C8086;Pooja;Male;;Delhi;;18/7/2023;;2;;;;
C8087;;Male;;Mumbai;16/1/2021;;;2;;;;USA
C8088;Simran;Male;38;Hyderabad;;;1160.3;2;user8087mail.com;;;
C8089;Amit;;;Delhi;;23/11/2020;;10;;;;Canada
C8090;Rahul;Female;;Bangalore;;;2424.16;;user8089@mail.com;;;
;Ravi;Female;;Kolkata;;12/5/2021;298.39;1;user8090mail.com;;;India
C8092;Simran;Female;;Pune;7/4/2023;;;4;;;;USA
C8093;;Female;;Hyderabad;;;;1;;;;Canada
C8094;Sneha;Male;;Chennai;12/2/2022;;;10;user8093mail.com;;;India
C8095;Ravi;Male;;Ahmedabad;6/6/2025;;;5;;;;USA
C8096;Ankit;Female;;Kolkata;16/5/2023;;;10;user8095mail.com;96111647;0096111647;UK
;Kiran;Male;;Pune;11/1/2024;14/12/2021;;;;9858453635;9858453635;Australia
C8098;Neha;Female;;Chennai;;;;1;user8097mail.com;;;
C8099;Rahul;Male;;Delhi;24/10/2024;;;1;;;;India
C8100;;Male;61;Chennai;22/8/2022;;;;user8099@mail.com;;;Canada
C8101;Kiran;Male;;Ahmedabad;;;;;user8100@mail.com;;;Australia
C8102;Priya;Male;;Hyderabad;;;;1;user8101mail.com;;;India
C8103;Pooja;;;Mumbai;13/8/2020;;;10;;979342974;0979342974;India
C8104;Sneha;Female;;Delhi;19/2/2021;;;1;;;;UK
C8105;;Male;;Kolkata;18/7/2024;;;5;;;;Canada
C8106;Ankit;Female;;Chennai;;;;1;user8105@mail.com;;;India
;Kiran;Male;22;Hyderabad;;13/4/2022;3873.35;;user8106mail.com;;;Australia
;Ankit;;;;5/1/2026;;;;;995861139;0995861139;Canada
C8109;Pooja;Female;45;Chennai;24/10/2020;20/11/2023;;10;;;;UK
C8110;Ankit;Male;;Bangalore;8/12/2022;29/8/2022;498.19;5;;966872518;0966872518;USA
C8111;Rahul;Male;;Delhi;;;;;user8110@mail.com;;;Australia
C8112;Pooja;;64;;6/11/2020;;4260.02;;user8111@mail.com;;;India
;Pooja;Female;;;;;;;;9642674728;9642674728;USA
;Sneha;Female;;Kolkata;;;;10;user8113@mail.com;;;Canada
C8115;Pooja;Female;;Ahmedabad;;;;1;user8114@mail.com;;;India
C8116;Ankit;;;Kolkata;22/4/2022;;;10;;;;Canada
C8117;Simran;Male;;Chennai;;;;1;;;;Australia
C8118;Sneha;Male;;Bangalore;;;;;user8117mail.com;;;
C8119;Amit;Male;48;Chennai;5/9/2022;20/10/2021;;10;user8118mail.com;;;Australia
C8120;Priya;;;Ahmedabad;;;;10;;;;Australia
;Kiran;;33;Kolkata;28/11/2022;;3280.74;10;;927446555;0927446555;
C8122;Kiran;Female;;;17/5/2025;31/12/2021;;;user8121@mail.com;968622746;0968622746;Australia
C8123;Sneha;Female;68;Ahmedabad;16/4/2025;;;3;user8122mail.com;;;Australia
C8124;Sneha;Male;53;Hyderabad;;22/11/2023;2829.72;2;;;;UK
C8125;Priya;Male;;Mumbai;;;4446.68;10;;;;India
C8126;Pooja;Male;;Bangalore;;;;;user8125@mail.com;;;Canada
C8127;Simran;Female;37;Mumbai;;;;1;;;;Australia
C8128;Rahul;Male;46;Hyderabad;18/6/2023;25/3/2022;;10;;;;India
C8129;;;;Mumbai;;;;;;;;Australia
C8130;Rahul;Male;;Hyderabad;27/10/2021;8/6/2025;;1;user8129mail.com;92317674;0092317674;
C8131;Simran;Female;;Kolkata;27/6/2022;;4120.08;2;;9889413657;9889413657;UK
C8132;;;;Hyderabad;;17/3/2025;;;user8131@mail.com;;;India
C8133;Pooja;Female;;;25/12/2021;;3982.84;5;user8132@mail.com;;;UK
C8134;Priya;Male;;Ahmedabad;;;1211.54;10;;;;
C8135;Pooja;Male;;Mumbai;24/6/2025;;4443.96;1;;;;India
C8136;Simran;Male;;Chennai;;;4101.06;1;;9312937221;9312937221;Canada
C8137;;Female;41;Ahmedabad;;6/1/2022;;;user8136@mail.com;954581383;0954581383;
C8138;Ravi;Male;;Hyderabad;5/8/2024;;;10;;;;UK
C8139;Kiran;Female;;Mumbai;;;;3;;;;USA
;Ankit;Male;;Ahmedabad;3/11/2022;;;1;;;;India
C8141;Amit;Female;;Mumbai;17/9/2021;15/11/2024;;1;;;;India
;Priya;;18;Kolkata;1/4/2025;27/5/2025;;5;;;;Canada
C8143;Simran;;;Mumbai;17/5/2022;1/4/2023;;;;9557992344;9557992344;India
;Ravi;Female;27;Hyderabad;16/5/2024;;;10;;;;India
C8145;Ankit;Male;25;;28/3/2022;;495.07;;user8144@mail.com;;;Canada
C8146;;Female;;Hyderabad;;;4903.44;1;user8145mail.com;;;Australia
;Ankit;Male;;Chennai;13/6/2023;13/4/2023;3596.01;4;user8146@mail.com;971896434;0971896434;Australia
C8148;Pooja;Male;;Ahmedabad;;;;1;user8147@mail.com;;;Australia
;;Female;36;Bangalore;29/5/2021;;1106.78;10;user8148mail.com;999662967;0999662967;India
C8150;Amit;Female;;Pune;;15/1/2022;;1;;9626711231;9626711231;India
C8151;Simran;Male;;Pune;;;;1;user8150@mail.com;954884229;0954884229;Canada
C8152;Amit;Female;22;Mumbai;13/6/2021;;;10;user8151@mail.com;;;
C8153;Amit;;24;Pune;;26/7/2024;;1;;96364818;0096364818;UK
;Ankit;Male;;Mumbai;;;;3;;;;USA
C8155;Neha;Female;;Bangalore;;;;;user8154mail.com;;;
C8156;;Female;67;Delhi;;28/10/2020;;1;user8155@mail.com;913994416;0913994416;Australia
C8157;Sneha;Female;;Kolkata;19/10/2020;;;;user8156@mail.com;;;Australia
C8158;Sneha;Male;60;Bangalore;7/12/2023;;2269.65;;user8157@mail.com;;;UK
C8159;Pooja;Female;;Chennai;9/3/2024;10/5/2022;1172.92;;user8158mail.com;;;UK
C8160;Simran;Female;;Hyderabad;;;;1;user8159mail.com;;;
C8161;;Male;40;Bangalore;10/3/2022;;;3;;9737294962;9737294962;USA
C8162;Kiran;Female;20;Pune;17/7/2023;6/2/2021;3335.45;1;user8161@mail.com;;;India
C8163;Simran;Female;;Chennai;;19/11/2021;;1;;;;UK
C8164;Rahul;Female;;Mumbai;26/11/2023;28/12/2024;;1;user8163@mail.com;;;Australia
C8165;Pooja;Female;46;Bangalore;;;;10;;9969688772;9969688772;USA
C8166;Neha;Female;;Mumbai;14/12/2024;;1021.06;10;user8165@mail.com;;;India
;;;;Pune;;2/1/2026;;;;;;USA
C8168;;Female;;Chennai;25/6/2025;;;;;;;UK
C8169;Ravi;;;Bangalore;;;;1;user8168mail.com;9231144389;9231144389;UK
C8170;Ravi;Female;56;Mumbai;;;4706.64;1;;;;UK
;;Female;68;Kolkata;19/12/2023;19/4/2025;273.14;3;;;;Canada
;Kiran;;26;Chennai;26/8/2025;;;;user8171@mail.com;;;Australia
C8173;Simran;;;Hyderabad;;25/10/2025;;;;;;USA
C8174;Ravi;Female;;Mumbai;;28/1/2025;4824.26;1;;;;India
C8175;;Female;57;Delhi;14/1/2021;;;1;user8174mail.com;982374226;0982374226;USA
C8176;Ravi;Male;27;;;10/7/2022;2965.67;;;;;Canada
C8177;Ankit;;44;Bangalore;;;;;;;;Australia
C8178;Pooja;Male;;Ahmedabad;10/11/2025;;;;user8177@mail.com;9288566955;9288566955;UK
C8179;Ravi;;;Chennai;19/8/2021;;;5;user8178@mail.com;;;
;Amit;Female;;Kolkata;4/9/2021;21/4/2022;2652.05;2;;;;
C8181;Sneha;Female;;Pune;;;3679.65;2;;;;Australia
C8182;Neha;Male;64;;22/5/2021;7/7/2023;;1;;;;UK
C8183;Rahul;Male;;Pune;14/3/2022;;;5;;;;Canada
;Ravi;Female;25;Delhi;;;;10;;;;USA
C8185;Priya;;;Hyderabad;8/2/2025;;;4;;;;
C8186;Simran;Female;61;Ahmedabad;16/8/2022;;;4;;;;Canada
C8187;Neha;;;Delhi;8/1/2021;;;1;user8186@mail.com;;;India
C8188;;Female;;Delhi;;;;1;user8187mail.com;;;India
C8189;Ankit;Female;;Bangalore;23/10/2023;;;5;;;;
C8190;;Male;;Ahmedabad;3/1/2025;20/1/2022;;10;;;;India
;Amit;Female;;Bangalore;15/6/2023;;;1;;;;India
C8192;Amit;Male;;Chennai;;19/8/2021;;;;;;India
C8193;Kiran;Female;;Chennai;10/9/2020;24/4/2021;;10;;978372342;0978372342;Australia
C8194;Sneha;;;Ahmedabad;;;;5;user8193mail.com;;;Canada
C8195;Ravi;Female;22;Kolkata;;29/7/2021;;10;;;;UK
C8196;Amit;Male;61;Mumbai;26/10/2023;;;4;user8195mail.com;;;USA
C8197;Pooja;;64;;;;;10;;;;UK
C8198;Priya;;;Chennai;;9/3/2022;4591.04;1;user8197@mail.com;9336891898;9336891898;Canada
C8199;Ravi;Female;;;15/6/2022;;;5;;;;USA
C8200;Simran;Male;;Bangalore;;1/9/2024;3557.91;1;;;;Australia
C8201;Simran;Male;;;8/11/2025;20/8/2020;;1;user8200mail.com;;;Australia
C8202;Ankit;Female;;Hyderabad;8/12/2025;;;10;;;;Australia
;;Male;;;12/4/2023;;4283.28;10;user8202@mail.com;;;UK
C8204;;Male;;Mumbai;;26/5/2022;;5;;;;
;Ankit;Female;;Ahmedabad;13/4/2021;9/2/2022;;10;;;;UK
C8206;Rahul;Female;;Chennai;;26/11/2021;;;user8205@mail.com;9412698478;9412698478;USA
C8207;Amit;Female;;Mumbai;9/1/2024;26/5/2022;;;user8206mail.com;;;UK
C8208;Sneha;Female;;Ahmedabad;;;;;;999455356;0999455356;USA
;;Female;;Mumbai;12/7/2022;;;1;user8208mail.com;;;
C8210;Rahul;;;Hyderabad;;;;1;;;;Canada
;Amit;;53;Mumbai;26/5/2025;;;5;;;;Canada
C8212;Amit;;;Mumbai;;;2777.94;;user8211@mail.com;;;Australia
C8213;Kiran;Male;;Delhi;23/7/2023;20/11/2021;;1;;;;Canada
C8214;;Female;;Hyderabad;20/6/2024;1/9/2022;3722.59;;user8213mail.com;;;Canada
C8215;Rahul;;;Ahmedabad;9/2/2023;;;10;;9552748795;9552748795;UK
C8216;Pooja;Female;;;;;1347.23;10;user8215mail.com;;;Canada
C8217;Simran;;48;Hyderabad;;22/9/2022;;1;user8216mail.com;;;Australia
C8218;Ravi;Male;;;;;;1;;;;UK
C8219;Ravi;Male;;Chennai;;12/10/2022;221.43;10;user8218mail.com;;;India
C8220;;Female;;Bangalore;;;1832.99;10;user8219mail.com;;;USA
C8221;Sneha;Male;;;;;;;;;;Canada
C8222;Rahul;;;Chennai;10/9/2023;21/4/2022;;10;user8221@mail.com;933724123;0933724123;Australia
;Kiran;Male;;Hyderabad;12/6/2023;16/9/2024;;;user8222mail.com;;;India
C8224;;Female;;Ahmedabad;;;;2;user8223mail.com;;;
C8225;;Female;;Ahmedabad;;8/5/2021;;1;;;;UK
C8226;Kiran;Female;;Bangalore;;;;10;user8225mail.com;;;
C8227;Sneha;Female;;Bangalore;;;;1;user8226mail.com;9219689255;9219689255;Australia
;Neha;Male;;Ahmedabad;;6/1/2023;;2;user8227@mail.com;;;UK
C8229;Amit;Female;;Chennai;2/1/2026;2/2/2021;4532.88;2;;;;Canada
C8230;Sneha;Male;;Hyderabad;;;;;user8229mail.com;91919653;0091919653;
C8231;Amit;Female;44;;9/8/2022;18/7/2024;;;user8230@mail.com;9151412628;9151412628;
;Sneha;Male;;Mumbai;7/1/2025;;;;user8231@mail.com;;;India
C8233;Pooja;Male;;Bangalore;;;;1;;;;
C8234;;;58;Pune;8/2/2025;30/7/2023;2460.06;3;;;;UK
;Kiran;Male;;Kolkata;;;;1;;;;USA
C8236;Rahul;Female;35;Mumbai;1/4/2022;;;;;913342174;0913342174;India
C8237;Neha;Female;;Bangalore;22/5/2024;;394.94;1;;984586595;0984586595;
C8238;Rahul;Male;37;Delhi;;;100.82;10;user8237mail.com;918125168;0918125168;UK
C8239;Rahul;Male;;Ahmedabad;28/8/2021;;;1;user8238mail.com;93675338;0093675338;Australia
C8240;Kiran;Female;43;Delhi;19/10/2024;25/7/2022;2533.1;1;user8239@mail.com;97773912;0097773912;Canada
;;Male;;Bangalore;7/11/2021;26/7/2023;;5;;;;UK
C8242;;Male;;Delhi;9/4/2025;9/4/2022;3059.15;10;user8241@mail.com;;;Australia
C8243;Simran;Male;56;Kolkata;;;;;user8242@mail.com;;;UK
;Amit;Female;;Mumbai;;;;;user8243@mail.com;;;USA
C8245;Kiran;Female;46;Bangalore;;;1366.49;;user8244@mail.com;;;Australia
C8246;Sneha;;;;;26/6/2024;;1;;9443919;0009443919;
C8247;Pooja;;;Bangalore;;;;10;;;;
;Amit;;;;;;4693.79;2;;;;
;;;;Bangalore;;;642.43;;user8248mail.com;;;Canada
C8250;Neha;Male;;Pune;;;2514.73;1;;;;USA
C8251;Ankit;Female;;Kolkata;6/4/2021;;4108.88;1;;;;UK
C8252;Pooja;Male;;Pune;4/5/2024;;;1;;;;USA
C8253;Ankit;;;Chennai;22/8/2020;17/5/2024;;10;user8252@mail.com;;;India
C8254;Simran;;;Mumbai;28/4/2023;;;5;user8253@mail.com;;;
C8255;Simran;Male;;Mumbai;12/9/2023;;511.9;3;;924962715;0924962715;UK
;Amit;Male;;;16/2/2023;12/12/2023;3170.53;1;;997832135;0997832135;USA
C8257;Amit;Male;;Mumbai;16/10/2025;;;10;;;;Canada
C8258;;Female;;Kolkata;8/12/2023;6/9/2020;;5;;;;UK
C8259;Rahul;;30;;;;;10;;;;UK
C8260;Neha;;;Mumbai;;;;1;;;;
C8261;Neha;Male;27;Ahmedabad;;31/8/2024;;1;user8260mail.com;;;Canada
C8262;Ankit;;;Ahmedabad;;;;1;;;;Australia
C8263;Neha;;40;Delhi;25/2/2024;14/3/2023;;1;;924857692;0924857692;Australia
C8264;Simran;Female;;Kolkata;;20/3/2024;;;;;;UK
;Ankit;Male;;Delhi;;;;3;user8264@mail.com;;;India
;Rahul;;62;Chennai;;;;10;user8265mail.com;;;
;Neha;Male;;Chennai;;27/8/2024;;;;;;Australia
C8268;Ravi;Male;;Bangalore;;;;;user8267@mail.com;917728916;0917728916;USA
C8269;Kiran;Male;;Pune;;;1191.32;;;;;India
C8270;Amit;Female;;Chennai;17/6/2021;;4392.51;1;;;;UK
C8271;Kiran;;64;Pune;;;;;user8270mail.com;;;India
;Simran;Female;67;Chennai;;21/8/2020;139.1;1;;;;UK
C8273;Sneha;Male;;Mumbai;25/5/2022;19/4/2023;;5;user8272mail.com;9723582478;9723582478;UK
C8274;Pooja;Female;51;Hyderabad;;1/5/2025;;1;user8273mail.com;;;India
C8275;Ravi;Male;;Chennai;30/5/2024;;4474.86;10;;;;Australia
C8276;Ankit;Female;;Pune;11/1/2025;;;1;user8275@mail.com;;;
C8277;Ravi;Female;;Chennai;16/10/2022;;;1;;957883217;0957883217;
C8278;Pooja;Female;;Kolkata;18/7/2021;;;10;;;;USA
C8279;Ravi;Female;;Hyderabad;;1/1/2026;;10;user8278mail.com;;;Canada
C8280;Simran;Female;;Pune;1/6/2023;;193.58;2;user8279mail.com;;;Australia
C8281;Neha;Female;;Chennai;2/4/2023;;;1;;;;India
C8282;Kiran;Female;52;Chennai;2/5/2025;6/2/2023;;;user8281mail.com;;;UK
C8283;Ankit;Female;;Mumbai;;;;;;;;Canada
C8284;Sneha;Male;;Delhi;;;;1;user8283mail.com;977153932;0977153932;India
C8285;Simran;Female;;Pune;;;;;user8284@mail.com;995123448;0995123448;India
C8286;Priya;Female;;Pune;4/12/2023;16/4/2021;1966.02;2;user8285mail.com;;;
C8287;Amit;Female;;Bangalore;;;;;user8286@mail.com;;;USA
C8288;Ravi;Male;;;;;;10;;;;India
;Pooja;Female;;Pune;;;;2;;;;India
C8290;Ankit;;;Mumbai;10/3/2023;10/2/2024;;1;user8289mail.com;;;India
C8291;Rahul;Female;;Kolkata;26/5/2023;;;;;;;UK
;Kiran;Female;;Ahmedabad;;8/7/2021;930.48;10;user8291@mail.com;;;Australia
;Kiran;Female;;Mumbai;18/7/2023;27/5/2022;;1;;;;India
C8294;Sneha;Female;60;Mumbai;;;;10;;;;Australia
C8295;Pooja;Male;;Delhi;;13/10/2020;4070.71;5;user8294@mail.com;;;USA
C8296;;Male;25;Hyderabad;;29/12/2021;;4;;;;
C8297;Kiran;Female;;Mumbai;;;;4;user8296mail.com;9465869;0009465869;India
C8298;Neha;Female;;Hyderabad;10/10/2025;13/12/2020;;1;;;;UK
C8299;Ankit;Male;;;8/1/2021;9/11/2020;;4;user8298@mail.com;;;UK
C8300;;Female;;Mumbai;22/10/2021;11/5/2022;2069.65;4;user8299@mail.com;;;Canada
;Pooja;Male;;Delhi;;25/4/2025;;3;user8300mail.com;;;
;;Female;41;Hyderabad;;;;;user8301mail.com;;;Canada
C8303;Rahul;Female;;Hyderabad;;;;10;user8302mail.com;996759823;0996759823;India
C8304;;Male;;Kolkata;18/1/2022;20/8/2021;;4;user8303mail.com;;;USA
C8305;;Male;20;Pune;22/4/2022;;;;user8304mail.com;;;Australia
;Sneha;Female;;Mumbai;;;;1;user8305mail.com;;;USA
C8307;Ankit;Male;38;Mumbai;;;2956.61;2;user8306mail.com;;;India
C8308;Rahul;Male;;Delhi;;18/8/2020;2669.99;1;user8307mail.com;;;USA
C8309;Ravi;;;Ahmedabad;;;;;;;;
C8310;Sneha;Female;;Mumbai;;;;1;user8309@mail.com;99665451;0099665451;India
C8311;Kiran;Female;34;Chennai;20/5/2021;3/2/2023;;10;user8310@mail.com;;;
C8312;;Male;;Chennai;;27/5/2025;;;user8311@mail.com;9711588588;9711588588;UK
C8313;;Male;41;Delhi;;2/3/2022;3238.61;1;user8312@mail.com;9129729342;9129729342;India
;Kiran;Male;65;Bangalore;21/11/2025;;;;user8313@mail.com;;;Canada
;;;;Pune;13/2/2025;16/10/2020;;3;;;;
C8316;Kiran;;;Chennai;;;;1;;;;USA
C8317;Ankit;Male;;Ahmedabad;16/8/2020;;2586.84;;;979444119;0979444119;
C8318;;Male;;Delhi;;;;1;user8317@mail.com;;;UK
C8319;Ravi;Male;;Kolkata;;;;4;user8318mail.com;;;Australia
C8320;Priya;Male;;Delhi;;;;5;user8319mail.com;95382313;0095382313;
;;Female;;Chennai;20/8/2021;26/1/2025;;1;user8320@mail.com;9284529517;9284529517;
C8322;Neha;Female;;;;;;;user8321mail.com;;;India
C8323;Neha;Male;;Bangalore;;;;10;;;;USA
C8324;Amit;Male;;Chennai;;;709.9;1;;;;UK
C8325;Priya;Male;;Kolkata;6/12/2024;;;;;975436435;0975436435;USA
C8326;Neha;Male;;;;;2371.01;10;user8325mail.com;9117225564;9117225564;Australia
C8327;Rahul;Female;;Chennai;5/12/2021;7/1/2024;;3;;;;USA
C8328;Sneha;Female;;Bangalore;;;;1;user8327@mail.com;;;UK
C8329;Amit;Female;;Delhi;;;;5;;96383327;0096383327;India
C8330;Priya;Female;;Chennai;11/8/2022;7/8/2024;;1;;;;Australia
;Priya;;;Bangalore;8/7/2025;1/6/2022;;1;;;;
C8332;Amit;Female;24;Kolkata;;;209.16;;;;;Australia
;;Female;;;;14/12/2022;3066.12;1;;;;UK
C8334;Ankit;Female;;Bangalore;;;;4;;;;Australia
C8335;Neha;Male;;Ahmedabad;;;4608.12;10;user8334@mail.com;;;Canada
C8336;Pooja;Female;69;Chennai;;;;;;996256287;0996256287;UK
C8337;Rahul;Female;;Bangalore;;;;1;user8336@mail.com;;;India
C8338;Ankit;Female;;;30/1/2021;;735.83;;;9435534929;9435534929;India
C8339;Neha;Female;;Delhi;30/5/2022;;;;user8338@mail.com;;;Australia
C8340;Kiran;Male;;Mumbai;1/10/2025;;;10;user8339@mail.com;91446346;0091446346;USA
C8341;Priya;Male;;Ahmedabad;;20/10/2025;;10;;9965851179;9965851179;Australia
;Sneha;Male;;Hyderabad;22/7/2025;;3015.68;;;969718895;0969718895;
;;Male;37;Bangalore;;;;2;;;;Australia
;Ravi;Male;;Hyderabad;;;;;;953452132;0953452132;
C8345;Kiran;Female;58;Hyderabad;24/4/2022;;;1;user8344mail.com;983568622;0983568622;
C8346;Pooja;Female;;;;;1013.85;1;;919381543;0919381543;India
C8347;Priya;;33;Chennai;7/12/2022;;2045.09;;user8346mail.com;;;Australia
C8348;Ankit;Male;32;Ahmedabad;18/3/2022;;;10;;;;UK
;;Male;;Kolkata;11/7/2022;;3007.11;1;user8348@mail.com;;;Canada
C8350;Ankit;Female;;Kolkata;;19/3/2023;;2;;9778224366;9778224366;
;Amit;;;Chennai;15/1/2021;4/4/2023;;10;;979746866;0979746866;India
C8352;Rahul;Female;;Ahmedabad;9/3/2024;;;1;;;;UK
C8353;;Male;;Delhi;24/12/2023;;80.71;10;user8352@mail.com;;;India
C8354;Priya;Male;;;;16/10/2024;;1;user8353mail.com;9227136146;9227136146;Canada
C8355;;Male;;Kolkata;;;;10;;;;India
;;Female;;Ahmedabad;19/4/2024;;;3;user8355@mail.com;;;
C8357;Sneha;Male;;Delhi;;13/7/2023;;;user8356mail.com;;;USA
C8358;Ankit;Female;;;3/5/2022;;;;user8357mail.com;9622977433;9622977433;Australia
C8359;Ravi;Male;;Pune;;29/12/2023;;10;;;;Canada
C8360;Ankit;Male;;Pune;1/12/2025;;;;;9799654848;9799654848;India
C8361;Rahul;Female;;Kolkata;;18/2/2025;;1;;;;India
C8362;;;40;Hyderabad;16/4/2022;2/8/2024;;;;;;India
C8363;Sneha;;20;Delhi;;13/5/2023;;1;user8362@mail.com;;;UK
C8364;Ankit;;;Pune;29/3/2025;6/6/2021;;10;;;;Canada
;Neha;Female;64;Bangalore;;;;;user8364@mail.com;;;India
C8366;;Male;;Delhi;;;1454.83;1;user8365@mail.com;;;Canada
C8367;Rahul;Female;;Pune;6/9/2025;20/6/2024;;1;user8366mail.com;;;UK
C8368;Sneha;Female;;;9/5/2025;;;10;user8367@mail.com;;;Canada
C8369;Rahul;Male;;Kolkata;;23/5/2024;;5;user8368@mail.com;;;UK
;Amit;;;;14/3/2023;;;1;user8369mail.com;;;UK
C8371;Sneha;Male;;Bangalore;17/5/2022;;4951.8;1;user8370mail.com;9824114521;9824114521;
C8372;Amit;Male;;Ahmedabad;;20/8/2023;;3;;;;UK
C8373;Ankit;Female;59;Kolkata;;;;3;;92254792;0092254792;Australia
C8374;Rahul;Female;;Chennai;26/10/2024;;;5;;9856322913;9856322913;India
C8375;Rahul;Female;60;Chennai;;;;10;user8374@mail.com;;;Canada
;Ravi;Male;49;Ahmedabad;;;968.43;3;;;;Canada
C8377;Rahul;Female;;Bangalore;18/10/2021;;;1;user8376@mail.com;;;Canada
C8378;Rahul;;41;Delhi;1/7/2023;;;10;;;;
C8379;Simran;Male;;Chennai;22/9/2023;7/3/2025;;2;;;;USA
;Ankit;Female;;Pune;;;1896.5;10;user8379@mail.com;;;Australia
C8381;Rahul;Male;;;;13/8/2020;532.99;1;;;;
C8382;Priya;Male;27;Chennai;29/5/2024;28/3/2021;2508.6;1;;;;Canada
;Neha;Female;58;Hyderabad;;11/8/2020;;1;;;;UK
C8384;Ankit;Male;;Delhi;;;;1;user8383mail.com;;;Canada
;Neha;Female;;Pune;;30/5/2024;;2;user8384@mail.com;9795294519;9795294519;India
;Ankit;;54;Chennai;27/6/2023;;;1;;9969922527;9969922527;India
;Pooja;Male;;Bangalore;;;;;user8386@mail.com;9134182541;9134182541;
C8388;;Female;;Bangalore;20/5/2023;26/6/2024;;1;;;;Australia
C8389;Pooja;;70;Delhi;;;;1;user8388mail.com;;;USA
;Sneha;;;;;;;;;;;Australia
C8391;Ravi;Male;;Mumbai;21/10/2025;9/5/2024;;1;user8390@mail.com;9532326798;9532326798;UK
C8392;;;;Pune;12/10/2025;;2214.43;1;user8391@mail.com;;;India
C8393;Ankit;Female;35;;23/2/2025;6/9/2025;;;user8392mail.com;9872562761;9872562761;USA
C8394;Simran;Female;;;18/8/2024;;;1;user8393mail.com;;;USA
C8395;Pooja;Male;;Hyderabad;;11/1/2026;;;;9323668733;9323668733;India
C8396;;;;Hyderabad;2/7/2022;;;1;user8395@mail.com;;;UK
;;Female;19;Bangalore;;;;2;user8396@mail.com;;;India
C8398;Sneha;Male;;Kolkata;;;;;user8397@mail.com;;;USA
;Sneha;;;Mumbai;19/4/2025;;;1;user8398@mail.com;;;Canada
C8400;Ravi;;58;;;;;;;;;Canada
;;Male;58;Bangalore;;;;;user8400mail.com;;;Australia
;Ravi;Male;;;;;4511.74;1;;;;
C8403;Pooja;;;Mumbai;1/6/2025;;478.58;;user8402mail.com;963569545;0963569545;Australia
C8404;Amit;Male;;;;;;;user8403mail.com;91729285;0091729285;Canada
C8405;Priya;Female;;Chennai;24/11/2025;9/9/2023;;;user8404mail.com;929715221;0929715221;Canada
C8406;Neha;Male;;Mumbai;;;;1;;;;India
;;;;Pune;;;;1;user8406@mail.com;;;India
;Pooja;Male;;Mumbai;;;;5;;;;Australia
;Neha;Female;23;Kolkata;;;;4;;953648238;0953648238;USA
C8410;Ankit;Female;;;22/7/2025;;;1;;;;Australia
C8411;Neha;;20;Ahmedabad;13/11/2024;;;;;932845579;0932845579;India
;Priya;Female;23;Chennai;;;;1;user8411@mail.com;993826365;0993826365;
C8413;Ravi;Male;;Ahmedabad;16/3/2021;;;1;;;;USA
C8414;Neha;Female;;Pune;14/4/2022;23/12/2020;;1;;955235254;0955235254;Canada
C8415;Ankit;Male;;Kolkata;;;;1;;;;UK
C8416;Priya;Male;;Mumbai;;;;3;;;;
C8417;;Male;;Chennai;;3/8/2024;;1;;;;
C8418;Ankit;;28;Kolkata;3/3/2024;29/5/2025;;1;user8417@mail.com;9712781;0009712781;USA
;Sneha;Male;;Delhi;;;1536.71;1;user8418mail.com;;;India
C8420;Rahul;;;Ahmedabad;16/12/2021;;;;;9922179651;9922179651;India
C8421;Rahul;;;Pune;5/4/2021;13/11/2025;;1;user8420mail.com;;;Australia
C8422;Pooja;Male;27;;2/9/2024;25/8/2020;;1;user8421@mail.com;;;
;Ravi;Female;;Delhi;26/6/2023;;2087.71;5;user8422@mail.com;9971276549;9971276549;Canada
C8424;Pooja;;;Hyderabad;;;3535.63;1;user8423mail.com;;;India
;Priya;Female;;Hyderabad;19/1/2026;;;1;;;;
C8426;Pooja;;44;Pune;25/8/2020;24/11/2020;;5;user8425@mail.com;9191478652;9191478652;India
C8427;Pooja;;;Ahmedabad;;;;1;user8426mail.com;;;USA
C8428;;Male;;Ahmedabad;;;;10;user8427mail.com;;;Australia
C8429;Ravi;Female;;Pune;17/1/2022;8/11/2021;;10;user8428@mail.com;9677665264;9677665264;USA
C8430;Pooja;Male;36;Mumbai;;4/5/2025;;5;user8429mail.com;;;UK
C8431;Ankit;;;Ahmedabad;13/9/2022;8/9/2022;;2;user8430mail.com;995515967;0995515967;USA
C8432;Ankit;Male;;Pune;;;;;user8431mail.com;;;Australia
C8433;Neha;Female;;;;;;10;;971296615;0971296615;Canada
C8434;Priya;Male;;Hyderabad;21/1/2021;7/2/2022;2769.07;4;;;;Australia
;Ravi;;;Delhi;29/6/2025;;;10;user8434mail.com;957567564;0957567564;USA
C8436;Kiran;;;Delhi;6/9/2021;;;;user8435mail.com;;;
C8437;Kiran;;;;;;;10;user8436@mail.com;9915112629;9915112629;
C8438;Ankit;Female;;Hyderabad;12/4/2022;28/9/2025;;1;;;;UK
C8439;Amit;;24;Hyderabad;25/1/2022;;;1;user8438@mail.com;;;Australia
C8440;;Female;;Mumbai;;;;1;;974756848;0974756848;USA
;Rahul;Male;;Chennai;7/7/2023;;;10;user8440@mail.com;;;Australia
C8442;Kiran;;;Bangalore;1/9/2024;;713.89;2;user8441@mail.com;;;Australia
C8443;;Female;;Kolkata;1/8/2021;20/12/2020;4554.76;1;user8442mail.com;;;India
C8444;;Male;;Bangalore;25/3/2023;;;1;;961872668;0961872668;
;Simran;Female;;Bangalore;;;;3;;;;USA
C8446;;Male;;Kolkata;18/5/2023;5/4/2021;472.96;;;;;
C8447;Rahul;;;Bangalore;24/12/2024;;;1;;925534792;0925534792;
C8448;Sneha;Female;;Delhi;3/4/2022;;;10;;;;India
C8449;Sneha;Male;;Hyderabad;;15/10/2024;;5;user8448@mail.com;;;Australia
;Ankit;Male;;;;;;10;;9299157171;9299157171;Australia
;Sneha;Female;58;Bangalore;2/12/2024;23/3/2023;;5;user8450@mail.com;;;
;Ravi;Female;;Chennai;;;;2;;975795524;0975795524;
C8453;Sneha;Male;;Kolkata;;;;10;user8452@mail.com;;;India
;Ravi;;;Pune;30/10/2021;4/1/2023;446.1;10;user8453mail.com;;;USA
C8455;Simran;Female;;Delhi;21/10/2020;9/3/2023;;1;user8454@mail.com;9175558898;9175558898;Australia
C8456;Ravi;;;Pune;4/10/2020;;;10;;;;
C8457;Neha;Male;;Chennai;;;;1;;;;India
;Rahul;Female;;Chennai;9/4/2021;;;1;user8457@mail.com;;;
C8459;Simran;;;Mumbai;19/12/2024;3/2/2023;;;;;;India
C8460;Neha;;41;;;;;;user8459mail.com;945794976;0945794976;UK
C8461;;Female;;Kolkata;;28/10/2021;;2;user8460@mail.com;;;Australia
C8462;Pooja;;;Chennai;20/11/2023;23/6/2023;;;user8461@mail.com;97329519;0097329519;Australia
C8463;Sneha;Male;;Bangalore;5/5/2023;;;5;user8462mail.com;;;USA
C8464;Amit;Female;;Bangalore;5/10/2023;21/9/2020;;1;user8463mail.com;9936726542;9936726542;Canada
C8465;Rahul;Male;;Chennai;10/8/2020;;4931.44;;user8464@mail.com;91218169;0091218169;
C8466;Ravi;Male;;Hyderabad;11/4/2023;16/5/2021;;1;user8465mail.com;9427535657;9427535657;Canada
C8467;Ravi;;;;;;;;user8466@mail.com;;;UK
C8468;Neha;Male;;Delhi;29/6/2023;;;3;;;;USA
C8469;Amit;;43;Chennai;;;;;;;;USA
C8470;Pooja;;;Ahmedabad;;10/2/2025;472.1;;;;;Canada
C8471;Simran;;;Delhi;;;;;user8470@mail.com;;;Canada
C8472;Ravi;;;Ahmedabad;;16/4/2022;;;user8471@mail.com;;;USA
C8473;Kiran;;58;Chennai;1/11/2022;7/5/2022;4969.21;3;user8472mail.com;985796637;0985796637;USA
C8474;Ankit;Male;;Bangalore;3/5/2025;;;1;user8473mail.com;;;Canada
C8475;Neha;Female;43;Pune;21/8/2021;;4526.59;;user8474mail.com;9354489824;9354489824;UK
C8476;Simran;Male;;Chennai;;;;1;user8475mail.com;;;
C8477;Simran;Male;;Bangalore;;;3494.25;;user8476@mail.com;;;USA
;Ankit;Female;;;;;;1;user8477mail.com;;;UK
C8479;;Female;;Ahmedabad;11/8/2025;3/1/2026;;;;9318526872;9318526872;India
C8480;Sneha;Female;;;;;2366.67;10;user8479mail.com;;;
;Simran;Male;68;Delhi;9/12/2020;18/1/2021;;1;;;;USA
;;Female;;Kolkata;5/12/2020;;;;user8481@mail.com;;;India
C8483;Pooja;;;Hyderabad;;;1120.69;1;user8482@mail.com;;;USA
C8484;Amit;Female;;Pune;;;;;user8483@mail.com;;;India
C8485;;Female;;Mumbai;14/12/2020;;;10;user8484@mail.com;9489891876;9489891876;
C8486;Neha;Male;47;Chennai;9/11/2021;;3193.84;10;;;;UK
C8487;Pooja;;;Chennai;;12/11/2023;;;;;;USA
C8488;Sneha;Female;;Bangalore;;;;1;user8487mail.com;;;Australia
C8489;Sneha;Male;;Bangalore;24/8/2021;;;2;;;;UK
C8490;Neha;Female;36;Ahmedabad;;2/12/2022;;1;user8489mail.com;;;Australia
C8491;Amit;Male;56;Delhi;27/7/2021;;;10;;;;USA
C8492;Sneha;;56;Hyderabad;;4/12/2025;;3;user8491mail.com;;;
C8493;;Female;22;Mumbai;;24/10/2022;;1;;;;Australia
C8494;Priya;Female;;Hyderabad;5/5/2024;;;;;;;Canada
C8495;Amit;;40;Kolkata;2/2/2022;;1971.75;10;user8494@mail.com;921977846;0921977846;Canada
;Sneha;Male;;Hyderabad;;7/10/2024;;;;;;Canada
;Amit;Female;;Kolkata;;;;;user8496mail.com;;;Canada
;Simran;Female;42;Mumbai;;;;1;;96712849;0096712849;India
C8499;Simran;Male;46;Mumbai;;21/11/2022;2636.37;;user8498@mail.com;;;Australia
C8500;Simran;;;Mumbai;;1/9/2022;;1;;;;USA
C8501;;;65;Delhi;27/12/2025;22/11/2022;;;user8500@mail.com;;;Australia
C8502;Priya;Male;;Ahmedabad;;;;5;user8501mail.com;98432297;0098432297;India
C8503;Ankit;Female;;Ahmedabad;21/1/2021;9/9/2025;2150.14;10;user8502mail.com;;;Canada
;Simran;;;Hyderabad;7/6/2021;;3503.9;;;;;Australia
C8505;Rahul;Female;38;Delhi;;;;10;;978957771;0978957771;USA
;Ravi;Male;67;Bangalore;;;1648.99;1;;;;USA
C8507;Ravi;;52;Bangalore;;;;1;;;;India
C8508;Rahul;;;Mumbai;18/9/2023;;;3;;;;Australia
;Amit;Male;53;Ahmedabad;;;;;;9689243178;9689243178;UK
C8510;;Female;;Chennai;;22/9/2025;;1;user8509@mail.com;;;UK
C8511;Rahul;Male;;Mumbai;17/10/2022;;;10;;;;USA
C8512;Kiran;Male;;Ahmedabad;;21/11/2024;2492.94;2;user8511@mail.com;;;
C8513;Ravi;Male;;Mumbai;;7/1/2022;1696.05;3;;;;Australia
C8514;Sneha;;;Delhi;11/7/2022;;;10;user8513mail.com;;;
C8515;Pooja;Female;;Kolkata;;;;10;user8514mail.com;;;UK
;Neha;Male;;Pune;;;;;;;;Australia
C8517;Kiran;;61;Kolkata;;;;;user8516@mail.com;95256673;0095256673;
C8518;;Male;;Kolkata;2/5/2022;;504.75;5;;;;Australia
C8519;Neha;;;Pune;12/2/2025;;3114.54;3;;;;Canada
C8520;Ravi;;29;Delhi;;27/7/2023;1095.37;1;;;;Australia
C8521;Rahul;Female;;Chennai;;;;3;;;;UK
C8522;;Female;;Ahmedabad;;1/3/2025;4367;3;user8521mail.com;;;Canada
;Ankit;Male;43;;27/10/2023;14/11/2020;;10;user8522mail.com;;;USA
C8524;;Female;;Bangalore;;;4301.73;10;;;;Canada
C8525;Priya;;;Bangalore;;;;;user8524@mail.com;93812151;0093812151;Australia
C8526;Ankit;Male;;Bangalore;15/2/2023;;3715.13;10;;915582222;0915582222;Canada
C8527;Kiran;Female;27;Pune;;8/5/2023;;1;user8526mail.com;;;USA
C8528;Simran;Female;;Pune;20/6/2022;19/6/2025;;4;;;;
;Rahul;Female;;Ahmedabad;;23/12/2024;;1;;;;
C8530;Rahul;Female;;Chennai;;;;;user8529@mail.com;9858826;0009858826;India
C8531;Sneha;Female;24;Ahmedabad;26/10/2022;;2338.45;1;;;;
C8532;;Male;18;Hyderabad;;;;1;user8531@mail.com;;;Canada
C8533;Amit;Female;;Chennai;5/4/2025;30/1/2021;;5;user8532@mail.com;99119169;0099119169;USA
C8534;Ankit;Female;;Hyderabad;;;;;user8533@mail.com;;;Canada
C8535;Ravi;Male;;Chennai;28/12/2025;9/3/2024;;3;;;;
C8536;Pooja;Male;;Bangalore;3/2/2023;;;1;user8535@mail.com;;;Australia
C8537;;;;Hyderabad;;12/9/2023;;;user8536@mail.com;993416393;0993416393;Australia
;Priya;;;Chennai;21/10/2023;;4108.23;10;;;;USA
C8539;;Female;;Hyderabad;;12/12/2020;2708.93;;;;;India
;;Female;54;Bangalore;19/12/2020;8/6/2022;412.92;10;;9482723823;9482723823;UK
;Simran;Male;;Delhi;29/10/2021;;;;;;;UK
C8542;Neha;Male;48;Bangalore;23/12/2024;;;1;user8541mail.com;;;Canada
C8543;Pooja;Female;;Bangalore;23/7/2023;;;1;user8542mail.com;9693156239;9693156239;India
C8544;Simran;Female;41;Delhi;;;;1;;9531889458;9531889458;UK
C8545;;Female;69;Chennai;19/11/2024;;;10;;;;Canada
C8546;Neha;;21;Mumbai;15/8/2025;;;10;user8545@mail.com;;;USA
;Simran;Female;;Mumbai;27/8/2024;5/11/2021;;10;user8546@mail.com;;;India
;Neha;Female;;Pune;11/7/2025;;;3;;;;USA
;Neha;Female;;Bangalore;;;3386.15;10;;;;Australia
C8550;Pooja;Female;;Bangalore;;;;3;;;;UK
C8551;Sneha;Female;;Ahmedabad;29/11/2025;;;10;;;;India
C8552;Rahul;;;Chennai;;27/5/2021;;10;user8551@mail.com;998828575;0998828575;UK
C8553;;Female;;Kolkata;7/1/2023;;;10;user8552mail.com;;;Canada
C8554;Amit;Male;;Kolkata;;;;10;;;;UK
;Kiran;;36;Chennai;9/8/2020;6/3/2025;;10;user8554mail.com;987172151;0987172151;USA
C8556;Amit;Female;44;Chennai;;19/10/2025;;1;;978614779;0978614779;Canada
;Neha;;;Kolkata;27/8/2023;23/11/2024;3922.4;1;user8556mail.com;;;USA
;Sneha;Female;;Delhi;26/7/2022;21/4/2023;;1;user8557@mail.com;;;Australia
C8559;;;;Ahmedabad;20/7/2024;;;10;user8558mail.com;;;USA
C8560;Priya;Female;;Delhi;;25/12/2024;;10;user8559@mail.com;;;
;Ankit;Female;;Mumbai;27/7/2024;;;1;user8560@mail.com;;;Canada
C8562;Simran;Female;;Chennai;;;2778.93;10;user8561@mail.com;958497923;0958497923;
C8563;;Male;;Pune;7/4/2025;;;1;user8562@mail.com;;;
C8564;Amit;Male;;Delhi;12/6/2024;6/6/2023;;;;;;Australia
C8565;Amit;;;;;;4800.2;3;;;;
C8566;;Female;;Pune;;;;;;;;
C8567;Sneha;;64;Chennai;;;;4;;;;UK
C8568;Simran;Female;;Bangalore;;;;10;user8567@mail.com;;;Australia
C8569;Neha;Male;;Ahmedabad;;17/9/2025;;;;9395218636;9395218636;UK
C8570;;;;Delhi;28/9/2021;;2378.45;3;;;;India
C8571;Pooja;Female;47;;;17/11/2020;;10;;958634229;0958634229;
;Ankit;Female;;Bangalore;4/5/2024;;;10;user8571mail.com;9622941735;9622941735;Australia
C8573;Ankit;Male;;Delhi;27/9/2023;;4762.42;;user8572@mail.com;;;UK
C8574;Priya;;45;Chennai;;;;1;user8573@mail.com;;;Australia
C8575;Kiran;;;Chennai;17/10/2024;;;10;;918178315;0918178315;Canada
C8576;Simran;Female;;Chennai;;;;1;user8575mail.com;;;Australia
C8577;Neha;Female;35;Delhi;;;;2;user8576@mail.com;949694942;0949694942;USA
;Ravi;Male;;Chennai;24/2/2023;;;1;;9397573691;9397573691;USA
;Sneha;Female;;Delhi;17/11/2023;30/11/2022;;1;user8578@mail.com;;;Australia
;Priya;Female;51;Kolkata;;;;1;;;;
;;;;Mumbai;;;;10;user8580mail.com;9345961292;9345961292;UK
C8582;Ravi;Female;;Kolkata;5/3/2025;12/4/2025;;1;;;;
;Simran;;;Kolkata;;;;4;user8582@mail.com;;;USA
C8584;Simran;;41;;;30/1/2022;;1;user8583@mail.com;;;USA
;Simran;Male;;Pune;;;;;;;;
;Priya;Male;;Pune;;;;10;user8585mail.com;;;Australia
C8587;Ravi;Male;;Bangalore;3/12/2024;20/3/2022;;10;;;;Australia
C8588;Ravi;Female;;Ahmedabad;5/7/2024;;;;;;;Canada
C8589;Neha;Male;;Ahmedabad;30/3/2021;29/10/2020;;1;;;;USA
C8590;Simran;Male;;Kolkata;7/8/2025;2/11/2023;;10;;9372258556;9372258556;Canada
;Simran;Male;;Hyderabad;28/8/2022;;;10;user8590mail.com;9167578854;9167578854;USA
C8592;Amit;Male;28;Hyderabad;7/1/2025;;;10;user8591mail.com;9163494;0009163494;
C8593;Pooja;Female;69;Delhi;;13/9/2024;;1;user8592@mail.com;;;USA
C8594;Sneha;;28;Ahmedabad;27/3/2022;;2804.72;;;;;Canada
C8595;;Male;;;;;;1;user8594@mail.com;;;India
C8596;Amit;Female;;Delhi;20/12/2022;;;1;user8595mail.com;;;
C8597;Pooja;Male;;Delhi;9/5/2023;;4517.97;;user8596mail.com;;;Australia
;Priya;;52;Mumbai;;;;;user8597mail.com;9396547383;9396547383;Canada
;Ankit;Female;;Pune;;;;10;;;;UK
;Sneha;Female;;;;;1045.64;10;user8599@mail.com;;;UK
C8601;Sneha;Female;;;;6/9/2022;;;;964976992;0964976992;UK
C8602;Kiran;Female;;;8/9/2025;;;10;user8601mail.com;;;India
C8603;Priya;Male;;Bangalore;;;;1;;95516429;0095516429;Canada
C8604;;;25;Delhi;6/6/2023;24/2/2023;;1;;;;USA
C8605;Ankit;Male;24;;23/5/2021;;1940.98;;user8604mail.com;;;Australia
;Neha;;;;29/6/2025;24/10/2025;4032.71;1;user8605@mail.com;;;
C8607;Kiran;Female;29;Kolkata;;;4040.39;10;user8606mail.com;;;USA
;Amit;;;Pune;;;;3;;97268215;0097268215;USA
C8609;Pooja;Male;45;Hyderabad;27/11/2024;;;10;user8608@mail.com;;;USA
C8610;;Female;;Hyderabad;;;1810.64;;user8609mail.com;;;USA
C8611;Rahul;Female;;Ahmedabad;;;;3;user8610@mail.com;;;UK
C8612;Neha;;29;Pune;11/2/2023;;;;user8611@mail.com;;;Canada
C8613;;;;Mumbai;9/12/2025;;;;user8612@mail.com;;;Australia
C8614;Simran;Male;;Bangalore;;15/3/2023;442.53;3;;;;India
C8615;Sneha;Male;18;Hyderabad;3/9/2022;;;1;user8614@mail.com;919445544;0919445544;UK
C8616;Kiran;Male;;Hyderabad;6/6/2021;;;3;user8615mail.com;;;Canada
C8617;;Male;67;Hyderabad;;;;3;user8616@mail.com;;;USA
C8618;Sneha;Male;;Delhi;18/5/2021;;518.97;10;;;;
C8619;Sneha;Female;;Kolkata;29/3/2022;;961.98;1;;;;USA
;Pooja;Male;;Hyderabad;;13/10/2022;80.19;10;user8619@mail.com;;;Australia
;Amit;;;Delhi;;;4324.14;10;;;;UK
C8622;Priya;Male;;Bangalore;;;;1;user8621mail.com;;;USA
C8623;Rahul;;;Chennai;20/3/2025;18/9/2023;;10;;9778919496;9778919496;USA
;Neha;Male;;Mumbai;;;4851.08;;user8623mail.com;;;UK
;Kiran;Male;68;Delhi;2/12/2021;15/10/2023;;1;user8624mail.com;;;Australia
C8626;Neha;;;Mumbai;9/6/2022;;3084.51;10;;;;
;Pooja;Male;37;Ahmedabad;30/3/2021;;;1;user8626mail.com;91389416;0091389416;Canada
C8628;Neha;Male;62;Pune;;;3453.14;1;;9911959461;9911959461;India
C8629;Ankit;Male;50;Delhi;14/6/2023;13/4/2021;;10;user8628@mail.com;948626772;0948626772;
C8630;Ankit;Female;;Ahmedabad;4/1/2025;30/11/2020;;;user8629mail.com;9985744416;9985744416;USA
C8631;Ankit;Female;36;Kolkata;17/6/2023;;;10;;9152749935;9152749935;Australia
;Kiran;Female;20;Ahmedabad;;;;;user8631@mail.com;;;Canada
;Ankit;Male;;Pune;;;;10;user8632mail.com;;;India
C8634;Simran;Female;;Delhi;2/5/2021;26/10/2024;;;user8633@mail.com;9438584169;9438584169;UK
C8635;Simran;Male;23;Pune;;;;;;9327352415;9327352415;India
C8636;Ravi;Male;20;Chennai;23/8/2022;;;;user8635mail.com;;;
C8637;Kiran;Female;;Chennai;21/12/2021;;;1;user8636@mail.com;;;Canada
C8638;Pooja;Female;;Pune;;27/12/2022;;;;;;UK
C8639;;;31;Ahmedabad;;;3890.75;10;;;;India
C8640;Simran;Male;31;;17/5/2024;;;10;;;;
C8641;Kiran;Female;;Kolkata;;;;1;;;;Canada
;;;;Hyderabad;;;;10;user8641@mail.com;945875252;0945875252;India
C8643;Simran;;;Kolkata;;;;10;;;;USA
C8644;Kiran;Male;;Hyderabad;12/5/2022;2/7/2021;;;;;;Australia
C8645;Simran;;;Mumbai;;;;3;;;;Australia
C8646;Kiran;;70;Pune;;;;;user8645@mail.com;;;Canada
C8647;Ankit;Female;;Delhi;;;;;;947577649;0947577649;UK
C8648;Pooja;Male;;Mumbai;;21/3/2022;;10;user8647mail.com;;;
C8649;Rahul;;32;Delhi;27/4/2021;;;;;;;UK
C8650;Amit;Female;18;Pune;18/11/2022;;;1;;;;Australia
C8651;Ankit;Male;;Hyderabad;1/3/2023;;;;;;;Australia
C8652;Pooja;;;Ahmedabad;;14/5/2023;;1;user8651@mail.com;;;USA
C8653;Simran;Male;;Ahmedabad;;;;10;;;;
C8654;Kiran;Female;;Kolkata;27/7/2024;;1821.79;;;;;
C8655;Simran;Male;28;;17/4/2022;19/6/2023;;10;;;;Canada
C8656;Priya;;;Chennai;7/2/2024;;1368.13;;user8655@mail.com;;;USA
;;Male;65;;16/1/2021;17/2/2023;2200.39;10;user8656@mail.com;;;UK
;Ankit;Female;62;Delhi;;;;10;;;;Canada
C8659;Neha;Female;;Mumbai;7/4/2025;;;2;;;;
;Kiran;;;Pune;17/6/2022;;1737.12;10;;;;India
C8661;Ankit;Male;;Hyderabad;28/6/2021;18/2/2023;;1;;;;India
C8662;Rahul;;;Hyderabad;;;;;user8661@mail.com;;;UK
C8663;Ankit;Male;45;Mumbai;;30/8/2023;;5;user8662mail.com;968229667;0968229667;Canada
;;Male;;Bangalore;10/8/2024;;;;user8663mail.com;;;Australia
C8665;Ankit;Male;;Chennai;23/3/2021;14/5/2023;;2;;;;UK
;Simran;;;Mumbai;1/3/2024;;;;;;;
C8667;Ravi;;37;Kolkata;;2/10/2025;;10;user8666@mail.com;;;USA
C8668;Priya;Male;;Bangalore;;;;10;user8667mail.com;;;Canada
C8669;Rahul;Male;39;;16/11/2024;;;10;;932487435;0932487435;India
;Pooja;;;Hyderabad;;;;;;;;USA
;;Male;;Pune;;;;2;user8670mail.com;;;Australia
;Ankit;Female;;Ahmedabad;27/5/2025;;;1;;;;UK
C8673;Ankit;Female;;Kolkata;;;;10;;;;
C8674;Sneha;Female;;Bangalore;4/7/2022;10/9/2020;;1;;;;Canada
C8675;;Female;54;Bangalore;;23/8/2023;;1;;;;UK
;Simran;Female;57;Ahmedabad;;;1886.32;1;;;;USA
;Ravi;;;Hyderabad;23/6/2024;;;5;;;;
C8678;Sneha;Female;;Pune;;;;10;user8677mail.com;;;Canada
;Neha;;;Mumbai;6/8/2021;25/5/2022;;;user8678@mail.com;998995386;0998995386;India
C8680;Kiran;Female;;Delhi;;20/6/2021;;;user8679@mail.com;;;USA
;Kiran;;49;Ahmedabad;;;;2;;956159618;0956159618;UK
C8682;Neha;Female;;Delhi;;;;;user8681@mail.com;;;Australia
C8683;Pooja;;;Ahmedabad;23/5/2021;;;1;;;;Australia
C8684;Kiran;Male;;Hyderabad;;8/10/2022;;1;user8683@mail.com;9316521799;9316521799;Canada
C8685;Amit;;;Kolkata;;12/5/2025;2376.48;;user8684mail.com;951532;0000951532;UK
C8686;Amit;Male;66;Bangalore;5/7/2023;12/1/2026;;10;;;;UK
;Sneha;Male;;Ahmedabad;27/5/2021;;;;user8686@mail.com;;;UK
;Pooja;;;;11/8/2020;;;10;user8687@mail.com;;;Australia
C8689;Ankit;Female;45;Chennai;;;1543.62;10;;;;Australia
C8690;Rahul;Female;;Kolkata;;;2576.64;;user8689@mail.com;9466426522;9466426522;India
C8691;Ankit;Female;;Pune;;;4698.35;;;;;UK
;Rahul;Female;;Ahmedabad;17/4/2024;24/10/2024;;;;;;
C8693;Kiran;Female;;Hyderabad;;;2051.06;;user8692mail.com;;;
;Kiran;Female;;;;;;2;user8693mail.com;;;
C8695;Rahul;;;Kolkata;1/7/2022;;;;;;;
C8696;Pooja;Female;;Mumbai;;;;;user8695@mail.com;;;
;;Female;;Kolkata;16/1/2025;5/7/2022;3120.18;1;user8696mail.com;;;Australia
;Pooja;Male;;Mumbai;;;;1;;9627757174;9627757174;
;;Male;;Delhi;18/5/2024;;;;user8698mail.com;;;
C8700;Simran;;;Pune;24/1/2021;;;2;;;;USA
;Ravi;;;Ahmedabad;;;777.16;3;;;;UK
C8702;Rahul;Female;;Chennai;;;;1;user8701@mail.com;92299254;0092299254;Australia
C8703;Neha;;;Chennai;11/4/2025;31/8/2022;;5;user8702mail.com;;;USA
C8704;;Female;;Delhi;;;;1;;;;Australia
C8705;Rahul;Female;;Ahmedabad;6/3/2025;;;1;;9183193318;9183193318;Australia
C8706;Kiran;Male;;Kolkata;;;425.28;1;user8705mail.com;9376633686;9376633686;India
C8707;Priya;Male;;Bangalore;;;;;;;;India
C8708;Pooja;Male;;;;13/5/2023;4341.45;;;;;India
C8709;;Male;;;;;3905.23;1;user8708@mail.com;;;India
C8710;Priya;Male;;Ahmedabad;1/10/2022;;;10;;;;Australia
C8711;Ankit;Male;;;8/1/2025;17/10/2024;;5;user8710@mail.com;;;Australia
C8712;Simran;;;Pune;27/9/2023;;;;;;;Canada
C8713;Priya;Male;;Mumbai;;;4697.49;10;user8712mail.com;9737138155;9737138155;Australia
;Ravi;Male;;Pune;;;;1;user8713mail.com;;;
C8715;Simran;;;;7/5/2023;;;;;926351592;0926351592;
C8716;Rahul;Female;70;Hyderabad;;11/10/2021;;3;user8715@mail.com;;;UK
C8717;Neha;Female;66;Ahmedabad;;;911.3;;user8716mail.com;;;
C8718;Simran;;;Hyderabad;3/8/2025;;2766.36;1;user8717mail.com;971518275;0971518275;Australia
C8719;Kiran;Female;;Chennai;;;;1;user8718mail.com;;;India
;Amit;Female;;Ahmedabad;;12/2/2023;4522.32;;;;;
;Ravi;;34;Kolkata;;;;1;;;;India
;;Female;33;Bangalore;;27/2/2022;;;;;;UK
C8723;Ankit;Male;22;Mumbai;;;;10;;;;UK
C8724;Ankit;Female;;;;;;10;;;;USA
C8725;Priya;Male;;Kolkata;;;;1;;951813879;0951813879;India
C8726;Kiran;Female;51;Pune;;17/11/2025;;10;;9583565;0009583565;India
C8727;Sneha;Male;;Bangalore;;;;;user8726mail.com;967443843;0967443843;Australia
;;Female;27;Mumbai;;;;1;;;;India
;Pooja;;;Hyderabad;;;3592.18;10;user8728mail.com;;;USA
C8730;;Male;;Pune;13/3/2023;18/7/2024;;10;user8729@mail.com;;;
;Neha;;;Hyderabad;28/5/2021;;;;user8730mail.com;;;Australia
;;;;Chennai;;;2738.49;1;;;;USA
C8733;Neha;Male;54;Delhi;;;118.93;1;user8732mail.com;;;USA
;Amit;Male;;Bangalore;24/8/2022;7/10/2020;;10;user8733mail.com;;;India
C8735;Rahul;Female;19;Ahmedabad;;28/10/2020;;10;;;;Canada
;Sneha;Male;;Delhi;28/2/2024;17/12/2022;3895.45;1;;981195567;0981195567;India
;Ravi;Female;;Chennai;;6/11/2023;;;user8736mail.com;;;India
C8738;Sneha;Male;;Delhi;;;3923.23;10;user8737mail.com;;;
C8739;;Female;38;Hyderabad;;2/12/2020;;1;;;;India
;Simran;Female;;Hyderabad;10/8/2025;8/4/2022;;;;;;USA
C8741;Priya;Female;;Chennai;27/3/2021;;;1;user8740mail.com;;;UK
C8742;Priya;Female;;Chennai;;;1063.97;10;;;;
C8743;Amit;Female;59;;14/12/2023;;;10;;;;USA
C8744;Kiran;Male;29;Delhi;8/12/2021;;;10;;;;Australia
C8745;Priya;Male;;Bangalore;;21/9/2020;2556.55;10;user8744@mail.com;;;USA
;Ankit;Female;;Pune;26/4/2025;26/6/2021;;1;user8745@mail.com;;;Australia
;Simran;;20;Delhi;21/11/2024;;;1;;;;Canada
;Pooja;Male;;Ahmedabad;;16/12/2020;;1;user8747mail.com;;;USA
;Ankit;Female;;;1/11/2021;27/1/2025;;;;;;Australia
C8750;Sneha;Male;;Mumbai;;;;2;user8749mail.com;;;Canada
C8751;Ankit;Female;;Ahmedabad;;;;1;;;;
C8752;;Female;;Kolkata;1/11/2020;23/3/2024;573.27;;user8751mail.com;;;Australia
;Amit;Female;;;29/5/2023;20/6/2022;;1;user8752mail.com;9932219149;9932219149;UK
;Amit;Female;;Hyderabad;;;;;user8753@mail.com;;;USA
C8755;Amit;Male;48;Chennai;;8/9/2023;;;user8754@mail.com;;;UK
;Ankit;Male;;Kolkata;;;;1;user8755@mail.com;;;UK
;Kiran;Female;;Kolkata;;;;;;;;Canada
C8758;Sneha;Female;;;;;;;;;;USA
;Priya;Female;57;Delhi;11/2/2023;;;1;;9178919288;9178919288;India
C8760;Kiran;Male;56;Kolkata;13/1/2023;;;;;;;UK
C8761;Priya;Male;;Chennai;;;;1;user8760@mail.com;;;USA
C8762;Priya;;;Kolkata;;;668.35;;user8761@mail.com;989159892;0989159892;Canada
C8763;Sneha;Female;;Delhi;9/9/2023;28/11/2020;;1;user8762mail.com;;;Australia
C8764;;Female;43;;;28/3/2024;;;user8763@mail.com;9931836488;9931836488;USA
C8765;Amit;Male;;Pune;;31/1/2023;;1;user8764@mail.com;993577247;0993577247;USA
;;Male;;Delhi;11/4/2024;;;4;user8765@mail.com;;;India
C8767;Amit;Male;;Pune;26/11/2023;;1622.42;;;;;Australia
;Ravi;Female;;Delhi;;;3928.38;;user8767mail.com;;;UK
;Rahul;Male;;Delhi;;19/4/2022;;;user8768@mail.com;;;Australia
C8770;Amit;;;Chennai;12/3/2023;26/3/2021;;10;user8769@mail.com;;;Canada
C8771;Simran;;;Mumbai;;;;5;user8770@mail.com;98759295;0098759295;Australia
C8772;Priya;;;Chennai;1/11/2023;;3834.16;10;;;;Canada
C8773;Ankit;Female;;Pune;23/4/2023;12/12/2020;;;;;;Canada
C8774;Ankit;Female;;Chennai;;27/1/2022;;2;;;;India
C8775;;Female;;Delhi;;;;3;;946997229;0946997229;Australia
C8776;Ankit;;;Bangalore;11/8/2024;;;1;;;;
C8777;Rahul;;38;Mumbai;;;;1;;99486719;0099486719;USA
;Simran;Female;;Mumbai;;;;10;user8777@mail.com;;;UK
C8779;Rahul;;;Ahmedabad;10/11/2020;;;10;;9518542353;9518542353;USA
C8780;Amit;;;Mumbai;23/6/2024;;;1;user8779@mail.com;;;India
C8781;Neha;;;Pune;;;;10;;;;Canada
C8782;Kiran;Female;47;Ahmedabad;17/7/2025;4/3/2021;;3;;98133847;0098133847;Australia
C8783;Neha;Male;;;2/4/2024;11/8/2025;;1;;92725332;0092725332;UK
C8784;Sneha;Male;;Mumbai;;;;10;;95488621;0095488621;India
C8785;Rahul;Female;;Pune;6/10/2022;;;1;;;;
C8786;;Female;59;;13/8/2025;;2424.92;2;;;;UK
C8787;Ankit;Female;;Pune;25/1/2024;;;1;;;;Australia
;Ravi;Male;;Hyderabad;12/12/2021;;;10;user8787@mail.com;;;India
C8789;Priya;Male;;Chennai;;24/2/2022;;10;;;;Australia
C8790;Kiran;Male;;Hyderabad;;;4471.28;1;user8789@mail.com;;;India
C8791;Ankit;Female;;Ahmedabad;;28/12/2023;;10;;;;Australia
C8792;Rahul;;67;Mumbai;;;;10;user8791@mail.com;;;UK
C8793;Kiran;Male;;Ahmedabad;;;;;;9571795773;9571795773;
C8794;Pooja;;;Chennai;15/1/2023;;;;user8793@mail.com;;;USA
C8795;Priya;Female;;Bangalore;18/11/2021;28/3/2022;2351.5;;;;;USA
C8796;Ankit;;46;Ahmedabad;13/9/2023;;;10;;;;Australia
;Ankit;Male;;;12/10/2025;6/1/2026;;4;user8796mail.com;9733392771;9733392771;
C8798;Ravi;Male;;Mumbai;;;484.18;1;user8797mail.com;;;Australia
C8799;Rahul;Male;;Kolkata;5/1/2023;;2895.3;1;;;;UK
;Priya;Female;;Mumbai;9/6/2024;27/11/2024;;1;;;;UK
;Rahul;Male;;Bangalore;;;;3;;9488999463;9488999463;Australia
C8802;Sneha;;;Delhi;11/4/2025;16/1/2025;;1;user8801@mail.com;;;India
;Sneha;;;Kolkata;;;;;user8802@mail.com;;;UK
C8804;Amit;Female;;Bangalore;;5/11/2022;;1;;93371743;0093371743;Australia
C8805;Rahul;Male;;Kolkata;;26/11/2024;;1;user8804@mail.com;;;
;Sneha;Male;;Chennai;;;1493.3;1;;9362788345;9362788345;USA
C8807;Neha;Male;64;Hyderabad;;;4832.79;10;user8806@mail.com;;;UK
C8808;Neha;Male;;Chennai;20/2/2024;24/9/2020;;2;user8807@mail.com;;;UK
;Pooja;Male;;;13/7/2021;16/3/2023;;3;user8808@mail.com;;;Canada
;;;;Kolkata;13/12/2024;;;;user8809mail.com;;;USA
C8811;Sneha;Female;;Bangalore;;28/11/2024;;3;user8810@mail.com;;;
;Ankit;Female;;Mumbai;;9/8/2021;;1;user8811@mail.com;;;Australia
;Ravi;Female;59;Hyderabad;;;;1;;;;UK
C8814;;Male;;Chennai;7/2/2025;20/5/2024;940.44;1;user8813@mail.com;;;Australia
;Ravi;Male;59;Bangalore;;16/10/2021;;1;user8814mail.com;9577846346;9577846346;Canada
;Simran;Male;;Mumbai;;18/9/2022;;1;;91945459;0091945459;India
C8817;Ankit;;;Hyderabad;;;;1;user8816@mail.com;;;USA
C8818;Ankit;Female;;Ahmedabad;;;;3;user8817@mail.com;961563665;0961563665;UK
C8819;Ravi;Male;;;15/10/2023;;;3;;;;USA
C8820;Simran;Female;;Mumbai;;;;10;user8819@mail.com;;;Canada
C8821;Amit;Male;;Bangalore;;29/10/2022;;10;;;;UK
;Rahul;Female;;Kolkata;;13/7/2022;810.82;;;;;UK
;Sneha;Male;;Pune;2/3/2022;7/12/2025;;10;user8822@mail.com;;;India
C8824;Ankit;Female;;Kolkata;;1/6/2021;;5;user8823mail.com;934667271;0934667271;USA
C8825;Pooja;;;;;;4745.6;1;;967581691;0967581691;
C8826;Neha;;;Hyderabad;3/3/2025;28/12/2020;;1;user8825mail.com;;;USA
C8827;Ankit;Male;;Hyderabad;26/12/2023;;2537.6;10;;;;Australia
C8828;Simran;;;Mumbai;4/6/2025;;;;;;;
C8829;Priya;Male;;Ahmedabad;9/1/2024;;;10;;;;Australia
;Rahul;Male;;Delhi;4/1/2022;16/10/2021;1579.71;3;;;;Australia
C8831;Rahul;;;Delhi;16/3/2022;;;10;user8830@mail.com;;;Canada
C8832;Priya;;33;Chennai;3/4/2025;;;1;;;;India
C8833;Ravi;Female;33;;;;;10;user8832mail.com;;;USA
C8834;Kiran;Male;51;Delhi;;;;3;;974446669;0974446669;India
C8835;;Male;61;Delhi;;31/8/2025;;5;user8834mail.com;;;UK
C8836;Ravi;Male;52;Chennai;;;1692.99;10;;;;USA
C8837;Sneha;Male;25;Hyderabad;26/10/2021;;;1;;;;Australia
;Sneha;Female;51;Chennai;;;;10;;961537259;0961537259;UK
;Simran;;;Kolkata;;;;1;user8838@mail.com;;;USA
;Priya;Male;;;;;;1;;966824545;0966824545;India
;Ravi;Female;25;Mumbai;8/1/2023;17/1/2026;;;;;;UK
C8842;Kiran;;;Hyderabad;11/1/2026;;;1;;;;USA
;Kiran;Female;;Kolkata;17/9/2021;;1924.65;;user8842mail.com;984964152;0984964152;India
;Rahul;Female;;Pune;;6/2/2023;4295.31;2;;;;USA
C8845;Ravi;Female;;Chennai;;11/8/2020;;10;user8844@mail.com;99555917;0099555917;Australia
C8846;Priya;;;Kolkata;;29/3/2022;4898.86;1;user8845@mail.com;;;
C8847;Sneha;Female;;Chennai;15/3/2024;;;10;user8846@mail.com;;;India
C8848;Ravi;Female;;Pune;;;;10;;9186148493;9186148493;
C8849;Ravi;;;Delhi;;2/1/2023;3916.85;;;;;UK
C8850;Amit;Male;;Mumbai;30/1/2023;9/2/2024;;4;user8849@mail.com;;;
C8851;Ankit;Female;;Mumbai;20/9/2024;;;1;user8850@mail.com;;;USA
C8852;Ravi;;;Hyderabad;;;;;;;;Canada
;;;33;Bangalore;;;3049.58;10;;;;UK
C8854;Ankit;Female;;Hyderabad;11/12/2025;;3830.13;5;user8853@mail.com;9358993567;9358993567;
;Rahul;Female;;Mumbai;1/12/2020;24/5/2024;;2;;;;India
;;Male;;Pune;26/7/2024;;1365.18;;;;;India
C8857;Priya;;;Delhi;15/4/2023;13/12/2024;;5;user8856@mail.com;;;UK
C8858;;Female;;Hyderabad;24/8/2020;;;3;user8857mail.com;;;Canada
;Amit;Male;;Hyderabad;27/4/2021;;;1;user8858@mail.com;951726746;0951726746;India
C8860;Sneha;Male;;Ahmedabad;;21/7/2021;;2;;9766634595;9766634595;Canada
C8861;Ravi;Male;;Ahmedabad;13/2/2025;;;1;;;;Canada
;Kiran;Female;;Kolkata;;;;4;user8861@mail.com;;;UK
C8863;Amit;;;Mumbai;27/12/2021;8/12/2024;4267.35;1;;;;India
;Pooja;Female;45;Ahmedabad;17/9/2024;;950.02;;user8863@mail.com;9956219176;9956219176;Australia
C8865;Neha;Female;;Ahmedabad;19/2/2023;;;10;;968538353;0968538353;USA
;Pooja;;;Delhi;;;4962.19;10;user8865mail.com;;;Canada
;;;;Pune;;;4951.92;1;;;;India
C8868;Neha;Female;;Hyderabad;1/5/2025;;;10;user8867@mail.com;;;
C8869;Rahul;Male;30;Bangalore;;;;;user8868mail.com;;;
;;Male;;Hyderabad;20/3/2023;;;4;user8869mail.com;955159223;0955159223;India
C8871;Simran;Female;22;Mumbai;;;2103.61;;user8870@mail.com;;;
C8872;;;;;14/4/2021;23/6/2022;;10;user8871@mail.com;;;USA
C8873;Amit;Female;48;Kolkata;;;1888.12;1;;;;India
C8874;Neha;Male;40;Delhi;;;;10;;;;USA
C8875;Priya;Male;;Pune;;;;;user8874@mail.com;;;India
C8876;Pooja;Male;;Delhi;12/11/2020;;;5;;;;Australia
C8877;Ravi;Male;33;;22/5/2024;;;;;933722264;0933722264;Canada
C8878;Pooja;;;Mumbai;17/11/2020;;132.39;5;user8877mail.com;;;Canada
C8879;Ankit;Female;;Mumbai;;;1557.72;;user8878mail.com;;;
C8880;Kiran;Female;28;Mumbai;;22/4/2023;;;user8879mail.com;;;UK
C8881;Rahul;Female;;Kolkata;27/1/2025;;;;user8880mail.com;;;UK
C8882;Ravi;;;Hyderabad;;13/2/2025;;10;;;;Australia
C8883;Simran;;61;Delhi;30/9/2023;;;10;;;;
C8884;;Female;;;;;;;;;;Canada
C8885;Pooja;Male;;Delhi;16/10/2023;;1536.6;2;user8884@mail.com;;;UK
;Ravi;Female;;Pune;1/12/2024;;;;user8885@mail.com;979298957;0979298957;UK
C8887;;Female;;Kolkata;10/2/2023;;;1;;;;UK
C8888;;Female;;Hyderabad;;;;2;;937715279;0937715279;Canada
C8889;Amit;Female;;Delhi;27/1/2022;;;;;;;USA
C8890;Amit;Male;20;Delhi;;;;;user8889@mail.com;;;USA
C8891;Ankit;Male;;Hyderabad;;4/7/2022;;1;;;;Australia
C8892;;Male;;Pune;;2/7/2023;;2;user8891@mail.com;;;UK
C8893;;Female;;Chennai;;;1221.32;1;;9467315498;9467315498;USA
C8894;Neha;;40;Chennai;2/12/2020;;;;user8893@mail.com;;;
C8895;Pooja;;;Bangalore;30/7/2025;;262.52;10;user8894mail.com;;;UK
C8896;Neha;Female;;Ahmedabad;6/7/2024;;;3;;;;USA
;Rahul;;;Bangalore;;29/7/2022;789.08;10;;;;India
C8898;Neha;Male;22;Pune;;;;10;user8897@mail.com;;;UK
C8899;Ravi;Female;;Mumbai;;;1142.05;10;user8898@mail.com;9894936269;9894936269;UK
C8900;Priya;Male;;Mumbai;;;;;user8899mail.com;9556817;0009556817;Canada
C8901;;Female;;Pune;20/12/2020;10/10/2021;3554.79;;user8900@mail.com;;;UK
C8902;Neha;Male;;Kolkata;5/6/2023;;2875.64;;;;;Australia
C8903;Ravi;Male;;Hyderabad;9/9/2021;;;1;;;;UK
;Simran;;;Ahmedabad;2/12/2020;;;1;user8903mail.com;;;
C8905;Ankit;Female;;Pune;28/12/2024;;;1;;;;UK
C8906;Rahul;Female;;Pune;16/9/2023;;;10;;;;India
C8907;Amit;Female;;Kolkata;14/5/2024;;;;user8906mail.com;;;
;Sneha;Male;;Mumbai;5/2/2025;23/9/2022;;1;;;;India
;Ravi;Male;18;Bangalore;13/10/2023;22/8/2024;;;user8908mail.com;;;Australia
C8910;Simran;Female;;Mumbai;;;;10;user8909@mail.com;;;India
C8911;Pooja;Female;;Ahmedabad;26/5/2023;;;2;user8910@mail.com;938756241;0938756241;UK
C8912;Rahul;Female;44;Ahmedabad;18/5/2022;;;;user8911@mail.com;;;India
C8913;Ravi;Male;27;Hyderabad;20/1/2023;;;1;user8912@mail.com;;;
C8914;Priya;Female;;Mumbai;;;;1;user8913@mail.com;;;India
C8915;Priya;;;Pune;1/6/2024;13/12/2020;3268.8;2;user8914@mail.com;;;UK
C8916;Sneha;Male;;Hyderabad;;;;1;;;;Australia
C8917;Simran;Female;;Hyderabad;;;;1;user8916@mail.com;97835947;0097835947;India
;Rahul;Female;46;Delhi;;13/4/2024;4599.33;1;;9185992669;9185992669;UK
;;Female;;Kolkata;;;4448.01;10;;;;
C8920;Priya;;;Ahmedabad;15/10/2022;;;10;;;;Australia
C8921;;Female;;Chennai;;;4702.57;;;;;USA
C8922;Rahul;;47;Mumbai;12/3/2024;11/5/2022;2655.76;5;user8921@mail.com;;;USA
C8923;Rahul;Female;69;Hyderabad;28/8/2021;2/6/2023;;;user8922@mail.com;9913228836;9913228836;USA
C8924;Pooja;Female;;Ahmedabad;2/1/2024;;4349.34;10;;9838439662;9838439662;UK
C8925;Ravi;Male;;Bangalore;25/11/2023;;;10;user8924@mail.com;;;
C8926;Kiran;Female;;Kolkata;31/5/2024;;493.78;10;;;;Canada
C8927;Pooja;Male;29;Bangalore;7/9/2021;;;10;;941995996;0941995996;Australia
C8928;Ankit;Male;;Kolkata;9/4/2022;;;;;;;
;Kiran;Female;27;Delhi;7/1/2024;17/5/2022;3050.72;10;;;;Canada
C8930;Amit;Female;;Delhi;;;;;;;;Canada
C8931;Ankit;Female;;Chennai;9/6/2024;1/6/2025;;1;user8930mail.com;964946774;0964946774;Canada
C8932;Kiran;Female;66;Ahmedabad;1/4/2022;;;5;;;;
C8933;Simran;Male;;Pune;26/2/2024;;;1;;;;USA
C8934;Kiran;;49;Ahmedabad;;;;1;user8933@mail.com;9729518867;9729518867;Australia
C8935;;Female;;Ahmedabad;;30/12/2020;;10;user8934@mail.com;;;Australia
;Priya;;;Hyderabad;;;1474.74;1;user8935mail.com;;;Canada
C8937;;;;Delhi;;8/1/2022;;1;user8936@mail.com;;;Canada
;;Male;;Mumbai;26/4/2023;;3202.05;10;;;;India
C8939;Rahul;Male;30;;;;;10;user8938@mail.com;;;Australia
;;;;Ahmedabad;14/7/2022;11/2/2023;673.99;4;user8939@mail.com;;;UK
C8941;Sneha;Male;;Hyderabad;4/8/2022;22/4/2025;;10;user8940@mail.com;;;Canada
C8942;Ankit;Male;;Ahmedabad;;29/11/2020;;2;user8941@mail.com;;;USA
C8943;Amit;Female;40;Chennai;13/11/2021;3/1/2026;;3;user8942mail.com;;;UK
C8944;Sneha;Male;22;;26/10/2021;24/6/2023;;1;user8943mail.com;;;UK
C8945;Ankit;Female;;Kolkata;;;27.27;5;user8944@mail.com;;;UK
C8946;Neha;Male;67;Kolkata;4/2/2022;;1890.05;3;user8945@mail.com;;;UK
C8947;;;;Chennai;;5/10/2023;1325.4;1;;;;USA
C8948;Kiran;Male;29;Mumbai;;;2575.33;1;;;;
;Rahul;Female;;Ahmedabad;;;;1;;9451692936;9451692936;
C8950;Kiran;Male;38;Pune;31/10/2024;;;3;user8949@mail.com;9931877958;9931877958;USA
C8951;Sneha;Female;;Ahmedabad;28/6/2021;;;1;;;;USA
C8952;Sneha;Male;;Hyderabad;15/8/2024;;;;user8951mail.com;;;Canada
C8953;;Female;;Bangalore;2/1/2023;17/5/2023;;1;;;;Australia
;Simran;;42;Pune;;;;;user8953@mail.com;;;UK
C8955;Kiran;Male;;Mumbai;;;;1;;;;Canada
;Kiran;Female;;Bangalore;26/3/2025;2/6/2022;3856.57;;user8955mail.com;;;Canada
;Ravi;Female;;Kolkata;3/9/2025;;2051.47;10;user8956@mail.com;;;India
C8958;Rahul;Female;;;;;2030.58;4;user8957@mail.com;;;Canada
C8959;Amit;Male;;Hyderabad;;;;10;;99455854;0099455854;India
;Simran;Male;;Ahmedabad;16/6/2021;23/5/2024;;10;;;;USA
C8961;Kiran;Female;;Pune;;;;4;user8960@mail.com;;;USA
C8962;Rahul;Female;;;;3/11/2025;4286.11;1;;;;India
C8963;Amit;Male;;Pune;;;4013.27;;;;;Australia
C8964;Sneha;Male;67;Hyderabad;9/8/2025;14/1/2025;;3;user8963@mail.com;9472987396;9472987396;Australia
C8965;Ankit;Male;;Kolkata;;;;2;user8964mail.com;;;Australia
;Rahul;Male;;Ahmedabad;;;4887.21;3;user8965@mail.com;9285697353;9285697353;Canada
C8967;;Female;64;;19/12/2020;;316.15;1;;;;UK
;Sneha;;45;Kolkata;;;;5;;;;UK
;Kiran;;;Ahmedabad;;14/8/2024;3184.37;;user8968@mail.com;;;Canada
C8970;Neha;Male;;Kolkata;;16/1/2024;;1;;;;
C8971;Amit;Female;;;;25/2/2025;;10;user8970@mail.com;;;Australia
C8972;Sneha;Male;62;Hyderabad;;;;;user8971mail.com;;;Australia
;Neha;Male;;Ahmedabad;;;723.99;3;;921695619;0921695619;USA
C8974;Kiran;Female;;Hyderabad;;;;1;user8973@mail.com;;;
C8975;Ankit;;;Kolkata;28/4/2021;;;10;user8974mail.com;;;Canada
C8976;Ankit;Male;38;Ahmedabad;2/2/2023;;2567.34;;;;;India
C8977;Neha;Male;46;Chennai;19/6/2023;15/7/2025;;10;;;;India
C8978;Simran;;41;Chennai;21/1/2021;;;4;user8977mail.com;;;
;Priya;Female;;Bangalore;;12/3/2025;4692.39;2;user8978mail.com;9829666829;9829666829;Canada
C8980;Ankit;Female;;Kolkata;;;;5;;94871117;0094871117;Canada
C8981;Ravi;;;Ahmedabad;;;4646.93;1;user8980mail.com;974379395;0974379395;Australia
C8982;Kiran;Female;;Hyderabad;31/10/2023;;;;;;;USA
C8983;Kiran;Female;;Delhi;;;2760.88;1;user8982mail.com;;;
C8984;Pooja;Female;;Chennai;5/12/2025;2/2/2025;;1;user8983mail.com;;;India
C8985;Neha;Female;;Hyderabad;;;2609.72;;;;;USA
;;Female;59;Mumbai;;;;;user8985@mail.com;;;Canada
C8987;Ravi;Male;;Kolkata;18/11/2024;;;4;;;;Canada
C8988;Neha;;;Delhi;;;;;user8987@mail.com;;;Canada
C8989;Simran;;;Mumbai;19/7/2021;;;10;user8988mail.com;97635376;0097635376;India
C8990;Amit;Male;;Kolkata;29/7/2024;29/12/2024;2659.94;;;;;USA
;Ravi;Female;;Mumbai;13/9/2024;2/5/2021;;10;user8990mail.com;999679282;0999679282;Canada
C8992;Priya;Male;;Ahmedabad;;;;5;;968493148;0968493148;Australia
C8993;Sneha;;;Pune;;4/9/2021;;1;;;;Canada
C8994;Pooja;Male;68;Chennai;;29/6/2025;;1;user8993@mail.com;;;USA
C8995;Kiran;;26;Chennai;;;;3;user8994mail.com;;;India
C8996;Priya;Male;69;Ahmedabad;21/8/2020;1/2/2021;;1;user8995@mail.com;;;
C8997;Pooja;Male;59;;;;4327.06;5;;;;India
;Simran;Male;;Delhi;;;;;;;;USA
C8999;Simran;;;Delhi;;;;10;user8998@mail.com;;;India
C9000;;Female;;Bangalore;;;;10;user8999mail.com;;;Canada
C9001;Pooja;Female;51;;3/12/2022;;860.13;;user9000@mail.com;;;UK
C9002;Kiran;Male;;Chennai;17/12/2023;;3952.19;;;;;Canada
;Amit;Male;;Mumbai;25/1/2026;;;5;user9002@mail.com;;;Australia
;Ravi;Female;;Hyderabad;;;;1;;;;Australia
C9005;Ankit;Female;58;Mumbai;19/12/2025;2/9/2020;;10;;;;USA
C9006;Rahul;Female;;Kolkata;;5/10/2024;790.21;2;;;;UK
C9007;Ankit;;26;Bangalore;16/8/2022;;99.58;;;;;USA
C9008;Amit;Female;44;Delhi;29/6/2022;;;1;;;;
;Priya;Male;;;;3/2/2022;;1;;;;
;Ankit;Female;;Bangalore;16/3/2022;;;5;;;;UK
;Pooja;Female;68;Mumbai;2/10/2023;;4840.99;2;user9010mail.com;;;
;;Female;34;Chennai;;;;10;user9011@mail.com;;;UK
C9013;Ankit;Female;55;Bangalore;;1/12/2022;;;user9012@mail.com;;;India
C9014;Priya;Female;;Chennai;4/1/2024;;1353.26;;user9013mail.com;;;UK
;;Female;;;;;;;user9014mail.com;;;
C9016;Neha;Female;55;Pune;;;;1;;;;USA
C9017;Ravi;;40;Ahmedabad;;;;10;user9016@mail.com;;;Canada
C9018;;;;Mumbai;13/6/2021;18/1/2025;;1;user9017mail.com;;;Canada
;Ravi;Male;;Delhi;;;;10;user9018@mail.com;;;Australia
C9020;Sneha;Male;43;Delhi;;;3935.98;;;;;
C9021;Ravi;Female;;Delhi;;;3398.23;1;;;;Canada
C9022;;Female;;Pune;;9/2/2024;3015.33;;;;;
C9023;Neha;;;Chennai;;;;4;;;;UK
C9024;Amit;Female;;Bangalore;;;;10;user9023mail.com;;;Australia
;Rahul;Male;;Pune;;;4182.77;;;;;
;Sneha;;;Delhi;;14/1/2021;;10;;;;India
;Pooja;;;Ahmedabad;7/3/2025;27/10/2021;;1;user9026mail.com;99996687;0099996687;USA
C9028;Ankit;Female;35;Chennai;;;;10;user9027@mail.com;;;Australia
C9029;Simran;;;Mumbai;27/8/2025;25/7/2023;;;user9028mail.com;915658889;0915658889;India
C9030;Pooja;Male;45;Hyderabad;29/1/2023;19/10/2024;3032.27;1;;;;Canada
C9031;Neha;Male;;Chennai;25/7/2023;;;10;;;;USA
C9032;Sneha;Male;;Hyderabad;;;4355.25;;;;;India
C9033;Ankit;;;Kolkata;;17/12/2022;;3;user9032mail.com;;;India
C9034;Neha;;;;23/4/2022;;4232.87;;;9253418566;9253418566;USA
C9035;Rahul;Male;;Ahmedabad;2/2/2023;1/11/2024;2417.75;10;;;;USA
C9036;Simran;Female;;Ahmedabad;;11/5/2024;;1;user9035@mail.com;;;Australia
C9037;Ankit;;;Bangalore;4/3/2022;1/8/2024;;3;user9036@mail.com;;;UK
;Priya;;36;Ahmedabad;;10/2/2021;;2;;;;Australia
C9039;Ravi;Female;;Hyderabad;13/5/2024;;4134.87;1;;;;USA
C9040;;Female;;;18/2/2025;;;4;user9039mail.com;;;India
C9041;;Male;;;;;;10;;;;UK
C9042;Kiran;;;Chennai;18/6/2023;16/2/2023;;10;;;;USA
C9043;Sneha;;;Ahmedabad;;;4450.1;;;;;USA
C9044;;Male;;;24/2/2025;19/3/2025;2741.61;10;user9043mail.com;;;Australia
C9045;Rahul;Male;;Pune;24/3/2025;27/12/2025;;1;user9044@mail.com;;;Canada
;;Male;;Pune;8/10/2021;;;2;user9045mail.com;;;USA
C9047;Ravi;Male;;Bangalore;;11/4/2021;4227.84;10;user9046@mail.com;;;
C9048;Priya;Female;;Hyderabad;27/11/2022;;;10;user9047mail.com;934967972;0934967972;Australia
;Ankit;;54;Kolkata;;29/8/2025;;5;user9048@mail.com;;;UK
C9050;;;67;Chennai;20/9/2021;;;10;user9049mail.com;;;India
C9051;;Male;;Bangalore;;;1381.64;1;;;;India
;Kiran;Female;60;;26/1/2025;10/5/2025;;4;user9051mail.com;;;UK
C9053;Neha;Male;;Chennai;;11/11/2023;;2;;9379351792;9379351792;Canada
C9054;;Female;;Mumbai;;8/4/2025;;;user9053mail.com;;;Australia
C9055;Kiran;Female;;Ahmedabad;29/12/2024;;;10;user9054mail.com;;;USA
;Pooja;Male;;Hyderabad;;;;;user9055@mail.com;;;India
C9057;Simran;Female;25;Chennai;;;1378.1;1;user9056mail.com;;;India
C9058;;;;Pune;25/1/2026;;;4;user9057mail.com;;;Canada
C9059;Neha;;;Hyderabad;18/3/2023;;;1;;9889223165;9889223165;USA
C9060;Sneha;;;Hyderabad;;;837.52;10;;968267262;0968267262;USA
;;;;;;;;1;;;;India
C9062;Kiran;Female;25;Mumbai;;;1843.11;1;user9061mail.com;;;Australia
C9063;Priya;Male;;Hyderabad;;31/5/2024;;10;;9536957951;9536957951;Australia
C9064;Amit;Female;67;;;;4188.09;1;user9063mail.com;;;USA
C9065;Neha;Male;;Ahmedabad;;;;1;user9064@mail.com;972279563;0972279563;UK
C9066;Amit;;;Mumbai;7/1/2023;;;1;user9065mail.com;;;
C9067;Sneha;Male;;Delhi;11/6/2023;;1804.54;10;;9617658368;9617658368;India
;;Female;22;Kolkata;9/6/2025;18/1/2025;;4;;;;Australia
C9069;Simran;Male;;Chennai;27/2/2021;;;10;user9068@mail.com;968423146;0968423146;Australia
C9070;Amit;;;Pune;23/6/2025;26/8/2022;;10;;;;Canada
C9071;Priya;Female;;Kolkata;;;;10;;;;Australia
C9072;Rahul;Male;28;Ahmedabad;;;;10;;92944532;0092944532;
C9073;Amit;Male;42;Chennai;;;;1;user9072@mail.com;;;India
C9074;Ankit;Female;;Kolkata;6/11/2022;;;3;user9073@mail.com;95829216;0095829216;UK
C9075;Priya;Male;;;;19/9/2023;2808.85;10;user9074mail.com;;;UK
C9076;Rahul;Female;;Ahmedabad;;;;2;user9075mail.com;914463321;0914463321;India
C9077;Ankit;;;Bangalore;;;4495.02;1;user9076@mail.com;;;UK
C9078;;;;Bangalore;21/8/2024;;;;user9077@mail.com;;;India
C9079;Ankit;;;Ahmedabad;12/7/2025;4/3/2024;3008.41;10;;9677172611;9677172611;UK
;Kiran;Male;;Pune;17/1/2024;5/9/2020;;1;;;;UK
C9081;Neha;Female;;Pune;;;;1;user9080@mail.com;9558267;0009558267;UK
C9082;Neha;Male;;Delhi;15/10/2024;;;3;user9081mail.com;;;Canada
C9083;Ravi;Female;;Ahmedabad;;15/8/2022;4584.74;3;;9198233155;9198233155;India
C9084;Sneha;Male;45;Mumbai;;;;1;user9083mail.com;;;Australia
C9085;;Male;;Pune;;;;;user9084@mail.com;975958365;0975958365;India
C9086;Simran;Male;;Mumbai;24/7/2022;;;;;;;India
C9087;Pooja;;;Delhi;24/1/2023;3/2/2021;;;;947473683;0947473683;USA
;Simran;Male;;Bangalore;;12/4/2024;;10;;9571672518;9571672518;UK
C9089;Amit;Female;35;Chennai;19/11/2021;;;10;user9088mail.com;9932671834;9932671834;Australia
C9090;Ankit;Female;;Chennai;;;;5;;;;USA
C9091;Amit;Male;;Chennai;17/7/2024;15/2/2021;1316.86;10;user9090@mail.com;986275949;0986275949;USA
C9092;Simran;Male;37;Hyderabad;2/6/2024;;;;;975927341;0975927341;USA
C9093;Neha;;;Mumbai;;;;;user9092mail.com;;;
C9094;Ankit;Female;32;;;;;;user9093@mail.com;9499491886;9499491886;USA
C9095;Neha;Female;;Bangalore;;;;;;;;UK
C9096;Ravi;Female;24;Delhi;;;;;;;;Canada
C9097;Ravi;Female;;Mumbai;;;888.47;;;;;India
C9098;Ankit;;34;Mumbai;;2/1/2023;;10;user9097@mail.com;;;Australia
;Sneha;Female;;Bangalore;29/4/2024;;4929.35;;;;;UK
C9100;Kiran;Female;33;Pune;;;1043.11;;;9216927749;9216927749;UK
C9101;Ankit;Male;23;Mumbai;;;;5;user9100mail.com;92162143;0092162143;India
C9102;Neha;Male;;Ahmedabad;24/8/2022;;;;user9101@mail.com;;;India
C9103;Sneha;;48;Hyderabad;;22/1/2025;1526.77;10;;;;USA
C9104;Priya;Male;;;13/12/2025;24/3/2023;2150.34;10;;95587571;0095587571;
C9105;Kiran;Male;;Bangalore;7/1/2024;;;10;;;;India
C9106;;Male;;Mumbai;;19/2/2024;;1;;;;India
;Priya;;50;Mumbai;;29/8/2024;;1;;;;
C9108;Pooja;;;Delhi;;;;5;;;;Australia
C9109;Rahul;Male;;Bangalore;24/12/2020;;;10;;;;India
C9110;Ankit;Male;18;Bangalore;22/9/2020;;3027.84;1;user9109@mail.com;;;Australia
C9111;Priya;Female;;Bangalore;;;;5;;;;USA
C9112;Rahul;Female;69;Bangalore;8/2/2024;;;;user9111@mail.com;9155265421;9155265421;UK
C9113;;Female;;Hyderabad;28/6/2023;24/6/2023;;1;user9112mail.com;923674386;0923674386;Canada
C9114;Ravi;Male;;Hyderabad;;;;;user9113@mail.com;;;
C9115;Amit;Female;;Chennai;;5/5/2024;;3;user9114mail.com;;;USA
C9116;;;;Ahmedabad;;11/4/2024;;10;user9115@mail.com;;;India
C9117;Sneha;;;;2/6/2022;;;10;;9631873133;9631873133;USA
C9118;;Male;;Delhi;17/3/2025;;;4;;;;
;Simran;Female;;Bangalore;3/11/2023;22/6/2024;;;;;;USA
;;;;Mumbai;12/8/2022;;41.79;3;;;;UK
;Ravi;Female;;Mumbai;24/9/2020;;;1;user9120mail.com;;;
;Kiran;Female;62;Bangalore;2/12/2024;;;5;user9121@mail.com;;;Australia
C9123;Simran;Female;56;Hyderabad;;;;1;;;;
C9124;Amit;Male;23;;;;;10;user9123@mail.com;;;USA
C9125;Pooja;;28;Bangalore;27/11/2023;8/3/2023;;;;;;India
C9126;Ravi;;60;;16/3/2021;3/7/2024;;10;;9373137526;9373137526;USA
;Pooja;Male;;Mumbai;28/9/2021;;;1;user9126mail.com;973727293;0973727293;India
;Sneha;;;Chennai;13/3/2022;5/3/2025;2512.49;4;user9127mail.com;957752382;0957752382;Australia
C9129;Amit;Female;;Delhi;;6/8/2021;;;;;;Canada
;Pooja;;;Bangalore;;11/2/2025;;4;;;;UK
C9131;Kiran;Female;;Bangalore;;;;10;;;;UK
C9132;Amit;;48;Mumbai;;;;;user9131mail.com;;;Canada
C9133;Rahul;Female;;Chennai;;;1480.48;1;user9132mail.com;;;UK
C9134;Neha;;;Hyderabad;14/6/2025;;;5;;;;Australia
C9135;Rahul;Male;;Chennai;;11/7/2022;;10;user9134mail.com;9591784671;9591784671;India
C9136;Kiran;;;Pune;15/1/2023;;;;;9122347474;9122347474;UK
C9137;Rahul;Male;;Pune;21/11/2024;;;5;;;;UK
C9138;Ravi;Male;;;30/9/2024;;;3;;;;USA
C9139;Kiran;Female;33;Delhi;;1/2/2023;;1;;;;Canada
;;;;Bangalore;30/1/2021;;;10;;;;USA
C9141;Sneha;Male;;Chennai;17/1/2021;;;1;;;;Australia
;;Male;;Chennai;;18/9/2025;;4;;;;Canada
C9143;Amit;;64;Mumbai;;14/7/2021;;1;;;;UK
C9144;Neha;Female;;Bangalore;21/5/2024;;3923.12;;;;;USA
C9145;Sneha;Male;43;Chennai;2/12/2020;;;1;user9144mail.com;;;UK
C9146;Rahul;Male;;Chennai;4/11/2025;;;;user9145mail.com;9637358767;9637358767;
C9147;Ravi;Male;;Chennai;25/7/2023;16/12/2021;;2;;9357151131;9357151131;Canada
C9148;Rahul;Male;;Pune;;;;1;user9147mail.com;9946776961;9946776961;Canada
C9149;Kiran;;;Pune;19/9/2021;12/3/2025;;1;user9148mail.com;;;Australia
C9150;Ravi;;;Hyderabad;2/10/2021;;3015.79;2;;;;UK
C9151;Priya;Male;;Mumbai;;16/11/2024;2652.24;4;user9150mail.com;;;UK
;Ravi;;;;;1/2/2024;;10;;;;USA
C9153;Priya;Female;64;Kolkata;9/2/2022;;;1;;;;Australia
C9154;Sneha;Female;;Pune;8/8/2020;;;;user9153mail.com;;;Australia
;Pooja;Male;;Chennai;12/7/2025;21/3/2024;;10;;;;Canada
C9156;Kiran;Female;;Bangalore;30/10/2025;2/4/2025;;;user9155mail.com;;;
C9157;Ankit;Female;;Delhi;;;;;user9156@mail.com;96528572;0096528572;UK
C9158;Neha;;;;;;2167.26;3;user9157mail.com;;;UK
C9159;Ankit;Male;38;Kolkata;;;;10;;;;USA
C9160;Pooja;Female;48;Delhi;;;;;user9159mail.com;;;Canada
C9161;Neha;Male;;Delhi;13/3/2025;;3669.53;4;user9160mail.com;979513184;0979513184;USA
C9162;Simran;;;Kolkata;19/10/2020;;;;user9161mail.com;9748564215;9748564215;Australia
;Kiran;Female;;;5/2/2025;26/8/2022;;;;;;UK
C9164;Amit;Female;63;Hyderabad;30/4/2021;;;;;;;Canada
C9165;Ravi;Female;;Bangalore;23/3/2021;;;;;942991863;0942991863;Canada
;Ravi;;;;24/1/2022;;3782.72;;user9165@mail.com;9858394267;9858394267;Australia
C9167;;Female;;Ahmedabad;;;;;;;;India
C9168;Neha;;;Chennai;20/7/2024;12/7/2021;;;;;;USA
C9169;Amit;Female;;;30/10/2025;26/11/2022;;10;;973921712;0973921712;
C9170;Neha;Male;;Mumbai;22/1/2026;;;10;;9471683451;9471683451;Australia
C9171;Priya;Male;;Delhi;;;;1;;;;
C9172;Kiran;Male;;Hyderabad;;;;;;;;UK
C9173;;;43;Mumbai;;;3476.13;;;;;UK
C9174;Amit;Male;;Bangalore;;29/3/2022;;10;user9173mail.com;;;India
C9175;Neha;Male;;Bangalore;25/4/2021;;;1;user9174mail.com;;;Canada
C9176;Ankit;Male;;Delhi;;;4901.52;1;user9175mail.com;;;USA
C9177;;Male;;Bangalore;29/9/2025;;;;user9176@mail.com;;;USA
C9178;Ankit;Female;;Kolkata;8/10/2022;;;1;;;;USA
C9179;Amit;Male;33;Pune;30/3/2025;;;10;user9178mail.com;;;Australia
;Amit;Male;;Ahmedabad;23/4/2024;2/11/2024;;;;9494989626;9494989626;
C9181;Amit;Female;;Chennai;;13/7/2022;;;;;;USA
C9182;Kiran;Female;;Chennai;7/12/2022;;;10;user9181mail.com;;;India
;Rahul;Female;;Kolkata;;18/1/2021;2809.19;2;user9182mail.com;;;
C9184;Pooja;Male;;Hyderabad;;;;1;user9183mail.com;;;
;Amit;Male;;Pune;11/12/2023;;;10;user9184mail.com;;;
C9186;Neha;;63;Delhi;;;;1;;9926265181;9926265181;Australia
C9187;Rahul;;;Delhi;4/4/2021;14/4/2022;;10;;;;Australia
C9188;Rahul;;39;Ahmedabad;23/11/2025;;;10;;;;USA
C9189;Pooja;Female;;Ahmedabad;16/8/2023;24/8/2022;;2;;;;India
C9190;Ravi;Male;32;Mumbai;;;2516.36;;;9723759796;9723759796;
C9191;Sneha;Female;;Bangalore;;7/7/2021;;;;;;UK
C9192;;Male;;Mumbai;;20/9/2022;;10;user9191mail.com;;;
;Sneha;Female;30;Bangalore;9/1/2021;2/4/2022;1751.22;1;user9192mail.com;;;
C9194;Priya;Female;;Kolkata;;23/3/2023;;;user9193mail.com;;;
C9195;Rahul;;;Mumbai;;3/5/2023;277.51;;user9194@mail.com;;;India
C9196;Ravi;Female;;;16/8/2020;27/3/2025;1686.13;10;user9195@mail.com;;;
;Pooja;Male;;Kolkata;18/6/2023;7/12/2025;4113.91;;;947297626;0947297626;Canada
C9198;Ankit;Female;70;;;6/1/2025;;1;user9197@mail.com;;;Canada
C9199;Ankit;Female;;Mumbai;;18/12/2022;2623.85;10;user9198@mail.com;;;India
C9200;Ravi;Female;31;Delhi;2/5/2024;;430.38;;user9199mail.com;;;USA
C9201;Pooja;;;Delhi;;;;4;;;;
C9202;Pooja;;61;;;13/4/2024;;;;;;Australia
C9203;Ankit;;52;Kolkata;17/2/2025;;4120.73;;user9202@mail.com;997774732;0997774732;Australia
;Amit;;29;Chennai;;15/5/2023;;10;;;;UK
C9205;;;;Hyderabad;25/5/2021;12/10/2020;;1;user9204mail.com;;;Canada
C9206;Pooja;Female;;Mumbai;;3/9/2020;;10;;;;Australia
;Rahul;;;Delhi;;;;10;user9206mail.com;923577562;0923577562;
;Rahul;Female;;Pune;29/7/2023;;;10;;9531314335;9531314335;Australia
C9209;Rahul;Female;;Delhi;;26/7/2021;;1;user9208@mail.com;;;Canada
C9210;;Male;38;;31/10/2023;26/11/2024;;1;user9209@mail.com;95329272;0095329272;UK
C9211;;Male;;Pune;4/2/2024;25/11/2020;;10;user9210@mail.com;;;Canada
C9212;Ravi;Female;;Bangalore;5/11/2021;;2247.53;1;;;;Australia
C9213;Kiran;Male;;Kolkata;16/3/2022;;1089.16;5;;;;India
C9214;;;;Ahmedabad;12/7/2021;;;1;user9213@mail.com;95164914;0095164914;USA
C9215;Simran;Female;46;Chennai;20/4/2022;21/6/2024;3029.86;;;9245157276;9245157276;USA
C9216;Ravi;Male;50;Kolkata;14/7/2022;5/3/2024;;;;;;
C9217;Priya;Male;;Pune;;;;;user9216@mail.com;;;Australia
;Ravi;Female;;Hyderabad;;29/7/2023;;1;user9217mail.com;968411736;0968411736;India
C9219;Kiran;Female;;Kolkata;15/11/2023;;;;;;;India
C9220;;;;Pune;25/12/2020;27/3/2025;1354.39;1;user9219@mail.com;;;USA
;Priya;Male;;Bangalore;23/12/2021;;4006.5;10;;;;India
C9222;Rahul;;;Kolkata;29/8/2022;;;4;;;;USA
C9223;Kiran;Female;;Mumbai;22/10/2023;;;;user9222mail.com;;;Canada
C9224;Ravi;Female;;Hyderabad;;;;1;;;;UK
C9225;Sneha;Male;;;;;;10;;;;Australia
C9226;Simran;Female;57;;;26/9/2024;;10;user9225@mail.com;9417883363;9417883363;USA
C9227;Amit;Male;;Mumbai;7/11/2025;2/5/2025;;10;user9226mail.com;;;USA
C9228;Ravi;Female;37;Pune;;;;1;;;;India
;Priya;Male;64;Chennai;;;;5;user9228mail.com;;;Canada
;Pooja;Female;;Delhi;;10/1/2021;;1;;;;Canada
C9231;Ankit;Male;40;Kolkata;;25/2/2024;;1;;;;Canada
C9232;Rahul;Female;;Pune;22/3/2021;;;10;user9231@mail.com;9122789198;9122789198;Canada
C9233;;Male;;Kolkata;;;4992.82;3;user9232@mail.com;;;USA
C9234;Ankit;;;Delhi;;11/8/2024;;1;user9233mail.com;;;UK
C9235;Sneha;Male;;Chennai;;;;10;user9234mail.com;;;UK
;Amit;Female;68;;;;;1;user9235@mail.com;;;USA
;Amit;Female;68;Mumbai;;;;3;;939315196;0939315196;UK
C9238;Rahul;Female;;Chennai;;22/5/2021;4872.95;10;;;;USA
C9239;Kiran;;;;;13/6/2023;;1;;;;USA
C9240;Rahul;Female;;Hyderabad;;;;10;;;;Canada
C9241;Rahul;Male;;;19/5/2023;13/3/2022;;10;;99872596;0099872596;India
C9242;Neha;Female;;Kolkata;;;2035.07;;;;;USA
C9243;Neha;Male;;Chennai;25/1/2024;9/8/2024;2320.09;1;;97121999;0097121999;India
;;Female;;Pune;;;;2;user9243@mail.com;;;Canada
;;Female;;Chennai;;;;1;;;;UK
C9246;Neha;Male;20;Chennai;21/10/2025;;;1;;;;Australia
;Sneha;Female;;Kolkata;;;4209.53;4;user9246@mail.com;;;India
;Neha;Male;;Pune;13/1/2026;;;2;user9247mail.com;;;Australia
;;Male;;Mumbai;;;;10;;91864322;0091864322;UK
C9250;Amit;Male;44;Hyderabad;;;;;;;;UK
C9251;;Male;;Pune;;;;5;;;;
;Sneha;Male;18;Bangalore;1/10/2022;;2337.39;10;;;;UK
;;;59;Ahmedabad;26/2/2022;17/9/2023;;1;user9252mail.com;;;Canada
;Simran;Male;;Pune;;;;;user9253@mail.com;;;UK
C9255;Rahul;Female;38;Bangalore;;29/6/2023;;10;;;;USA
C9256;Pooja;Female;;Pune;;;;10;;;;Canada
C9257;;Male;56;Chennai;15/8/2024;;2627.45;10;;927814935;0927814935;India
C9258;;;;Hyderabad;10/7/2021;;;10;;;;
C9259;Ankit;Female;41;Mumbai;23/2/2021;;;;;;;Canada
C9260;Kiran;Female;;Hyderabad;;;;4;user9259@mail.com;;;USA
C9261;Amit;Female;;Kolkata;22/10/2023;;;1;;;;Canada
C9262;;Female;;Chennai;29/7/2022;;2841.01;1;;;;USA
C9263;Neha;Female;;Bangalore;21/11/2021;23/9/2020;;;user9262mail.com;9926393328;9926393328;India
;Rahul;Male;;Mumbai;26/7/2022;;2157.53;1;;;;Australia
C9265;Kiran;Male;;Mumbai;26/3/2023;;3252.35;1;user9264@mail.com;;;UK
C9266;Kiran;Female;;Ahmedabad;;8/9/2022;;;user9265mail.com;;;Australia
;Neha;Female;;Ahmedabad;;;;;;;;USA
C9268;Sneha;Male;;Mumbai;;;;1;user9267mail.com;963453819;0963453819;UK
C9269;Ankit;;;Mumbai;12/4/2021;;4527.31;5;;9818761448;9818761448;Australia
;Kiran;Male;;Chennai;4/9/2021;;;4;;;;Canada
C9271;Amit;Female;;Bangalore;7/7/2025;;1544.64;;;92688456;0092688456;Australia
C9272;;Female;;Delhi;;;;;;94492637;0094492637;
;;Female;;Pune;;13/7/2022;2685.8;1;;95251636;0095251636;India
C9274;Sneha;;63;Kolkata;;;;10;user9273@mail.com;91623965;0091623965;Canada
C9275;Rahul;Male;57;Pune;8/6/2021;18/10/2025;;1;user9274@mail.com;9341752791;9341752791;India
C9276;Priya;;;Ahmedabad;;;;4;;;;UK
C9277;Sneha;Male;;Pune;31/10/2024;;584.74;10;;;;Canada
C9278;Ankit;Male;;Bangalore;2/9/2022;6/10/2020;;10;;;;UK
C9279;Simran;Male;;Bangalore;31/5/2025;;;10;;;;USA
C9280;Priya;;;Mumbai;;;;10;user9279mail.com;967986857;0967986857;Australia
C9281;Amit;Female;;Mumbai;28/2/2021;;;10;user9280@mail.com;9718489622;9718489622;USA
C9282;;;69;Pune;;28/8/2020;3123.06;10;user9281@mail.com;;;UK
;Kiran;Male;;Bangalore;;6/3/2024;3451.2;1;;;;Canada
C9284;Sneha;Female;;Kolkata;;;;1;user9283@mail.com;;;
;Rahul;Male;;Mumbai;10/9/2020;;;10;user9284mail.com;;;Canada
C9286;Rahul;Male;37;Mumbai;;;;1;;;;UK
;;Female;45;Hyderabad;17/5/2023;28/8/2025;1699.5;1;user9286mail.com;;;Canada
C9288;Ankit;Male;;Bangalore;29/8/2021;;2779.49;1;user9287@mail.com;;;
;Pooja;;;Ahmedabad;9/11/2022;12/6/2022;;;user9288@mail.com;;;UK
;Priya;;27;Delhi;;;;;;;;UK
C9291;Neha;Female;;Mumbai;;;2767.65;;;;;Canada
C9292;Sneha;Male;;Kolkata;;;4860.1;;user9291mail.com;9617812365;9617812365;Canada
C9293;Priya;;;Kolkata;21/2/2023;17/9/2021;;4;user9292@mail.com;;;USA
C9294;Priya;;;Kolkata;25/2/2025;28/1/2021;;1;user9293mail.com;945247487;0945247487;India
C9295;Pooja;;;Delhi;;;;4;;;;India
C9296;Neha;;;Kolkata;;7/1/2021;;4;user9295@mail.com;;;
C9297;Ravi;;27;;;;;10;user9296mail.com;;;USA
C9298;Kiran;Female;;Hyderabad;19/11/2022;;3633.62;1;;99875568;0099875568;USA
;Simran;;;Kolkata;23/8/2022;21/3/2025;;1;user9298@mail.com;;;
;Ankit;;;Chennai;8/10/2024;;;;user9299@mail.com;;;Canada
C9301;;Male;;Hyderabad;31/10/2022;11/8/2024;;1;;9438934581;9438934581;India
C9302;;Female;;;16/1/2026;;;5;;;;India
;Kiran;Male;;Ahmedabad;4/8/2022;13/1/2021;2366.69;5;;;;USA
C9304;Sneha;;;Kolkata;4/2/2021;;;10;;;;India
C9305;Priya;Male;;Pune;;6/12/2023;966.94;1;;9422761986;9422761986;USA
C9306;Simran;Male;;Delhi;19/4/2021;;;4;user9305@mail.com;;;
C9307;Priya;Male;;Chennai;;6/9/2024;;3;;963984176;0963984176;UK
C9308;Kiran;Female;;Ahmedabad;17/1/2025;2/9/2024;;10;;;;India
;Rahul;Male;;Pune;3/1/2025;24/3/2022;;3;;;;Canada
C9310;Kiran;Female;;Delhi;;;;;;;;India
C9311;Ravi;Female;;Delhi;;11/2/2023;;2;;;;Australia
C9312;;Male;;Mumbai;15/12/2022;;;;;912384845;0912384845;Canada
C9313;;Male;;Bangalore;8/5/2021;8/11/2022;;10;;;;India
C9314;Ravi;Male;;Bangalore;;8/11/2022;;10;;;;
C9315;;Male;;Mumbai;28/8/2021;;;2;;986826549;0986826549;Australia
C9316;Ankit;Female;66;Hyderabad;;;3550.73;;user9315@mail.com;;;
C9317;Amit;Female;;Kolkata;;;4296.47;;user9316@mail.com;;;Australia
C9318;;;;Pune;17/6/2022;;;;user9317@mail.com;;;UK
;Ankit;Female;;Bangalore;;;;5;;;;USA
C9320;Ankit;;;Pune;;;;3;user9319@mail.com;;;India
C9321;Ankit;Female;;Pune;2/11/2023;15/10/2024;3387.88;1;;;;India
C9322;Sneha;Male;;Pune;;;;;user9321@mail.com;;;UK
C9323;Rahul;Male;;Hyderabad;17/10/2020;;;1;user9322mail.com;91181266;0091181266;Australia
C9324;Amit;;;Bangalore;;;;;user9323@mail.com;;;UK
;Rahul;Male;;Delhi;23/7/2021;3/1/2023;470.14;;user9324@mail.com;;;India
C9326;;Male;;Mumbai;6/10/2020;;;10;;;;
C9327;Rahul;Female;;Bangalore;;;;10;user9326@mail.com;;;USA
C9328;;Female;24;Pune;;;;4;user9327@mail.com;;;Australia
C9329;Neha;Female;;Pune;31/7/2022;21/1/2024;;1;;;;UK
C9330;Ankit;Male;44;Pune;;;208.01;10;user9329@mail.com;;;
;Neha;Male;;Delhi;;;;10;user9330mail.com;9341443832;9341443832;
;Simran;;;Hyderabad;16/11/2024;;;1;;;;Australia
C9333;Neha;;;;;;;;user9332mail.com;;;
;Sneha;;52;Ahmedabad;28/2/2024;;;1;user9333mail.com;9274957395;9274957395;Canada
C9335;Kiran;Female;;;13/8/2020;16/6/2024;;10;;;;Canada
C9336;Kiran;Male;;Kolkata;17/7/2021;;418.61;10;user9335mail.com;;;India
;Ravi;;;Chennai;;10/4/2025;;;;;;USA
C9338;Simran;Female;34;;;;;3;user9337mail.com;;;Canada
C9339;Amit;;;;6/10/2022;10/12/2024;;1;;;;Canada
C9340;Simran;Male;40;Ahmedabad;;;;;user9339@mail.com;;;India
;Kiran;Female;;Mumbai;;24/8/2022;;10;;;;UK
;Amit;;;Bangalore;;;;1;;;;Australia
;Sneha;Female;;;;;;10;;;;Canada
C9344;Ravi;;;Chennai;22/1/2021;;;10;;917833286;0917833286;
;Simran;Male;;Hyderabad;;2/10/2024;;10;user9344mail.com;;;India
C9346;Rahul;;;Delhi;30/6/2025;;569.25;5;;;;USA
C9347;;;;Bangalore;25/6/2024;;;1;user9346@mail.com;;;
;Priya;Female;;Pune;;;;1;;;;Australia
C9349;Amit;Male;58;Delhi;7/12/2022;;;10;user9348@mail.com;;;USA
C9350;Rahul;;42;;21/7/2025;14/5/2022;;1;;949211338;0949211338;USA
C9351;Sneha;Male;;Chennai;;;;10;user9350mail.com;;;India
;Kiran;Female;;Ahmedabad;;21/5/2023;;;user9351@mail.com;9889268722;9889268722;India
;Ankit;Female;51;Ahmedabad;4/10/2021;;;1;;;;UK
;Rahul;Male;69;Bangalore;;12/7/2021;;10;user9353mail.com;93469744;0093469744;India
C9355;Sneha;Female;;Delhi;;;3848.02;3;;;;USA
C9356;;Female;;;11/9/2020;4/10/2022;;;;;;India
C9357;Sneha;Female;;;1/2/2023;16/8/2022;;2;user9356@mail.com;;;India
C9358;Pooja;Female;63;Kolkata;;;801.22;1;user9357mail.com;;;Canada
C9359;Rahul;Female;;Chennai;;16/9/2020;;;user9358mail.com;98425918;0098425918;
C9360;;Male;22;Ahmedabad;8/5/2021;;;;user9359@mail.com;;;UK
;Pooja;Female;;Bangalore;;;;1;user9360@mail.com;;;Canada
C9362;Amit;;;Ahmedabad;18/4/2022;28/1/2025;;10;;;;
;Sneha;Female;;Pune;16/3/2022;;;1;;;;Canada
C9364;Ankit;;;Bangalore;;6/8/2020;;1;;;;Australia
;Sneha;Female;69;Delhi;;13/9/2022;;1;;97381622;0097381622;Australia
C9366;Pooja;Female;19;;;3/6/2025;81.48;5;user9365mail.com;;;UK
C9367;Sneha;Male;61;Pune;11/3/2023;8/2/2023;3977.31;;user9366@mail.com;;;UK
;Simran;;;Kolkata;;3/5/2024;;1;user9367mail.com;9181433838;9181433838;India
;;Female;21;;;23/4/2025;;;;;;Australia
C9370;Kiran;Female;64;Kolkata;27/6/2023;19/9/2020;;1;;;;India
C9371;Neha;Female;;Chennai;;;;10;user9370@mail.com;;;India
C9372;Sneha;;;Bangalore;21/7/2024;;;;;;;UK
C9373;;Male;42;Delhi;;5/3/2021;;1;;95986325;0095986325;Canada
C9374;Kiran;;;Ahmedabad;13/11/2022;;3253.48;;;;;
C9375;Ankit;Female;;Kolkata;14/6/2021;7/11/2025;;;user9374@mail.com;;;Australia
C9376;Sneha;Male;45;Bangalore;;4/3/2025;;4;user9375@mail.com;;;USA
C9377;Pooja;Female;;Chennai;;;2803.61;;;;;India
C9378;;Female;;Pune;;21/8/2024;;;user9377@mail.com;;;USA
C9379;Ravi;Female;;Delhi;13/8/2021;;;;user9378mail.com;98247614;0098247614;UK
C9380;Pooja;;;Chennai;;13/4/2022;;;user9379@mail.com;;;India
C9381;Neha;;;Bangalore;;;;;;;;India
C9382;Ravi;Male;;;4/9/2022;;;10;user9381mail.com;;;USA
C9383;;Male;54;;;;;;user9382@mail.com;;;Canada
C9384;Ankit;Female;;Pune;24/12/2023;;;;;;;India
C9385;Kiran;Female;;Mumbai;27/3/2022;;;10;user9384mail.com;;;USA
C9386;Ravi;Female;;Mumbai;;1/11/2023;;10;;;;Australia
C9387;Neha;Male;;Mumbai;17/11/2022;;;4;;;;Canada
C9388;Pooja;;;Pune;;;;4;;9658566723;9658566723;UK
C9389;Neha;Female;;Mumbai;22/3/2024;22/2/2023;2113.61;10;user9388@mail.com;;;India
C9390;Kiran;;;Delhi;;;;1;;9751838891;9751838891;India
C9391;Priya;Male;;Mumbai;;8/9/2024;;2;user9390@mail.com;9257378611;9257378611;UK
C9392;Sneha;Female;52;Hyderabad;29/4/2024;;;1;user9391@mail.com;;;India
C9393;Ravi;Female;47;Pune;;;;;;;;Australia
C9394;Pooja;Female;22;Kolkata;;;;1;;;;India
C9395;Sneha;Male;57;Delhi;31/12/2021;19/9/2025;;5;;;;UK
C9396;Kiran;Female;;Ahmedabad;;5/8/2021;;;;;;USA
C9397;Ravi;Female;;Hyderabad;;;;10;user9396mail.com;;;UK
C9398;Simran;;;Chennai;5/8/2024;;1449.4;;user9397@mail.com;;;Canada
C9399;Simran;Female;68;Kolkata;;;1839.17;1;;;;UK
C9400;Neha;;;Ahmedabad;29/11/2023;;;;;;;India
C9401;Sneha;Male;;Bangalore;;14/4/2024;;;user9400mail.com;;;USA
C9402;;;;Chennai;7/2/2025;14/1/2024;;10;;939421746;0939421746;
C9403;Priya;Female;58;Kolkata;;31/7/2024;;1;;;;
C9404;;Male;69;Kolkata;;17/1/2025;;;user9403@mail.com;;;Canada
;Ravi;Female;;;;;;;user9404@mail.com;;;Australia
C9406;Kiran;Male;43;Mumbai;6/9/2021;9/9/2024;;;;;;India
C9407;Pooja;;;Pune;13/12/2021;11/5/2021;;1;user9406@mail.com;;;
;;Female;;Chennai;;;;2;;;;Canada
C9409;;Female;;Chennai;11/10/2021;;688.94;1;user9408mail.com;;;UK
C9410;Simran;Male;;Kolkata;;3/4/2022;;10;user9409mail.com;965193618;0965193618;Australia
;Priya;Female;;;;25/9/2023;;10;user9410@mail.com;;;
C9412;;Male;;Kolkata;21/1/2025;;;1;user9411@mail.com;;;USA
;Rahul;;;Hyderabad;;30/6/2021;;1;user9412mail.com;;;Canada
C9414;Amit;Male;;Mumbai;;;;1;user9413@mail.com;9547349776;9547349776;Australia
;Ravi;Male;64;Mumbai;4/4/2023;;;10;;983234915;0983234915;USA
;;;;Pune;6/7/2023;;;1;;;;
;Pooja;Male;;Hyderabad;16/4/2021;;2480.24;1;;;;Canada
C9418;;Male;22;Bangalore;;;;10;;9849481634;9849481634;
;Neha;Female;25;Mumbai;12/8/2025;;;5;;;;India
C9420;Neha;Female;;Mumbai;6/8/2024;;;4;;;;India
;Amit;Female;;Chennai;2/3/2024;;4484.47;1;;;;USA
;;;62;Hyderabad;12/8/2025;15/7/2025;2144.41;3;;;;Canada
C9423;Sneha;Male;;Kolkata;;19/12/2024;;1;;;;India
C9424;Priya;;;Ahmedabad;;;;1;;;;
;Amit;Male;;Kolkata;2/12/2021;;1347.08;1;user9424mail.com;;;India
C9426;Priya;;;;6/9/2025;;875.87;;;951446541;0951446541;India
C9427;Ravi;;;Ahmedabad;31/1/2021;;;10;user9426mail.com;9263921824;9263921824;Australia
C9428;Kiran;Male;;Mumbai;;;;10;user9427@mail.com;;;USA
C9429;Ankit;Male;;Chennai;;19/9/2020;485.36;5;;91659976;0091659976;Australia
C9430;;;23;Ahmedabad;26/7/2021;;3621.47;5;user9429@mail.com;981519456;0981519456;
C9431;Amit;;;Pune;2/2/2021;;1758.48;2;user9430@mail.com;;;USA
;;Male;70;;;10/12/2024;1382.64;1;;;;India
C9433;Ravi;;33;Bangalore;;30/9/2022;;10;;;;Australia
C9434;Pooja;Male;;Pune;;16/12/2022;;5;user9433mail.com;;;Canada
C9435;;;;Ahmedabad;;25/2/2023;;2;user9434mail.com;;;
C9436;Simran;;25;Pune;6/8/2022;;;10;user9435mail.com;;;
C9437;;;;Chennai;;17/4/2022;;10;;;;UK
;Pooja;Male;19;Pune;;14/11/2020;;;;;;India
;Ankit;Male;;Chennai;6/7/2022;;;10;;;;India
;Simran;Male;;Chennai;;;;5;user9439mail.com;;;Australia
C9441;;Female;;Chennai;17/10/2024;;492.43;1;user9440mail.com;;;UK
;Pooja;Female;;Kolkata;25/8/2024;23/10/2022;2043.03;;;;;UK
C9443;Sneha;Female;;Kolkata;;23/11/2020;;1;;;;Canada
C9444;Pooja;Female;;Hyderabad;26/4/2023;;;1;user9443mail.com;9474256;0009474256;UK
C9445;Priya;Female;;Chennai;6/3/2022;;;10;;;;India
C9446;;Female;;Hyderabad;25/2/2025;;;10;user9445mail.com;;;UK
C9447;Simran;Male;;Ahmedabad;7/7/2021;;2249.68;3;user9446mail.com;;;Australia
;Neha;;;Bangalore;;;;10;user9447@mail.com;;;India
C9449;Ankit;Male;;Delhi;;6/10/2021;;1;user9448mail.com;9541129215;9541129215;India
C9450;Sneha;Female;20;Kolkata;12/4/2024;;;1;;;;Canada
C9451;Ravi;Male;;Mumbai;19/8/2020;;;1;;;;USA
C9452;Ravi;Female;;Hyderabad;;;;10;;;;USA
;Rahul;Male;;Ahmedabad;26/4/2022;;;5;user9452@mail.com;;;India
;Ravi;Male;;Mumbai;;28/11/2024;;;user9453mail.com;;;USA
C9455;Ankit;Male;;Mumbai;;17/11/2023;650.63;5;user9454mail.com;;;
C9456;;Male;;Delhi;;;;2;;;;Canada
C9457;Amit;Male;;Bangalore;30/11/2024;;;1;user9456mail.com;9446635616;9446635616;
;Sneha;Male;;Chennai;28/1/2025;;;1;;;;Canada
;Rahul;;;Delhi;1/11/2023;;941.36;1;user9458mail.com;989548125;0989548125;Canada
C9460;;Female;;Kolkata;6/11/2024;31/10/2022;;;;9457635;0009457635;India
C9461;Priya;Female;54;Delhi;31/1/2023;;;1;user9460mail.com;;;India
;Pooja;;;Mumbai;;;3227.57;1;user9461mail.com;;;Canada
C9463;Ravi;Female;38;Ahmedabad;13/2/2021;2/2/2021;3774.3;1;;9145278765;9145278765;India
C9464;Rahul;Female;;;;;;10;user9463mail.com;;;Australia
C9465;Neha;;;Ahmedabad;30/11/2020;;;;user9464@mail.com;;;India
C9466;Amit;Female;;Chennai;11/12/2021;;;1;;959957159;0959957159;USA
;Rahul;Female;34;;;12/8/2024;;1;user9466mail.com;;;India
C9468;;;;Mumbai;;8/1/2024;;1;;;;USA
C9469;Amit;Female;31;;;1/8/2022;3729.3;;user9468@mail.com;;;India
C9470;;Male;63;Ahmedabad;;;;10;;95695926;0095695926;USA
C9471;;Male;59;Hyderabad;7/10/2025;;1278.13;;user9470@mail.com;;;USA
;Sneha;Female;;Ahmedabad;;;3666.79;4;;;;Australia
C9473;Pooja;Female;69;;29/6/2022;;;10;user9472mail.com;;;USA
;Kiran;Female;22;Ahmedabad;;;2864.11;1;user9473@mail.com;99692558;0099692558;
;Amit;Male;;Delhi;;;;;user9474mail.com;;;Australia
C9476;Simran;Male;;Bangalore;1/4/2023;;;;user9475mail.com;;;
;Ankit;Male;;;1/12/2022;;3903.64;3;;;;Canada
;Kiran;Male;24;Ahmedabad;13/4/2021;;;1;;;;India
C9479;Ankit;;;Chennai;13/6/2021;20/4/2023;975.84;;;;;India
;Rahul;Male;;Delhi;2/6/2023;;;1;user9479@mail.com;9312625129;9312625129;USA
;Amit;Female;;;6/4/2023;;;;user9480@mail.com;;;Australia
;Rahul;Male;;;;19/8/2022;;;user9481mail.com;;;Australia
C9483;Sneha;Female;;Chennai;30/11/2021;16/12/2022;2580.54;10;;;;UK
C9484;Neha;Female;;Bangalore;;6/12/2023;;;;;;UK
C9485;Sneha;;;Mumbai;;;4532.79;10;;;;UK
C9486;Neha;Female;;;;;;10;user9485@mail.com;;;India
;;Female;;Delhi;;17/12/2021;3795.4;;;;;USA
C9488;Simran;;;Hyderabad;;22/2/2021;1698.03;10;user9487@mail.com;;;Canada
C9489;;Female;42;;;;;10;user9488mail.com;;;India
C9490;Sneha;;;Kolkata;12/9/2020;;;;user9489mail.com;93466681;0093466681;Canada
;Simran;Female;;Mumbai;27/6/2024;;;1;user9490mail.com;;;India
;Neha;;;;15/1/2024;;;;;;;USA
C9493;Pooja;Female;;Pune;;30/9/2021;10.56;;;9899789595;9899789595;USA
C9494;Ankit;Female;;Delhi;;;1693.61;;user9493@mail.com;;;Australia
C9495;Simran;Female;;Mumbai;16/9/2025;;1933.16;3;user9494mail.com;;;UK
C9496;;Male;61;Pune;26/3/2021;;3548.5;4;;;;India
C9497;Sneha;Male;;Ahmedabad;31/5/2024;;;1;user9496@mail.com;;;
C9498;Simran;Female;;Pune;;;;4;user9497@mail.com;98513394;0098513394;
C9499;Neha;;;Bangalore;;;;10;;;;USA
;Ravi;;;Ahmedabad;;4/1/2022;;1;user9499@mail.com;9395398784;9395398784;India
;Pooja;;;Bangalore;;18/6/2022;;1;;;;UK
C9502;Sneha;Male;43;Delhi;;;4315.74;3;;;;India
C9503;Amit;Male;;Kolkata;;;784.04;2;;;;Canada
;;;;Bangalore;5/6/2022;;3221.91;1;;;;USA
C9505;Pooja;Male;;Delhi;3/5/2024;;;10;user9504@mail.com;;;India
;Priya;Female;59;Ahmedabad;7/8/2024;;;;;;;
C9507;Rahul;Male;;Chennai;;;;;user9506@mail.com;;;Canada
C9508;;Female;;Bangalore;;;485.13;;;;;Australia
C9509;Neha;;;Delhi;;19/11/2021;4879.26;1;user9508@mail.com;;;
C9510;Amit;Female;;Chennai;27/2/2023;;545.76;2;user9509mail.com;94388522;0094388522;Australia
C9511;Priya;;;Pune;6/9/2025;;4711.44;1;user9510mail.com;;;USA
C9512;Ravi;Male;;Bangalore;13/12/2020;;;;user9511mail.com;;;Australia
C9513;Neha;Female;;Hyderabad;30/9/2020;;;1;;;;USA
;;Male;;Hyderabad;;;;10;user9513mail.com;9181163521;9181163521;UK
;Rahul;Female;;Ahmedabad;;18/4/2021;;10;user9514@mail.com;;;USA
C9516;Amit;;;Kolkata;;;;4;user9515mail.com;;;USA
;Simran;Female;40;Hyderabad;29/10/2023;;;;;926684854;0926684854;Australia
C9518;Rahul;Female;;Chennai;;;;5;;;;Canada
C9519;Kiran;Female;69;Pune;;;;;;;;Canada
C9520;Priya;Male;;Mumbai;15/9/2020;26/3/2024;;3;;;;UK
C9521;Pooja;Female;32;Kolkata;;;;;;;;India
;Priya;Male;38;Ahmedabad;15/1/2023;20/5/2022;3393.38;3;user9521@mail.com;;;India
C9523;Neha;Male;;Mumbai;15/12/2020;;;;user9522@mail.com;;;USA
C9524;Ankit;;;Chennai;27/12/2023;;;5;user9523mail.com;;;USA
C9525;Sneha;Male;;Ahmedabad;;;897.92;1;;;;USA
C9526;;;;Ahmedabad;2/10/2025;;;;user9525@mail.com;;;USA
;Pooja;Male;;Pune;;;;1;user9526mail.com;;;India
C9528;Simran;Male;;Pune;6/8/2020;;;1;;;;India
C9529;Simran;Male;;Hyderabad;;11/6/2025;;3;;;;
C9530;Rahul;Female;32;Hyderabad;;;;;user9529@mail.com;91158881;0091158881;
;Pooja;Male;;Pune;;;;;user9530@mail.com;;;UK
;Amit;Female;;Ahmedabad;;;;10;;937195813;0937195813;India
C9533;;Male;;Mumbai;;11/6/2024;3621.43;5;;;;Canada
C9534;Priya;;;Hyderabad;;;1544.2;10;;;;Canada
;;Male;;Ahmedabad;;;;;user9534mail.com;9694511536;9694511536;India
C9536;;Male;27;;14/10/2022;;;5;user9535@mail.com;95944391;0095944391;India
C9537;Ravi;Female;;;;17/3/2024;;1;;;;
C9538;;Female;20;Bangalore;17/10/2024;;4865.92;1;user9537mail.com;94784366;0094784366;USA
C9539;Kiran;Male;;Chennai;;21/9/2020;;10;user9538@mail.com;;;
C9540;Kiran;;;Hyderabad;;17/6/2021;;1;;;;Australia
C9541;Neha;Male;;Delhi;;;;1;user9540mail.com;;;India
C9542;Ankit;Male;42;Hyderabad;;19/9/2025;;10;user9541mail.com;;;USA
C9543;Pooja;Female;58;Hyderabad;;12/8/2022;;1;;9876692867;9876692867;USA
C9544;Amit;Male;19;;;7/3/2023;;1;user9543@mail.com;;;USA
C9545;Priya;Female;;Delhi;;;;10;;;;India
;Simran;Male;45;Kolkata;;;815.33;2;user9545@mail.com;9247324627;9247324627;Canada
C9547;Pooja;Female;51;Kolkata;;;;10;;;;Australia
C9548;Ankit;Male;;;;;;1;;;;UK
C9549;;Female;;Mumbai;1/5/2025;;2634.69;;;;;
C9550;Amit;Female;61;Kolkata;;;;;;;;India
C9551;Ravi;Male;;Chennai;25/1/2026;12/7/2021;;4;;;;India
;Neha;Male;;Mumbai;;;;10;;;;Canada
C9553;Amit;Male;18;Pune;16/6/2025;22/12/2020;1795.4;10;user9552mail.com;9171515879;9171515879;USA
C9554;Rahul;Male;;Hyderabad;;;;3;;988325754;0988325754;Australia
C9555;Ankit;;;Mumbai;;;1502.9;1;user9554mail.com;;;Canada
C9556;Kiran;Male;;;;6/4/2024;3512.93;;;921371227;0921371227;
C9557;Pooja;;;Bangalore;;10/4/2023;4078.42;10;;;;Canada
C9558;;Female;;Hyderabad;25/7/2023;;2135.31;10;user9557@mail.com;991332461;0991332461;
C9559;Ankit;;;Chennai;;;1575.62;1;user9558@mail.com;;;India
C9560;Ankit;Male;;Hyderabad;;;;;;9381389464;9381389464;Australia
C9561;Neha;;;Hyderabad;17/2/2024;;;;user9560mail.com;;;Canada
C9562;Simran;Male;;Ahmedabad;;;;10;user9561@mail.com;;;India
;Amit;Male;23;Kolkata;;;;5;;;;UK
;Neha;Female;30;Hyderabad;2/10/2023;;;10;;;;USA
C9565;;;;Mumbai;4/9/2024;;;1;;969681814;0969681814;India
C9566;Priya;Male;58;;;23/5/2025;;;;925848838;0925848838;Canada
;Kiran;Female;29;Pune;13/5/2022;;;;;;;India
;;Female;;Pune;;;;1;;;;
C9569;Priya;;;Chennai;;;;;user9568mail.com;9971368341;9971368341;UK
C9570;Sneha;;;Chennai;23/9/2025;;1409.13;;user9569@mail.com;;;Canada
C9571;Neha;Female;;Ahmedabad;26/7/2025;;;1;user9570mail.com;;;Canada
;Kiran;;;Chennai;;7/12/2025;;;user9571@mail.com;;;Australia
;Rahul;Female;;Bangalore;6/10/2024;21/5/2025;4969.11;2;user9572@mail.com;972724558;0972724558;Canada
C9574;Ankit;Female;;Delhi;19/10/2020;7/3/2023;;;user9573@mail.com;;;
;Kiran;Male;65;Mumbai;;;;10;user9574mail.com;;;USA
C9576;Kiran;Female;;Chennai;;20/2/2023;;1;user9575mail.com;;;Australia
C9577;Neha;Female;58;Pune;;;;10;;;;India
;Pooja;Female;;Delhi;5/6/2021;;;;user9577@mail.com;;;India
C9579;;Male;;Bangalore;10/6/2023;;;1;;;;Canada
;Simran;Male;;Bangalore;;26/11/2024;;1;;;;Australia
C9581;Neha;Male;;Ahmedabad;;;;1;;;;UK
C9582;Neha;Male;;Bangalore;;18/9/2025;;10;;;;Canada
C9583;Priya;Female;;Hyderabad;;;;;;;;UK
;Ankit;Female;;Chennai;10/7/2023;;;3;user9583@mail.com;;;
C9585;Ankit;Male;;Hyderabad;1/12/2022;;3063.25;;;;;Canada
C9586;Ankit;Female;67;Bangalore;29/1/2024;;;5;;;;UK
C9587;;;;;30/1/2024;7/5/2024;;1;user9586@mail.com;;;UK
;Simran;;;Delhi;1/10/2025;;;10;user9587@mail.com;9818578477;9818578477;UK
C9589;Sneha;;;Delhi;;;;10;;9173945221;9173945221;UK
;Neha;Male;31;Kolkata;;;;4;user9589mail.com;;;Australia
;Simran;Male;;;7/2/2023;27/12/2025;;3;user9590@mail.com;;;USA
C9592;Sneha;Male;;Pune;27/4/2023;;;2;;99164917;0099164917;Australia
C9593;;;59;Delhi;11/6/2022;;1691;1;user9592mail.com;;;USA
C9594;Ankit;Female;;Hyderabad;;;;;user9593@mail.com;9939746756;9939746756;Australia
C9595;;Female;;Delhi;;;;2;user9594mail.com;;;USA
C9596;Amit;;;Kolkata;16/7/2021;5/11/2021;;10;user9595@mail.com;;;USA
;Neha;Male;;Pune;;;;10;user9596mail.com;9613752325;9613752325;Australia
C9598;Simran;;;Hyderabad;;;;;user9597mail.com;;;USA
;Ravi;Male;;Pune;;29/12/2020;;5;;;;UK
C9600;Priya;Male;;Pune;1/1/2023;;;;user9599mail.com;;;India
C9601;Priya;;;Chennai;6/10/2020;;3290.44;1;user9600mail.com;9989892728;9989892728;UK
C9602;Kiran;;;Mumbai;25/7/2022;;4486.12;1;;;;Canada
C9603;Amit;Male;;Mumbai;7/6/2024;;1338.5;10;;9897913261;9897913261;USA
C9604;Rahul;Female;;Bangalore;;;;2;;;;Canada
C9605;Priya;Male;30;Mumbai;;;;1;user9604@mail.com;;;Canada
C9606;Ankit;Male;;Ahmedabad;18/11/2021;;;1;user9605mail.com;973696778;0973696778;UK
C9607;;Female;;Ahmedabad;;;;;;;;India
C9608;Ankit;Female;;Pune;23/10/2024;18/1/2026;;1;;;;Canada
;Priya;Female;;Delhi;;;;1;user9608@mail.com;;;
C9610;Priya;Male;69;Hyderabad;;;246.5;2;;;;Australia
C9611;Priya;Male;;Bangalore;10/8/2021;18/6/2024;;1;;;;UK
C9612;Ankit;Male;;Bangalore;;;;5;;;;
;Amit;Female;69;Hyderabad;;;;1;;957337657;0957337657;India
C9614;;Male;53;Chennai;5/11/2020;;;;;;;UK
C9615;Pooja;Male;;Delhi;;;;1;user9614@mail.com;;;Australia
C9616;Ravi;Male;;Hyderabad;;;2773.36;3;;;;
C9617;Rahul;;;Mumbai;11/8/2024;;;10;;;;Canada
C9618;;Female;;Chennai;13/6/2022;;;1;user9617mail.com;;;USA
C9619;Kiran;Male;;Bangalore;4/6/2022;;;1;user9618mail.com;;;Canada
;Pooja;Female;;Ahmedabad;15/8/2021;;;5;user9619mail.com;9887163291;9887163291;USA
C9621;Kiran;;20;Kolkata;;;2005.51;;;;;Canada
;Neha;;69;;;;;5;;;;
;Kiran;Female;;Hyderabad;28/10/2024;;;;;;;India
C9624;Simran;Male;;Hyderabad;;21/6/2024;;10;;;;Australia
;Neha;;;Delhi;;28/7/2023;;1;;;;India
;;Female;;Mumbai;;;3730.1;1;;;;USA
C9627;Sneha;Female;;Hyderabad;9/11/2020;2/12/2020;;;user9626mail.com;;;
C9628;Pooja;Female;;Delhi;;;1602.95;1;user9627@mail.com;;;UK
C9629;Sneha;Male;;;27/8/2022;12/4/2024;;10;;;;
C9630;Rahul;Female;;Delhi;;;;1;;;;India
;Ravi;Male;;Chennai;;;;1;;;;India
C9632;Sneha;Male;68;;;;;3;user9631mail.com;;;UK
C9633;Rahul;Female;;Kolkata;;;;10;;;;India
C9634;;;;Delhi;;;3639.92;4;user9633@mail.com;9673541;0009673541;Canada
C9635;Kiran;Female;64;Hyderabad;23/8/2020;;3757.76;;;;;Australia
C9636;Neha;;;Delhi;;9/11/2022;;1;;9924886232;9924886232;USA
C9637;;Male;;Mumbai;3/12/2025;7/8/2024;452.63;;;;;USA
;Kiran;;;Chennai;10/12/2022;20/2/2021;;;user9637mail.com;9967232296;9967232296;India
C9639;Priya;Male;40;Chennai;;;;2;user9638mail.com;;;USA
C9640;Rahul;Female;;Ahmedabad;;;1284.5;1;user9639mail.com;9681819472;9681819472;
C9641;Priya;Female;;Ahmedabad;;;;;user9640mail.com;;;Australia
C9642;Sneha;Female;;;16/7/2021;;2982.96;10;;;;India
C9643;Priya;Male;;;25/10/2025;;4269.73;;;;;Australia
C9644;Priya;Male;38;;;8/4/2024;;1;;;;USA
;Kiran;Female;;Mumbai;;19/10/2023;;10;;;;Australia
;Sneha;Female;;Delhi;14/1/2022;;;;;9151461236;9151461236;USA
;Amit;Female;;Hyderabad;;16/8/2021;983.58;2;user9646@mail.com;;;India
C9648;Ankit;Male;;Ahmedabad;3/7/2024;;4026.99;5;user9647@mail.com;;;USA
C9649;Priya;Male;;Chennai;;1/5/2022;3386.39;1;user9648@mail.com;987251853;0987251853;India
C9650;;Female;;Chennai;4/1/2021;27/12/2024;;10;user9649mail.com;;;UK
;Neha;;;;21/9/2023;18/9/2020;3489.13;1;user9650mail.com;;;UK
C9652;Neha;Female;48;Hyderabad;20/12/2022;25/6/2025;;5;user9651@mail.com;9752963835;9752963835;UK
C9653;Sneha;Female;;Pune;12/8/2023;;;1;user9652@mail.com;;;Australia
C9654;Simran;Male;;Hyderabad;;;;1;;;;Australia
C9655;Ravi;;;Mumbai;;18/10/2021;;1;;;;UK
C9656;Simran;Male;;Delhi;19/10/2024;26/7/2023;;10;user9655mail.com;;;
C9657;Priya;Female;36;;26/7/2024;;;;user9656@mail.com;92526122;0092526122;India
;;Male;;Mumbai;7/7/2025;;;10;user9657@mail.com;96648721;0096648721;Australia
C9659;Priya;Male;;Hyderabad;;;;;user9658@mail.com;937999729;0937999729;Canada
C9660;Neha;Female;;Pune;;11/10/2022;3394.53;1;;;;Australia
C9661;Amit;;;Delhi;;;;;;;;
C9662;Amit;Female;44;Pune;3/12/2020;15/6/2024;;1;;;;India
C9663;;Male;54;Ahmedabad;;16/8/2020;;;user9662mail.com;;;
C9664;;Female;;Chennai;;2/10/2025;1523.96;3;user9663@mail.com;;;Canada
C9665;Rahul;Female;;Mumbai;1/4/2024;;;1;user9664@mail.com;;;Canada
C9666;Simran;;51;Chennai;;23/12/2020;;10;;;;Canada
C9667;Kiran;;;Bangalore;;8/4/2024;2420.51;2;;;;USA
;Simran;Male;31;;29/10/2022;20/7/2024;2761.01;10;;;;UK
C9669;Priya;Female;;Mumbai;19/1/2026;12/6/2022;;1;user9668mail.com;9317262323;9317262323;UK
;Pooja;;62;Delhi;20/4/2023;;;1;;;;Canada
;Priya;Male;21;Bangalore;;;;1;;9293149451;9293149451;India
C9672;Kiran;Female;;Mumbai;;24/4/2023;;;user9671@mail.com;;;
C9673;Ravi;Male;;Pune;;;3614.94;10;user9672@mail.com;;;India
C9674;;Female;46;Mumbai;;;;;user9673mail.com;;;Canada
;Simran;Female;;Hyderabad;;14/9/2023;2158.79;1;;;;Australia
;Ravi;Male;38;Mumbai;;16/11/2025;;1;;998152368;0998152368;USA
C9677;Ankit;Female;;Pune;7/8/2022;;1930.21;10;;;;USA
C9678;Rahul;Male;;Chennai;16/12/2022;12/10/2020;;1;;;;UK
C9679;;Male;;Pune;18/6/2022;;1124.26;2;user9678@mail.com;;;
C9680;Ravi;;18;Chennai;;;485.16;4;;;;USA
;;Male;20;Chennai;24/11/2025;7/11/2024;;1;;958787885;0958787885;Canada
C9682;Rahul;Male;;Pune;;;3105.17;10;user9681@mail.com;;;Australia
C9683;;Female;;Pune;;13/9/2020;;;;;;Australia
C9684;Simran;Male;;Delhi;24/12/2024;;;1;;;;USA
;Sneha;Male;;;24/12/2020;;;1;user9684mail.com;996318244;0996318244;Canada
C9686;Priya;Female;;Pune;;;;2;;;;Canada
C9687;;Female;;Ahmedabad;9/8/2021;;;10;;96881955;0096881955;UK
C9688;Neha;Female;;Chennai;1/2/2021;;2839.93;1;user9687mail.com;;;Australia
;Ravi;Female;;Hyderabad;1/6/2022;;;5;;;;Australia
C9690;Rahul;Female;;Kolkata;;;;1;user9689@mail.com;;;
C9691;Ravi;Male;;Ahmedabad;12/3/2022;28/6/2022;;;;;;USA
C9692;Simran;Female;;;10/10/2024;18/10/2024;;4;user9691mail.com;;;Australia
C9693;Amit;Female;;Chennai;;12/7/2022;;10;;;;Australia
C9694;Neha;Male;43;Bangalore;;;;1;user9693mail.com;;;UK
C9695;Neha;Female;50;Mumbai;;;336.15;10;user9694@mail.com;;;
C9696;;Male;67;Ahmedabad;;29/8/2020;;10;;;;Canada
C9697;Priya;Female;35;Pune;;;968.82;1;;;;USA
C9698;;Male;23;Chennai;;;;;;;;
C9699;Amit;Male;;;2/9/2023;17/6/2023;;10;;;;UK
C9700;Simran;Female;;Mumbai;7/2/2022;;;5;user9699mail.com;;;India
C9701;;Female;;;;;;5;;;;Canada
C9702;Neha;Male;;Chennai;;;;3;;93146125;0093146125;UK
C9703;Neha;Female;;Chennai;;10/3/2025;2713.92;;;;;
C9704;Ankit;;;Hyderabad;31/10/2022;17/7/2025;;;user9703@mail.com;9284819294;9284819294;USA
C9705;Kiran;Male;;Pune;24/6/2023;;;;;9193526678;9193526678;India
C9706;Rahul;Male;38;Ahmedabad;;;1565.52;5;;996413378;0996413378;India
C9707;;Female;21;Pune;17/8/2025;;;10;;;;Australia
C9708;Pooja;Female;45;;30/7/2025;;;1;;;;UK
;Kiran;Female;22;Bangalore;;;;1;;;;India
;Simran;Male;57;;9/7/2022;30/8/2024;1012.77;10;;;;India
C9711;Amit;;;Mumbai;7/5/2022;;;10;;9885464;0009885464;Australia
C9712;Pooja;Female;;Delhi;20/2/2024;;;;;;;Canada
C9713;;Female;;Hyderabad;;27/4/2022;;10;user9712@mail.com;;;USA
C9714;Priya;Female;21;Mumbai;;;;;;;;Canada
C9715;;Male;;Ahmedabad;;;3964.21;10;;9985762285;9985762285;Canada
C9716;Ravi;;65;;23/6/2021;30/7/2022;;1;user9715@mail.com;;;UK
;Ravi;;;Hyderabad;14/5/2021;;;4;user9716@mail.com;;;UK
C9718;;Male;;Kolkata;;;2623.22;;user9717mail.com;;;Canada
C9719;Amit;Female;23;Pune;25/2/2023;;;;;;;Canada
C9720;Pooja;;;Chennai;;15/8/2021;;1;user9719@mail.com;969549777;0969549777;Australia
C9721;Priya;Female;66;Ahmedabad;;;;10;user9720mail.com;;;
;Sneha;Male;;Kolkata;22/2/2024;;;4;;;;
C9723;Pooja;Male;33;;22/10/2023;;;;user9722@mail.com;;;Australia
C9724;Rahul;;;Mumbai;2/9/2020;;;10;;947792244;0947792244;Australia
C9725;Simran;Female;38;Mumbai;;19/2/2024;4441.52;1;user9724@mail.com;;;Australia
C9726;Ankit;Female;;Chennai;6/12/2020;;;3;user9725mail.com;;;USA
C9727;Sneha;Male;;Chennai;22/5/2021;10/3/2023;;10;user9726@mail.com;918222574;0918222574;USA
C9728;Sneha;Female;;Ahmedabad;;;;1;user9727mail.com;99536286;0099536286;Canada
C9729;Sneha;Male;60;Kolkata;24/8/2025;6/9/2023;1064.18;10;;;;Canada
C9730;Kiran;Female;20;Ahmedabad;29/4/2025;;;3;;;;
;Pooja;Male;;Kolkata;21/6/2023;;;3;user9730@mail.com;;;India
C9732;Kiran;Female;;Hyderabad;11/4/2021;12/5/2022;;2;user9731mail.com;;;
C9733;Ankit;Female;;Ahmedabad;;12/1/2024;;1;user9732@mail.com;974421599;0974421599;Australia
;Rahul;Male;;Bangalore;8/10/2025;;;10;user9733@mail.com;;;UK
C9735;Kiran;Female;;Bangalore;;;;;user9734@mail.com;;;USA
C9736;Kiran;Male;69;Mumbai;17/5/2024;;;;;;;USA
C9737;;Female;;Chennai;;;;;;9554177572;9554177572;
C9738;Amit;Female;50;Hyderabad;;26/9/2025;;1;user9737@mail.com;;;Australia
C9739;;;;Kolkata;7/10/2021;;;10;;;;Canada
C9740;;Female;;Kolkata;6/12/2024;26/8/2020;;10;;;;USA
;Pooja;;36;;;;;1;;;;India
C9742;Simran;Female;;Hyderabad;;;;1;user9741@mail.com;;;USA
C9743;Ankit;Male;;Mumbai;;22/9/2023;;1;;;;Australia
C9744;Rahul;Male;;Delhi;5/7/2024;;;;;9878557156;9878557156;UK
C9745;Pooja;Female;;Delhi;;;;10;user9744mail.com;;;UK
C9746;Rahul;Male;;Ahmedabad;;29/12/2023;;10;user9745@mail.com;;;Australia
C9747;Ankit;Female;36;Bangalore;4/8/2021;;202.66;3;user9746mail.com;;;UK
C9748;Rahul;Male;36;Mumbai;28/12/2025;;;1;;;;
C9749;Priya;;;Pune;12/3/2023;;;1;;;;USA
C9750;Priya;Female;18;Delhi;25/5/2022;;;1;user9749mail.com;;;Australia
C9751;Ankit;;;;;28/1/2021;680.53;4;user9750mail.com;;;USA
;Kiran;Female;;Chennai;;;;4;;;;India
C9753;;Male;;Chennai;;;323.56;10;;94783888;0094783888;Australia
C9754;Ravi;Female;;Hyderabad;24/8/2022;16/1/2023;;5;user9753mail.com;;;Australia
C9755;Sneha;Female;;Mumbai;;26/10/2025;;5;user9754mail.com;99752348;0099752348;USA
;Amit;Female;32;Hyderabad;26/11/2025;;;;user9755@mail.com;;;Canada
C9757;Pooja;Female;25;Ahmedabad;;20/10/2024;;;;955489733;0955489733;Australia
C9758;Simran;;;Pune;19/7/2021;;;1;user9757@mail.com;;;UK
;Amit;Female;;Chennai;;;;2;user9758@mail.com;983433913;0983433913;USA
C9760;Rahul;Male;36;Ahmedabad;29/12/2024;21/10/2020;;1;user9759mail.com;;;
C9761;Ankit;Female;26;Delhi;6/11/2020;13/5/2021;3501.21;1;user9760@mail.com;;;
C9762;Priya;;;Bangalore;;;;1;user9761@mail.com;;;Canada
C9763;Amit;Male;43;Chennai;;;;1;user9762mail.com;;;USA
C9764;Amit;;;Chennai;3/9/2025;;3671.83;5;user9763mail.com;9559369869;9559369869;
C9765;Ankit;Male;35;Mumbai;21/11/2025;;;10;user9764mail.com;;;UK
C9766;;;;Delhi;;;;2;user9765mail.com;956124258;0956124258;India
C9767;Simran;;;Ahmedabad;27/1/2021;;;10;user9766mail.com;;;USA
C9768;Pooja;Female;35;Kolkata;;21/4/2021;;2;user9767mail.com;9217687256;9217687256;Australia
;Rahul;Male;;Pune;20/12/2020;;;10;;;;USA
;;;62;Bangalore;1/3/2024;15/1/2022;;10;user9769@mail.com;;;India
;Priya;;;Bangalore;18/3/2022;;;;;;;Australia
C9772;Simran;Female;;Kolkata;;;;4;;9362143292;9362143292;UK
C9773;Amit;Male;;Bangalore;28/4/2022;;822.79;;;;;Canada
C9774;Amit;Male;;Chennai;3/6/2022;20/11/2024;;;user9773@mail.com;961592551;0961592551;India
C9775;Neha;Female;28;Ahmedabad;20/2/2022;;2811.69;10;user9774@mail.com;;;USA
C9776;;Male;;Mumbai;;3/2/2024;;5;;;;Canada
;;Male;;Ahmedabad;2/9/2022;;;5;user9776mail.com;;;UK
;Amit;Male;;Delhi;30/5/2022;;4310.68;;;;;
C9779;Pooja;;;Kolkata;30/7/2022;;;1;;;;Canada
C9780;Rahul;Male;;Pune;;;;;;;;UK
C9781;Neha;Male;;;2/2/2024;;;10;user9780mail.com;9212293232;9212293232;India
;Priya;Female;;Mumbai;;;1777.81;1;;952288953;0952288953;Australia
C9783;Amit;Male;;Mumbai;21/2/2021;1/1/2025;;10;;;;Australia
C9784;;;;Pune;;;;10;;9133249914;9133249914;UK
C9785;Rahul;Female;;Delhi;31/10/2023;;;1;;929532859;0929532859;Australia
C9786;Amit;Male;65;Ahmedabad;10/12/2022;;;4;;;;UK
C9787;Pooja;Female;;;6/12/2021;;;4;;;;Canada
;Neha;Male;;Delhi;25/3/2022;;;;;;;Canada
C9789;Pooja;Female;;Hyderabad;;;;;;;;USA
C9790;Priya;Male;;Kolkata;;;3364.96;;user9789@mail.com;;;Australia
;Neha;Male;;Kolkata;;;;;user9790mail.com;;;India
C9792;Ankit;;;Pune;;;;;;;;UK
C9793;Priya;;;Pune;19/2/2024;;2786.32;;;;;India
;Ankit;;;Pune;2/6/2024;14/8/2021;;2;;925588334;0925588334;Canada
C9795;Priya;Female;;Kolkata;;;;10;;978398319;0978398319;USA
C9796;Priya;Female;;Chennai;13/3/2022;;;4;user9795@mail.com;91754147;0091754147;Canada
C9797;Rahul;Female;;Pune;29/9/2025;6/1/2024;;1;;9244272578;9244272578;UK
C9798;Ravi;Female;;Pune;;;;;user9797@mail.com;9188743444;9188743444;
;Rahul;;;Hyderabad;;17/4/2022;;;user9798@mail.com;91383266;0091383266;USA
C9800;Neha;Male;;Mumbai;30/8/2021;16/4/2025;;10;user9799mail.com;;;
C9801;;Male;;Pune;12/11/2024;9/10/2021;;1;;;;Canada
C9802;Simran;Female;;Chennai;30/10/2024;;;1;user9801@mail.com;;;
;Ankit;Male;;Pune;;;;2;;9648817;0009648817;Australia
C9804;Kiran;Male;;Pune;7/12/2022;14/10/2020;1113.12;10;;;;UK
C9805;Kiran;Female;;Ahmedabad;;;4234.8;;;;;India
C9806;Rahul;Female;;Ahmedabad;5/11/2021;9/8/2022;;;user9805@mail.com;;;Canada
C9807;Pooja;Male;;Kolkata;;;;4;;;;Australia
;Priya;Female;;Bangalore;9/11/2022;;;;;;;USA
C9809;Rahul;Male;30;Chennai;;;4389.72;;;943914235;0943914235;India
C9810;;Female;;Delhi;29/11/2023;3/2/2025;;2;;;;USA
C9811;Pooja;Male;;Ahmedabad;3/10/2025;;2223;;user9810mail.com;;;Canada
C9812;Kiran;Female;;Ahmedabad;;24/4/2024;;;user9811@mail.com;;;USA
C9813;Ravi;Female;;Delhi;;;;;;;;Canada
C9814;Pooja;Female;;Hyderabad;20/9/2020;;;1;;;;Australia
C9815;Pooja;Male;;;27/8/2023;;3581.07;10;user9814mail.com;976155111;0976155111;
C9816;Ankit;Female;;Pune;;26/11/2022;;10;;;;Canada
C9817;Rahul;Female;;Delhi;;;;1;user9816mail.com;938925796;0938925796;Australia
;Pooja;Female;;Mumbai;;9/1/2026;;;;;;Canada
C9819;Pooja;;;;;;;;user9818@mail.com;9753641116;9753641116;Australia
C9820;Kiran;;38;Pune;;12/1/2024;1933.34;10;;;;UK
;Amit;Female;;Bangalore;21/9/2020;;;;user9820@mail.com;97221434;0097221434;India
C9822;Pooja;Female;;Bangalore;26/7/2025;11/3/2024;;;user9821mail.com;;;USA
;Rahul;Female;35;Hyderabad;;18/8/2020;;10;;98239627;0098239627;UK
C9824;;Female;;Delhi;;;;3;;;;UK
;Sneha;Female;;Bangalore;;5/10/2021;;4;user9824mail.com;;;
C9826;Ravi;Male;;Kolkata;12/2/2021;4/11/2020;856.15;2;user9825mail.com;;;Canada
C9827;Amit;;30;Delhi;1/11/2023;12/4/2021;585.13;1;user9826@mail.com;;;
C9828;Sneha;;;;;;1142.94;3;;;;Canada
C9829;;Male;;Mumbai;4/4/2024;23/1/2022;;1;;;;Australia
C9830;Priya;;32;Pune;11/4/2021;;;;user9829@mail.com;;;India
C9831;Kiran;Female;;Pune;;2/1/2026;;10;;;;UK
C9832;Simran;Female;;Chennai;;;;;;931284492;0931284492;Canada
C9833;Amit;Female;47;;;;;5;;;;UK
C9834;Pooja;;;Bangalore;;;4334.9;2;;9363536751;9363536751;Australia
C9835;;Female;;Delhi;7/6/2025;;;;user9834mail.com;9548879851;9548879851;
C9836;Sneha;;20;Pune;;27/7/2023;4414.42;1;;;;
;;Female;68;Ahmedabad;31/12/2024;;;4;user9836mail.com;;;Australia
C9838;Amit;Female;;Mumbai;;;;10;;;;India
C9839;Kiran;;;Bangalore;31/8/2021;;;1;user9838mail.com;;;India
C9840;Simran;Male;;Chennai;;11/7/2025;;1;;;;Australia
C9841;Sneha;Male;;Bangalore;;;;;user9840mail.com;;;Canada
;;Female;;Bangalore;;;3105.34;2;;9641197;0009641197;India
C9843;;Male;;Kolkata;;;;10;;9517949949;9517949949;Australia
;Sneha;Male;41;Pune;31/5/2023;;1516.22;10;user9843mail.com;;;USA
C9845;Pooja;Male;;;17/6/2021;;3474.49;10;user9844@mail.com;;;Canada
C9846;Sneha;;;Kolkata;7/1/2022;;;1;;;;Australia
C9847;Sneha;;63;;;12/1/2022;2051.68;1;user9846@mail.com;;;
C9848;Amit;Female;26;;15/10/2023;;;4;;;;India
C9849;Priya;Male;;Hyderabad;;;;10;user9848@mail.com;;;
C9850;;;;Mumbai;25/2/2023;7/4/2024;;1;user9849mail.com;983749876;0983749876;
C9851;Simran;;;Chennai;27/9/2024;;3319.93;1;user9850mail.com;9855674918;9855674918;
;Simran;Male;;Delhi;2/4/2022;27/9/2022;3491.56;1;;;;
;Amit;;;Mumbai;;;;1;user9852mail.com;;;Australia
C9854;Ravi;Female;;;17/1/2024;;;10;;;;
;Sneha;;;Kolkata;;;;1;;;;UK
C9856;Sneha;Female;68;Mumbai;;29/9/2021;;10;user9855@mail.com;;;
C9857;;Female;;Bangalore;;6/10/2024;;10;;;;Australia
C9858;;Male;;Bangalore;;;4112.4;10;;;;India
C9859;Rahul;;;Kolkata;;8/11/2021;;10;;;;USA
C9860;Ankit;Male;22;Mumbai;;23/8/2020;;5;user9859mail.com;;;
;Priya;;;Pune;;;;;user9860mail.com;95872514;0095872514;USA
C9862;;Male;64;Delhi;27/8/2020;;;10;user9861mail.com;;;UK
;Rahul;;32;Mumbai;30/6/2021;;;2;;979827133;0979827133;Australia
C9864;Pooja;Male;25;Mumbai;;9/5/2025;;10;user9863mail.com;;;USA
C9865;Ravi;Female;28;Mumbai;;;;10;;942165567;0942165567;India
;Rahul;;;Chennai;13/6/2024;4/10/2025;;;;;;USA
C9867;Rahul;Female;;Mumbai;;;160.31;;user9866mail.com;;;Canada
C9868;Amit;Male;;;;;;5;user9867mail.com;;;Canada
;Ankit;;;Kolkata;;;;4;user9868mail.com;;;USA
;Ankit;Male;;Ahmedabad;19/10/2022;;96.77;1;;;;Canada
C9871;Simran;Female;;Ahmedabad;;;585.15;1;;;;India
C9872;Priya;Female;56;Hyderabad;28/11/2024;;1566.3;10;;;;UK
;;Male;57;Chennai;;;;10;user9872mail.com;9322139643;9322139643;Canada
C9874;Ravi;;;Chennai;;;;10;user9873@mail.com;979577248;0979577248;Canada
C9875;Rahul;Male;;Chennai;2/11/2020;15/5/2022;;3;user9874mail.com;;;USA
;Priya;Male;51;Kolkata;;;;5;user9875@mail.com;;;
C9877;Neha;Male;50;Chennai;;19/8/2024;;10;user9876@mail.com;;;Canada
C9878;Sneha;Male;;;15/1/2024;2/8/2023;1940.44;10;user9877@mail.com;;;India
C9879;Sneha;Male;;Mumbai;26/9/2023;;;;user9878mail.com;9662449726;9662449726;India
C9880;Rahul;Male;;Chennai;;;;4;user9879@mail.com;;;USA
C9881;Sneha;Female;;Ahmedabad;30/3/2022;;;;user9880@mail.com;95362261;0095362261;India
C9882;Rahul;Female;23;Delhi;;;4202.31;1;user9881mail.com;;;Canada
C9883;Rahul;Male;;Ahmedabad;;;3264.66;;;931157739;0931157739;USA
C9884;Neha;Male;25;Kolkata;7/10/2022;;;1;user9883mail.com;;;USA
C9885;Priya;;;Mumbai;;;;1;user9884mail.com;;;
C9886;Simran;Male;49;Kolkata;7/10/2023;8/6/2024;3804.99;1;user9885mail.com;986922225;0986922225;Australia
;;Female;;Hyderabad;3/8/2025;;;1;;;;Australia
C9888;Kiran;Female;;Delhi;9/2/2024;;;5;user9887mail.com;92235561;0092235561;UK
;Amit;;19;Delhi;3/9/2024;;;1;user9888@mail.com;;;Australia
C9890;Kiran;Female;61;Bangalore;4/8/2022;10/5/2025;;10;;;;UK
C9891;Rahul;Female;;Chennai;17/5/2021;;;3;;;;
;Pooja;Female;;Chennai;13/1/2021;12/12/2024;;;user9891mail.com;;;UK
;Amit;Female;;Mumbai;;28/1/2023;;2;user9892mail.com;;;Canada
C9894;Neha;Female;;Ahmedabad;;19/10/2025;;10;user9893mail.com;;;UK
C9895;Priya;Male;;Ahmedabad;19/5/2023;31/3/2023;;;;935774152;0935774152;
C9896;;Male;;Hyderabad;14/5/2025;13/9/2024;;;user9895@mail.com;9366277341;9366277341;USA
C9897;Simran;Male;;Ahmedabad;31/10/2024;15/2/2025;;;;9786179197;9786179197;
C9898;Pooja;Female;;Delhi;;20/8/2020;;1;;;;Australia
C9899;Amit;Female;;Bangalore;25/12/2020;;159.56;3;;;;USA
C9900;Ankit;Male;;Kolkata;;;;5;;;;USA
C9901;Amit;Female;;Bangalore;16/4/2023;;;1;;;;
C9902;Ravi;Male;44;Delhi;22/9/2020;6/5/2023;;1;;97564322;0097564322;India
C9903;Kiran;Male;;Delhi;5/12/2024;;;1;;;;Australia
C9904;Amit;Female;;;16/10/2020;;;;user9903@mail.com;;;
C9905;Ankit;Male;;Kolkata;;30/4/2022;;5;;;;Australia
C9906;Kiran;Male;54;Pune;14/1/2023;;;1;;968738644;0968738644;USA
C9907;Pooja;;;;;;2491.17;4;;;;USA
C9908;Sneha;Female;;Kolkata;26/10/2025;6/12/2022;;2;;9151561652;9151561652;UK
C9909;Kiran;Male;;Kolkata;9/4/2024;29/3/2023;;5;;;;UK
C9910;Ankit;Female;;Ahmedabad;25/10/2023;25/8/2020;;1;;;;
;Priya;Male;;Ahmedabad;10/8/2021;;;1;;;;India
C9912;Neha;Male;;Hyderabad;;29/7/2022;;4;;947884534;0947884534;UK
C9913;Ankit;Male;23;Delhi;;;;5;user9912@mail.com;;;Australia
;;Female;;Kolkata;19/1/2024;;;;;9971484867;9971484867;UK
C9915;Rahul;Male;31;Chennai;;7/5/2022;234.66;1;;;;UK
C9916;Kiran;;;Hyderabad;5/8/2022;;819.04;10;user9915mail.com;;;Australia
C9917;Ankit;Male;;Pune;7/1/2025;;1580.01;10;user9916@mail.com;;;India
C9918;;Female;37;;;13/8/2023;;1;user9917@mail.com;;;India
C9919;Pooja;Male;60;Ahmedabad;;;;2;user9918@mail.com;;;Canada
C9920;Priya;Male;65;Bangalore;3/8/2024;;;1;user9919mail.com;;;
C9921;Neha;Female;;Mumbai;23/11/2020;;;10;user9920mail.com;;;India
C9922;;Male;;;;17/12/2023;;1;user9921mail.com;;;UK
;Ankit;Male;29;Kolkata;7/11/2025;;;2;;988688567;0988688567;Canada
C9924;;Male;;;25/6/2024;;;2;user9923@mail.com;;;Australia
C9925;Sneha;Female;28;Kolkata;21/10/2023;;;2;user9924mail.com;;;UK
;Ankit;Male;;Mumbai;;;;;;;;Canada
C9927;;Male;;;;28/8/2023;;4;user9926@mail.com;9552595832;9552595832;Canada
C9928;Amit;Male;50;Kolkata;14/9/2021;;;;user9927mail.com;;;Canada
C9929;Ravi;Male;;Chennai;26/10/2024;;;1;;;;UK
C9930;;Female;;Pune;;;;2;user9929@mail.com;;;Australia
C9931;;Male;;Chennai;12/6/2022;26/8/2024;;;;;;USA
;Amit;;;Ahmedabad;;6/2/2022;;5;;;;USA
;Sneha;Female;;Bangalore;10/4/2022;;;10;;9711765241;9711765241;
C9934;Sneha;Male;;Kolkata;26/9/2023;;;1;user9933@mail.com;;;UK
C9935;Rahul;Male;;;;;;1;user9934mail.com;;;UK
C9936;Amit;Female;;Hyderabad;2/12/2020;;;;;;;Canada
C9937;Priya;;;Mumbai;;;1463.21;1;;;;
C9938;Amit;;;;;3/4/2021;;4;user9937mail.com;;;UK
;Amit;Male;21;;;29/5/2024;;2;user9938mail.com;;;USA
C9940;;Male;;;;;;3;;;;USA
C9941;Sneha;Male;;;;;;10;;;;Canada
;Sneha;Male;22;Chennai;;4/10/2021;;3;user9941@mail.com;;;USA
C9943;Amit;Male;19;Delhi;;;1257.68;1;;;;Canada
C9944;Sneha;Female;;Hyderabad;23/6/2021;;;10;;954483573;0954483573;India
C9945;Sneha;Female;;Hyderabad;18/1/2025;;;1;user9944mail.com;;;Canada
C9946;;Female;;Bangalore;14/5/2021;;;;user9945mail.com;;;
C9947;Amit;Male;33;Delhi;8/2/2024;;4352.69;10;;;;
C9948;Pooja;Male;;Hyderabad;23/12/2020;14/10/2022;;1;;91841366;0091841366;Canada
C9949;Simran;Male;;Chennai;22/6/2021;;;;user9948mail.com;93154669;0093154669;Canada
C9950;Ankit;;;Ahmedabad;;;;10;user9949@mail.com;;;
C9951;Kiran;;;Mumbai;14/11/2025;;;3;;;;UK
;Pooja;Female;;Delhi;;;557.22;4;;;;UK
C9953;Ankit;Female;;Delhi;12/7/2021;;;;;9843147562;9843147562;USA
C9954;Sneha;Male;;Hyderabad;;;;;;;;USA
C9955;;Female;18;Hyderabad;14/6/2021;2/4/2023;2915.49;;user9954mail.com;;;India
C9956;Kiran;;;;;;2967.39;10;;;;
C9957;Ravi;Female;51;Hyderabad;;20/3/2025;;3;user9956@mail.com;92918187;0092918187;India
C9958;Kiran;;;Bangalore;;16/6/2023;;;user9957@mail.com;;;Canada
;Simran;Female;;Mumbai;;;;10;;;;USA
C9960;;Female;;Delhi;1/10/2024;;4690.79;;user9959mail.com;955268128;0955268128;Canada
;Ankit;;50;Mumbai;25/10/2024;4/12/2023;;10;;;;UK
C9962;Kiran;;;Bangalore;;;;4;;;;Australia
C9963;Priya;;;;;;;3;user9962@mail.com;;;Australia
C9964;;Male;;;;;;1;user9963mail.com;;;USA
C9965;Priya;Female;22;Hyderabad;;27/9/2020;;;;97196476;0097196476;Canada
C9966;;Female;;Chennai;;12/4/2022;;1;user9965@mail.com;;;UK
C9967;Ankit;Male;;Hyderabad;4/4/2024;;2019.69;10;;;;Canada
;Rahul;;;Hyderabad;;;;4;;;;
C9969;;Male;;Delhi;;30/5/2024;;10;user9968@mail.com;;;
;Simran;Female;;Bangalore;;27/4/2024;;;;;;Australia
C9971;Priya;Female;;Mumbai;;;;3;;93871484;0093871484;USA
C9972;Kiran;Female;29;Hyderabad;;19/4/2023;;2;;;;UK
C9973;Amit;;;Ahmedabad;;28/2/2025;;10;;;;India
C9974;Sneha;Male;;Mumbai;30/11/2024;23/10/2021;;10;user9973@mail.com;946915839;0946915839;Canada
C9975;Neha;Male;;Bangalore;8/6/2024;;104.02;;user9974@mail.com;;;Canada
C9976;Sneha;Female;;Bangalore;;18/4/2021;;;;9258331456;9258331456;
;Priya;Female;;Chennai;;;2387.43;;user9976@mail.com;;;Canada
C9978;Ravi;Male;;Hyderabad;15/8/2024;23/6/2024;;1;;;;
C9979;Simran;Female;;;7/10/2021;;1350.72;1;;;;UK
C9980;;Male;;Kolkata;;2/9/2022;;2;user9979@mail.com;;;UK
C9981;Priya;;;Delhi;17/2/2025;25/10/2023;2829.14;1;;962354512;0962354512;Australia
;Pooja;Male;;Bangalore;6/3/2023;;;10;user9981mail.com;9812554122;9812554122;UK
;Ankit;Male;68;Delhi;;;;1;;;;Australia
C9984;Rahul;;39;Chennai;;;;1;;963785785;0963785785;India
C9985;Amit;;27;Kolkata;;;;;user9984@mail.com;;;Australia
C9986;Ankit;;;;27/3/2023;21/11/2020;3796.11;;;964896372;0964896372;USA
C9987;Priya;Male;51;Ahmedabad;;5/8/2021;;3;user9986@mail.com;;;Australia
C9988;Neha;Female;;;;;;;;;;
C9989;Ravi;Male;61;Bangalore;;;;1;user9988@mail.com;;;
C9990;Priya;Male;58;Chennai;;14/3/2023;;;user9989@mail.com;;;UK
C9991;Amit;;53;;31/8/2023;;;1;;9198535611;9198535611;USA
C9992;Sneha;Female;;Bangalore;;;;;;;;USA
C9993;Ravi;Male;37;;;8/8/2025;;3;user9992@mail.com;989133115;0989133115;Australia
C9994;Rahul;Female;;Delhi;18/6/2024;;;;user9993mail.com;;;USA
;Pooja;Male;23;Delhi;26/2/2022;;851.75;1;;9882653563;9882653563;Australia
C9996;;Male;;Delhi;;17/9/2020;;10;;96698682;0096698682;UK
;Ankit;Female;;Chennai;;23/3/2022;;5;;;;USA
C9998;;Female;35;Kolkata;24/5/2022;;;1;;;;USA
;Pooja;Female;24;Chennai;;;;1;user9998mail.com;9716472962;9716472962;UK
C10000;Kiran;Female;;Hyderabad;3/7/2022;21/3/2025;2254.23;;user9999mail.com;;;USA
